no,nama_barang,kategori,kode_barang
1,Aset,Aset,1.0.0.00.00.00.000
2,ASET TETAP,ASET TETAP,1.3.0.00.00.00.000
3,TANAH,TANAH,1.3.1.00.00.00.000
4,TANAH,TANAH,1.3.1.01.00.00.000
5,TANAH PERSIL,TANAH,1.3.1.01.01.00.000
6,TANAH BANGUNAN PERUMAHAN/G.TEMPAT TINGGAL,TANAH,1.3.1.01.01.01.000
7,Tanah Bangunan Rumah Negara Golongan I,TANAH,1.3.1.01.01.01.001
8,Tanah Bangunan Rumah Negara Golongan II,TANAH,1.3.1.01.01.01.002
9,Tanah Bangunan Rumah Negara Golongan III,TANAH,1.3.1.01.01.01.003
10,Tanah Bangunan Rumah Negara Tanpa Golongan,TANAH,1.3.1.01.01.01.004
11,Tanah Bangunan Mess/Wisma/Asrama,TANAH,1.3.1.01.01.01.005
12,Tanah Bangunan Peristirahatan/Bungalaow/Cottage,TANAH,1.3.1.01.01.01.006
13,Tanah Bangunan Rumah Penjaga,TANAH,1.3.1.01.01.01.007
14,Tanah Bangunan Rumah LP,TANAH,1.3.1.01.01.01.008
15,Tanah Bangunan Rumah Tahanan/Rutan,TANAH,1.3.1.01.01.01.009
16,Tanah Bangunan Flat/Rumah Susun,TANAH,1.3.1.01.01.01.010
17,Tanah Kaveling Tanah Matang,TANAH,1.3.1.01.01.01.011
18,Tanah Kaveling (dst),TANAH,1.3.1.01.01.01.012
19,TANAH UNTUK BANGUNAN GED.PERDAGANGAN/PERUSAHAAN,TANAH,1.3.1.01.01.02.000
20,Tanah Bangunan Pasar,TANAH,1.3.1.01.01.02.001
21,Tanah Bangunan Pertokoan/Rumah Toko/Koperasi,TANAH,1.3.1.01.01.02.002
22,Tanah Bangunan Gudang,TANAH,1.3.1.01.01.02.003
23,Tanah Bangunan Stasiun Kereta Api,TANAH,1.3.1.01.01.02.004
24,Tanah Bangunan Bioskop,TANAH,1.3.1.01.01.02.005
25,Tanah Bangunan Hotel/Penginapan/Motel,TANAH,1.3.1.01.01.02.006
26,Tanah Bangunan Terminal Darat,TANAH,1.3.1.01.01.02.007
27,Tanah Bangunan Terminal Laut,TANAH,1.3.1.01.01.02.008
28,Tanah Bangunan Terminal Udara,TANAH,1.3.1.01.01.02.009
29,Tanah Bangunan Gedung Kesenian,TANAH,1.3.1.01.01.02.010
30,Tanah Bangunan Gedung Pameran,TANAH,1.3.1.01.01.02.011
31,Tanah Bangunan Gedung Pusat Perbelanjaan,TANAH,1.3.1.01.01.02.012
32,Tanah Bangunan Apotik,TANAH,1.3.1.01.01.02.013
33,Tanah Bangunan Garasi/Pool,TANAH,1.3.1.01.01.02.014
34,Tanah Bangunan Perdagangan lainnya (dst),TANAH,1.3.1.01.01.02.015
35,TANAH UNTUK BANGUNAN INDUSTRI,TANAH,1.3.1.01.01.03.000
36,Tanah Bangunan Industri Makanan,TANAH,1.3.1.01.01.03.001
37,Tanah Bangunan Industri Minuman,TANAH,1.3.1.01.01.03.002
38,Tanah Bangunan Industri Alat RT,TANAH,1.3.1.01.01.03.003
39,Tanah Bangunan Industri Pakaian/Garment,TANAH,1.3.1.01.01.03.004
40,Tanah Bangunan Industri Baja/Besi/Logam,TANAH,1.3.1.01.01.03.005
41,Tanah Bangunan Industri Pengemasan,TANAH,1.3.1.01.01.03.006
42,Tanah Bangunan Industri Bengkel,TANAH,1.3.1.01.01.03.007
43,Tanah Bangunan Industri Penyulingan Minyak,TANAH,1.3.1.01.01.03.008
44,Tanah Bangunan Industri Kimia Dan Pupuk,TANAH,1.3.1.01.01.03.009
45,Tanah Bangunan Industri Obat-Obatan,TANAH,1.3.1.01.01.03.010
46,Tanah Bangunan Industri Semen,TANAH,1.3.1.01.01.03.011
47,Tanah Bangunan Industri Batu-Bata/Batako,TANAH,1.3.1.01.01.03.012
48,Tanah Bangunan Industri Genteng,TANAH,1.3.1.01.01.03.013
49,Tanah Bangunan Industri Percetakan,TANAH,1.3.1.01.01.03.014
50,Tanah Bangunan Industri Tekstil,TANAH,1.3.1.01.01.03.015
51,Tanah Bangunan Industri Alat Olah Raga,TANAH,1.3.1.01.01.03.016
52,Tanah Bangunan Industri Kendaraan/Otomotif,TANAH,1.3.1.01.01.03.017
53,Tanah Bangunan Industri Persenjataan,TANAH,1.3.1.01.01.03.018
54,Tanah Bangunan Industri Kapal Udara,TANAH,1.3.1.01.01.03.019
55,Tanah Bangunan Industri Kapal Laut,TANAH,1.3.1.01.01.03.020
56,Tanah Bangunan Industri Kereta Api,TANAH,1.3.1.01.01.03.021
57,Tanah Bangunan Industri Keramik/Marmer,TANAH,1.3.1.01.01.03.022
58,Tanah Untuk Bangunan Pabrik Es,TANAH,1.3.1.01.01.03.023
59,Tanah Bangunan Industri lainnya (dst),TANAH,1.3.1.01.01.03.024
60,TANAH UNTUK BANGUNAN TEMPAT KERJA,TANAH,1.3.1.01.01.04.000
61,Tanah Bangunan Kantor Pemerintah,TANAH,1.3.1.01.01.04.001
62,Tanah Bangunan Pendidikan Dan Latihan,TANAH,1.3.1.01.01.04.002
63,Tanah Bangunan Rumah Sakit,TANAH,1.3.1.01.01.04.003
64,Tanah Bangunan Balai Sidang/Pertemuan,TANAH,1.3.1.01.01.04.004
65,Tanah Bangunan Balai Nikah,TANAH,1.3.1.01.01.04.005
66,Tanah Bangunan Puskesmas/Posyandu,TANAH,1.3.1.01.01.04.006
67,Tanah Bangunan Poliklinik,TANAH,1.3.1.01.01.04.007
68,Tanah Bangunan Laboratorium,TANAH,1.3.1.01.01.04.008
69,Tanah Bangunan Fumigasi/Sterilisasi,TANAH,1.3.1.01.01.04.009
70,Tanah Bangunan Karantina,TANAH,1.3.1.01.01.04.010
71,Tanah Bangunan Bangsal Pengolahan/Pondok Kerja,TANAH,1.3.1.01.01.04.011
72,Tanah Bangunan Kandang Hewan,TANAH,1.3.1.01.01.04.012
73,Tanah Bangunan Bangunan Pembibitan,TANAH,1.3.1.01.01.04.013
74,Tanah Bangunan Rumah Pendingin,TANAH,1.3.1.01.01.04.014
75,Tanah Bangunan Rumah Pengeringan,TANAH,1.3.1.01.01.04.015
76,Tanah Bangunan Stasiun Penelitian,TANAH,1.3.1.01.01.04.016
77,Tanah Bangunan Gedung Pelelangan Ikan,TANAH,1.3.1.01.01.04.017
78,Tanah Bangunan Pos Jaga/Menara Jaga,TANAH,1.3.1.01.01.04.018
79,"Tanah Bangunan Menara Pengawas/Tower/Lalu Lintas Darat,Laut,Udara",TANAH,1.3.1.01.01.04.019
80,Tanah Bangunan Gedung Perpustakaan,TANAH,1.3.1.01.01.04.020
81,Tanah Bangunan Gedung Pengujian Kelaikan,TANAH,1.3.1.01.01.04.021
82,Tanah Bangunan Gedung Oceanorium/Ebservatorium,TANAH,1.3.1.01.01.04.022
83,Tanah Bangunan Gedung Pemotongan Hewan,TANAH,1.3.1.01.01.04.023
84,Tanah Bangunan Gedung Pembakaran Bangkai Hewan,TANAH,1.3.1.01.01.04.024
85,Tanah Bangunan Perawatan Kereta Api (Depo),TANAH,1.3.1.01.01.04.025
86,Tanah Bangunan Tempat Kerja Lainnya (dst),TANAH,1.3.1.01.01.04.026
87,TANAH UNTUK BANGUNAN GEDUNG SARANA OLAH RAGA,TANAH,1.3.1.01.01.05.000
88,Tanah Untuk Bangunan Sarana Olah Raga Tertutup,TANAH,1.3.1.01.01.05.001
89,Tanah Untuk Bangunan Gedung Sarana Olah Raga Terbuka,TANAH,1.3.1.01.01.05.002
90,Tanah Untuk Bangunan Gedung Sarana Olah Raga Lainnya (dst),TANAH,1.3.1.01.01.05.003
91,TANAH UNTUK BANGUNAN TEMPAT IBADAH,TANAH,1.3.1.01.01.06.000
92,Tanah Untuk Bangunan Masjid,TANAH,1.3.1.01.01.06.001
93,Tanah Untuk Bangunan Gereja,TANAH,1.3.1.01.01.06.002
94,Tanah Untuk Bangunan Pura,TANAH,1.3.1.01.01.06.003
95,Tanah Untuk Bangunan Vihara,TANAH,1.3.1.01.01.06.004
96,Tanah Untuk Bangunan Klenteng/Kuil,TANAH,1.3.1.01.01.06.005
97,Tanah Untuk Bangunan Krematorium,TANAH,1.3.1.01.01.06.006
98,Tanah Untuk Bangunan Ibadah Lainnya,TANAH,1.3.1.01.01.06.007
99,TANAH PERSIL LAINNYA,TANAH,1.3.1.01.01.07.000
100,Tanah Persil Lainnya,TANAH,1.3.1.01.01.07.001
101,TANAH NON PERSIL,TANAH,1.3.1.01.02.00.000
102,TANAH BASAH,TANAH,1.3.1.01.02.01.000
103,Tanah Rawa,TANAH,1.3.1.01.02.01.001
104,Tanah Danau/Situ/Embung,TANAH,1.3.1.01.02.01.002
105,Tanah Tambak/Empang/Kolam Ikan/Akuarium,TANAH,1.3.1.01.02.01.003
106,Tanah Waduk,TANAH,1.3.1.01.02.01.004
107,Tanah Sawah Irigasi,TANAH,1.3.1.01.02.01.005
108,Tanah Aliran Sungai,TANAH,1.3.1.01.02.01.006
109,Tanah Muara,TANAH,1.3.1.01.02.01.007
110,Daerah Aliran Sungai (DAS),TANAH,1.3.1.01.02.01.008
111,Daerah Sempadan Sumber Air,TANAH,1.3.1.01.02.01.009
112,Tanah Basah Lainnya,TANAH,1.3.1.01.02.01.010
113,TANAH KERING,TANAH,1.3.1.01.02.02.000
114,Tanah Tegalan,TANAH,1.3.1.01.02.02.001
115,Tanah Kosong Yang Sudah Diperuntukkan,TANAH,1.3.1.01.02.02.002
116,Tanah Hasil Reklamasi,TANAH,1.3.1.01.02.02.003
117,Tanah Kering Lainnya,TANAH,1.3.1.01.02.02.004
118,TANAH PERKEBUNAN,TANAH,1.3.1.01.02.03.000
119,Tanah Kebun Entres,TANAH,1.3.1.01.02.03.001
120,Tanah Kebun Induk,TANAH,1.3.1.01.02.03.002
121,Tanah Kebun Percobaan,TANAH,1.3.1.01.02.03.003
122,Tanah Perkebunan Lainnya,TANAH,1.3.1.01.02.03.004
123,TANAH HUTAN,TANAH,1.3.1.01.02.04.000
124,Tanah Hutan Produksi,TANAH,1.3.1.01.02.04.001
125,Tanah Hutan Cadangan,TANAH,1.3.1.01.02.04.002
126,Tanah Hutan Lindung,TANAH,1.3.1.01.02.04.003
127,Tanah Hutan Cagar Alam,TANAH,1.3.1.01.02.04.004
128,Tanah Hutan Wisata,TANAH,1.3.1.01.02.04.005
129,Tanah Hutan Taman Burung,TANAH,1.3.1.01.02.04.006
130,Tanah Hutan Suaka Marga Satwa,TANAH,1.3.1.01.02.04.007
131,Tanah Hutan Taman Nasional,TANAH,1.3.1.01.02.04.008
132,Tanah Hutan Diklat,TANAH,1.3.1.01.02.04.009
133,Tanah Hutan lainnya,TANAH,1.3.1.01.02.04.010
134,TANAH TANDUS,TANAH,1.3.1.01.02.05.000
135,Tanah Tandus Berbatu-Batu,TANAH,1.3.1.01.02.05.001
136,Tanah Tandus Bekas Tambang/Galian,TANAH,1.3.1.01.02.05.002
137,Tanah Tandus Berpasir/Pasir,TANAH,1.3.1.01.02.05.003
138,Tanah Tandus Pengambilan/Kuari,TANAH,1.3.1.01.02.05.004
139,Tanah Tandus lainnya,TANAH,1.3.1.01.02.05.005
140,TANAH PADANG ALANG-ALANG/RUMPUT,TANAH,1.3.1.01.02.06.000
141,Tanah Padang Alang-Alang,TANAH,1.3.1.01.02.06.001
142,Tanah Padang Rumput,TANAH,1.3.1.01.02.06.002
143,Tanah Padang Semak Belukar,TANAH,1.3.1.01.02.06.003
144,Tanah Padang lainnya,TANAH,1.3.1.01.02.06.004
145,TANAH PERTANIAN,TANAH,1.3.1.01.02.07.000
146,Tanah Usaha,TANAH,1.3.1.01.02.07.001
147,Tanah Pertanian lainnya,TANAH,1.3.1.01.02.07.002
148,TANAH PERTAMBANGAN,TANAH,1.3.1.01.02.08.000
149,Intan,TANAH,1.3.1.01.02.08.001
150,Emas,TANAH,1.3.1.01.02.08.002
151,Perak,TANAH,1.3.1.01.02.08.003
152,Nikel,TANAH,1.3.1.01.02.08.004
153,Timah,TANAH,1.3.1.01.02.08.005
154,Uranium,TANAH,1.3.1.01.02.08.006
155,Tembaga,TANAH,1.3.1.01.02.08.007
156,Minyak Bumi,TANAH,1.3.1.01.02.08.008
157,Batu Bara,TANAH,1.3.1.01.02.08.009
158,Koslin,TANAH,1.3.1.01.02.08.010
159,Batu Bara Berharga,TANAH,1.3.1.01.02.08.011
160,Pasir Berharga,TANAH,1.3.1.01.02.08.012
161,Tanah tambang lainnya,TANAH,1.3.1.01.02.08.013
162,TANAH NON PERSIL LAINNYA,TANAH,1.3.1.01.02.09.000
163,tanah non persil lainnya lainnya (dst),TANAH,1.3.1.01.02.09.001
164,LAPANGAN,TANAH,1.3.1.01.03.00.000
165,TANAH LAPANGAN OLAH RAGA,TANAH,1.3.1.01.03.01.000
166,Tanah Lapangan Tenis,TANAH,1.3.1.01.03.01.001
167,Tanah Lapangan Basket,TANAH,1.3.1.01.03.01.002
168,Tanah Lapangan Badminton/Bulutangkis,TANAH,1.3.1.01.03.01.003
169,Tanah Lapangan Golf,TANAH,1.3.1.01.03.01.004
170,Tanah Lapangan Sepak Bola,TANAH,1.3.1.01.03.01.005
171,Tanah Lapangan Bola Volly,TANAH,1.3.1.01.03.01.006
172,Tanah Lapangan Sepak Takraw,TANAH,1.3.1.01.03.01.007
173,Tanah Lapangan Pacuan Kuda,TANAH,1.3.1.01.03.01.008
174,Tanah Lapangan Balap Sepeda,TANAH,1.3.1.01.03.01.009
175,Tanah Lapangan Atletik,TANAH,1.3.1.01.03.01.010
176,Tanah Lapangan Softball,TANAH,1.3.1.01.03.01.011
177,Tanah Lapangan Hockey,TANAH,1.3.1.01.03.01.012
178,Tanah Lapangan Balap Mobil,TANAH,1.3.1.01.03.01.013
179,Tanah Lapangan Balap Motor,TANAH,1.3.1.01.03.01.014
180,Tanah Lapangan Renang,TANAH,1.3.1.01.03.01.015
181,Tanah Lapangan Futsal,TANAH,1.3.1.01.03.01.016
182,Tanah Lapangan Senam,TANAH,1.3.1.01.03.01.017
183,Tanah Lapangan Bela  Diri,TANAH,1.3.1.01.03.01.018
184,Tanah Lapangan Polo Air,TANAH,1.3.1.01.03.01.019
185,Tanah Lapangan Hokki,TANAH,1.3.1.01.03.01.020
186,Tanah Lapangan Tembak,TANAH,1.3.1.01.03.01.021
187,Tanah Lapangan Halang Rintang,TANAH,1.3.1.01.03.01.022
188,Tanah Lapangan Tembak Senjata Berat,TANAH,1.3.1.01.03.01.023
189,Tanah Lapangan Tembak Darat ke Udara,TANAH,1.3.1.01.03.01.024
190,Tanah Lapangan Lainnya,TANAH,1.3.1.01.03.01.025
191,TANAH LAPANGAN PARKIR,TANAH,1.3.1.01.03.02.000
192,Tanah Lapangan Parkir Konstruksi Beton,TANAH,1.3.1.01.03.02.001
193,Tanah Lapangan Parkir Konstruksi Aspal,TANAH,1.3.1.01.03.02.002
194,Tanah Lapangan Parkir Sirtu (Pasir Batu),TANAH,1.3.1.01.03.02.003
195,Tanah Lapangan Parkir Konblok,TANAH,1.3.1.01.03.02.004
196,Tanah Lapangan Parkir Tanah Keras,TANAH,1.3.1.01.03.02.005
197,Tanah Lapangan Apel/Upacara,TANAH,1.3.1.01.03.02.006
198,Tanah Lapangan lainnya,TANAH,1.3.1.01.03.02.007
199,TANAH LAPANGAN PENIMBUNAN BARANG,TANAH,1.3.1.01.03.03.000
200,Tanah Lapangan Penimbunan Barang Belum Diolah,TANAH,1.3.1.01.03.03.001
201,Tanah Lapangan Penimbunan Barang Jadi,TANAH,1.3.1.01.03.03.002
202,Tanah Lapangan Penimbunan Pembuangan Sampah,TANAH,1.3.1.01.03.03.003
203,Tanah Lapangan Penimbunan Bahan Bangunan,TANAH,1.3.1.01.03.03.004
204,Tanah Lapangan Penimbunan Barang Bukti,TANAH,1.3.1.01.03.03.005
205,Tanah Lapangan Penimbunan Barang Lainnya,TANAH,1.3.1.01.03.03.006
206,Tanah Lapangan Penimbunan Barang Konstruksi Beton,TANAH,1.3.1.01.03.03.007
207,Tanah Lapangan Penimbunan Barang Konstruksi Aspal,TANAH,1.3.1.01.03.03.008
208,Tanah Lapangan Penimbunan Barang Konstruksi Tanah,TANAH,1.3.1.01.03.03.009
209,tanah lapangan penimbunan barang lainnya (dst),TANAH,1.3.1.01.03.03.010
210,TANAH LAPANGAN PEMANCAR DAN STUDIO ALAM,TANAH,1.3.1.01.03.04.000
211,Tanah Lapangan Pemancar TV/Radio/Radar,TANAH,1.3.1.01.03.04.001
212,Tanah Lapangan Studio Alam,TANAH,1.3.1.01.03.04.002
213,Tanah lapangan pemancar dan studio alam Lainnya,TANAH,1.3.1.01.03.04.003
214,TANAH LAPANGAN PENGUJIAN/PENGOLAHAN,TANAH,1.3.1.01.03.05.000
215,Tanah Lapangan Pengujian Kendaraan Bermotor,TANAH,1.3.1.01.03.05.001
216,Tanah Lapangan Pengolahan Bahan Bangunan,TANAH,1.3.1.01.03.05.002
217,tanah lapangan pengujian/pengolahan lainnya (dst),TANAH,1.3.1.01.03.05.003
218,TANAH LAPANGAN TERBANG,TANAH,1.3.1.01.03.06.000
219,Tanah Lapangan Terbang Perintis,TANAH,1.3.1.01.03.06.001
220,Tanah Lapangan Terbang Komersial,TANAH,1.3.1.01.03.06.002
221,Tanah Lapangan Terbang Khusus/Militer,TANAH,1.3.1.01.03.06.003
222,Tanah Lapangan Terbang Olah Raga,TANAH,1.3.1.01.03.06.004
223,Tanah Lapangan Terbang Pendidikan,TANAH,1.3.1.01.03.06.005
224,Tanah Lapangan Terbang Latihan Penerjunan,TANAH,1.3.1.01.03.06.006
225,Tanah Lapangan Tembak Udara (Air Weapon Range/AWR),TANAH,1.3.1.01.03.06.007
226,Tanah Lapangan Terbang lainnya,TANAH,1.3.1.01.03.06.008
227,TANAH UNTUK JALAN,TANAH,1.3.1.01.03.07.000
228,Tanah Untuk Jalan Nasional,TANAH,1.3.1.01.03.07.001
229,Tanah Untuk Jalan Propinsi,TANAH,1.3.1.01.03.07.002
230,Tanah Untuk Jalan Kabupaten,TANAH,1.3.1.01.03.07.003
231,Tanah Untuk Jalan Kotamadya,TANAH,1.3.1.01.03.07.004
232,Tanah Untuk Jalan Desa,TANAH,1.3.1.01.03.07.005
233,Tanah Untuk Jalan Tol,TANAH,1.3.1.01.03.07.006
234,Tanah Untuk Jalan Kereta Api/Lori,TANAH,1.3.1.01.03.07.007
235,Tanah Untuk Jalan Landasan Pacu Pesawat Terbang,TANAH,1.3.1.01.03.07.008
236,Tanah Untuk Jalan Khusus/Komplek,TANAH,1.3.1.01.03.07.009
237,Tanah Untuk Jembatan,TANAH,1.3.1.01.03.07.010
238,Tanah untuk Jalan lainnya,TANAH,1.3.1.01.03.07.011
239,TANAH UNTUK BANGUNAN AIR,TANAH,1.3.1.01.03.08.000
240,Tanah Untuk Bangunan Air Irigasi,TANAH,1.3.1.01.03.08.001
241,Tanah Untuk Bangunan Pengairan Pasang Surut,TANAH,1.3.1.01.03.08.002
242,Tanah Untuk Bangunan Pengembangan Rawa Dan Polder,TANAH,1.3.1.01.03.08.003
243,Tanah Untuk Bangunan Pengaman Sungai Dan Penanggulangan Bencana Alam,TANAH,1.3.1.01.03.08.004
244,Tanah Untuk Bangunan Pengembangan Sumber Air Dan Air Tanah,TANAH,1.3.1.01.03.08.005
245,Tanah Untuk Bangunan Air Bersih/Air Baku,TANAH,1.3.1.01.03.08.006
246,Tanah Untuk Bangunan Air Kotor,TANAH,1.3.1.01.03.08.007
247,Tanah Untuk Bangunan Hatchery,TANAH,1.3.1.01.03.08.008
248,Tanah Bangunan Air lainnya,TANAH,1.3.1.01.03.08.009
249,TANAH UNTUK BANGUNAN INSTALASI,TANAH,1.3.1.01.03.09.000
250,Tanah Untuk Bangunan Instalasi Air Bersih/Air Baku,TANAH,1.3.1.01.03.09.001
251,Tanah Untuk Bangunan Instalasi Air Kotor/Air Limbah,TANAH,1.3.1.01.03.09.002
252,Tanah Untuk Bangunan Instalasi Pengolahan Sampah,TANAH,1.3.1.01.03.09.003
253,Tanah Untuk Bangunan Instalasi Pengolahan Bahan Bangunan,TANAH,1.3.1.01.03.09.004
254,Tanah Untuk Bangunan Instalasi Listrik,TANAH,1.3.1.01.03.09.005
255,Tanah Untuk Bangunan Instalasi Gardu Listrik,TANAH,1.3.1.01.03.09.006
256,Tanah Untuk Bangunan Instalasi Pengolahan Limbah,TANAH,1.3.1.01.03.09.007
257,Tanah Untuk Bangunan Instalasi Pertahanan,TANAH,1.3.1.01.03.09.008
258,Tanah Untuk Bangunan Instalasi lainnya,TANAH,1.3.1.01.03.09.009
259,TANAH UNTUK BANGUNAN JARINGAN,TANAH,1.3.1.01.03.10.000
260,Tanah Untuk Bangunan Jaringan Air Bersih/Air Baku,TANAH,1.3.1.01.03.10.001
261,Tanah Untuk Bangunan Jaringan Komunikasi,TANAH,1.3.1.01.03.10.002
262,Tanah Untuk Bangunan Jaringan Listrik,TANAH,1.3.1.01.03.10.003
263,Tanah Untuk Bangunan Jaringan Gas/BBM,TANAH,1.3.1.01.03.10.004
264,tanah untuk bangunan jaringan lainnya (dst),TANAH,1.3.1.01.03.10.005
265,TANAH UNTUK BANGUNAN BERSEJARAH,TANAH,1.3.1.01.03.11.000
266,Tanah Untuk Monumen,TANAH,1.3.1.01.03.11.001
267,Tanah Untuk Tugu Peringatan,TANAH,1.3.1.01.03.11.002
268,Tanah Untuk Tugu Batas Wilayah,TANAH,1.3.1.01.03.11.003
269,Tanah Untuk Candi,TANAH,1.3.1.01.03.11.004
270,Tanah Untuk Bangunan Museum,TANAH,1.3.1.01.03.11.005
271,Tanah Untuk Bangunan Rumah Adat,TANAH,1.3.1.01.03.11.006
272,Tanah Bangunan Bersejarah lainnya,TANAH,1.3.1.01.03.11.007
273,TANAH UNTUK MAKAM,TANAH,1.3.1.01.03.12.000
274,Tanah Untuk Makam Pahlawan,TANAH,1.3.1.01.03.12.001
275,Tanah Untuk Makam Muslim,TANAH,1.3.1.01.03.12.002
276,Tanah Untuk Makam Kristen,TANAH,1.3.1.01.03.12.003
277,Tanah Untuk Makam Hindu/Budha/China,TANAH,1.3.1.01.03.12.004
278,Tanah Untuk Makam Umum,TANAH,1.3.1.01.03.12.005
279,Tanah Untuk Makam Bersejarah,TANAH,1.3.1.01.03.12.006
280,Tanah Untuk Makam lainnya,TANAH,1.3.1.01.03.12.007
281,TANAH UNTUK TAMAN,TANAH,1.3.1.01.03.13.000
282,Tanah Lapangan Taman Peralatan Perambuan Pantai,TANAH,1.3.1.01.03.13.001
283,Tanah Lapangan Taman Peralatan Meteo dan Geofisika,TANAH,1.3.1.01.03.13.002
284,Tanah Lapangan Taman lainnya,TANAH,1.3.1.01.03.13.003
285,TANAH UNTUK LATIHAN,TANAH,1.3.1.01.03.14.000
286,Tanah Untuk Latihan Tempur,TANAH,1.3.1.01.03.14.001
287,Tanah untuk latihan lainnya,TANAH,1.3.1.01.03.14.002
288,TANAH DAERAH PERTAHANAN,TANAH,1.3.1.01.03.15.000
289,Tanah Untuk Pertahanan Pantai,TANAH,1.3.1.01.03.15.001
290,Tanah Untuk Benteng Pertahanan,TANAH,1.3.1.01.03.15.002
291,Tanah Daerah Pertahanan Pos PAMTAS,TANAH,1.3.1.01.03.15.003
292,tanah daerah pertahanan lainnya (dst),TANAH,1.3.1.01.03.15.004
293,TANAH LAPANGAN PBB,TANAH,1.3.1.01.03.16.000
294,Tanah Lapangan Untuk Parade / Devile,TANAH,1.3.1.01.03.16.001
295,tanah lapangan pbb lainnya (dst),TANAH,1.3.1.01.03.16.002
296,TANAH KAMPUNG,TANAH,1.3.1.01.03.17.000
297,Tanah Kampung,TANAH,1.3.1.01.03.17.001
298,tanah kampung lainnya (dst),TANAH,1.3.1.01.03.17.002
299,EMPLASMENT,TANAH,1.3.1.01.03.18.000
300,Emplasment,TANAH,1.3.1.01.03.18.001
301,emplasment lainnya (dst),TANAH,1.3.1.01.03.18.002
302,LAPANGAN LAINNYA,TANAH,1.3.1.01.03.19.000
303,lapangan lainnya lainnya (dst),TANAH,1.3.1.01.03.19.001
304,PERALATAN DAN MESIN,PERALATAN DAN MESIN,1.3.2.00.00.00.000
305,ALAT BESAR,PERALATAN DAN MESIN,1.3.2.01.00.00.000
306,ALAT BESAR DARAT,PERALATAN DAN MESIN,1.3.2.01.01.00.000
307,TRACTOR,PERALATAN DAN MESIN,1.3.2.01.01.01.000
308,Crawler Tractor + Attachment,PERALATAN DAN MESIN,1.3.2.01.01.01.001
309,Wheel Tractor + Attachment,PERALATAN DAN MESIN,1.3.2.01.01.01.002
310,Swamp Tractor + Attachment,PERALATAN DAN MESIN,1.3.2.01.01.01.003
311,Prime Mower,PERALATAN DAN MESIN,1.3.2.01.01.01.004
312,Aircraft Towing Tractor,PERALATAN DAN MESIN,1.3.2.01.01.01.005
313,Towing Bar,PERALATAN DAN MESIN,1.3.2.01.01.01.006
314,Bulldozer,PERALATAN DAN MESIN,1.3.2.01.01.01.007
315,Wheel Dozer,PERALATAN DAN MESIN,1.3.2.01.01.01.008
316,tractor lainnya (dst),PERALATAN DAN MESIN,1.3.2.01.01.01.009
317,GRADER,PERALATAN DAN MESIN,1.3.2.01.01.02.000
318,Grader + Attachment,PERALATAN DAN MESIN,1.3.2.01.01.02.001
319,Grader Towed Type,PERALATAN DAN MESIN,1.3.2.01.01.02.002
320,Buldozer,PERALATAN DAN MESIN,1.3.2.01.01.02.003
321,Draiglines,PERALATAN DAN MESIN,1.3.2.01.01.02.004
322,SlovelDozer,PERALATAN DAN MESIN,1.3.2.01.01.02.005
323,EXCAVATOR,PERALATAN DAN MESIN,1.3.2.01.01.03.000
324,Crawler Excavator + Attachment,PERALATAN DAN MESIN,1.3.2.01.01.03.001
325,Wheel Excavator + Attachment,PERALATAN DAN MESIN,1.3.2.01.01.03.002
326,excavator lainnya (dst),PERALATAN DAN MESIN,1.3.2.01.01.03.003
327,PILE DRIVER,PERALATAN DAN MESIN,1.3.2.01.01.04.000
328,Diesel Pile Driver,PERALATAN DAN MESIN,1.3.2.01.01.04.001
329,Pneumatic Pile Driver,PERALATAN DAN MESIN,1.3.2.01.01.04.002
330,Vibration Pile Driver,PERALATAN DAN MESIN,1.3.2.01.01.04.003
331,HAULER,PERALATAN DAN MESIN,1.3.2.01.01.05.000
332,Self Propelled Scraper,PERALATAN DAN MESIN,1.3.2.01.01.05.001
333,Towed Scraper,PERALATAN DAN MESIN,1.3.2.01.01.05.002
334,Dump Truck,PERALATAN DAN MESIN,1.3.2.01.01.05.003
335,Dump Wagon,PERALATAN DAN MESIN,1.3.2.01.01.05.004
336,Lori,PERALATAN DAN MESIN,1.3.2.01.01.05.005
337,hauler lainnya (dst),PERALATAN DAN MESIN,1.3.2.01.01.05.006
338,ASPHALT EQUIPMENT,PERALATAN DAN MESIN,1.3.2.01.01.06.000
339,Asphalt Mixing Plant,PERALATAN DAN MESIN,1.3.2.01.01.06.001
340,Asphalt Finisher,PERALATAN DAN MESIN,1.3.2.01.01.06.002
341,Asphalt Distributor,PERALATAN DAN MESIN,1.3.2.01.01.06.003
342,Asphalt Heater,PERALATAN DAN MESIN,1.3.2.01.01.06.004
343,Asphalt Tanker,PERALATAN DAN MESIN,1.3.2.01.01.06.005
344,Asphalt Sprayer,PERALATAN DAN MESIN,1.3.2.01.01.06.006
345,Asbuton Dryer,PERALATAN DAN MESIN,1.3.2.01.01.06.007
346,Asphalt Recycle,PERALATAN DAN MESIN,1.3.2.01.01.06.008
347,Cold Milling Machine,PERALATAN DAN MESIN,1.3.2.01.01.06.009
348,Asphalt Mixer,PERALATAN DAN MESIN,1.3.2.01.01.06.010
349,Bitumen / Asphalt Test,PERALATAN DAN MESIN,1.3.2.01.01.06.011
350,asphalt equipment lainnya (dst),PERALATAN DAN MESIN,1.3.2.01.01.06.012
351,COMPACTING EQUIPMENT,PERALATAN DAN MESIN,1.3.2.01.01.07.000
352,Macadan Roller/Three Wheel Roler,PERALATAN DAN MESIN,1.3.2.01.01.07.001
353,Tandam Roller,PERALATAN DAN MESIN,1.3.2.01.01.07.002
354,Mesh Roller,PERALATAN DAN MESIN,1.3.2.01.01.07.003
355,Vibration Roller,PERALATAN DAN MESIN,1.3.2.01.01.07.004
356,Tyre Roller,PERALATAN DAN MESIN,1.3.2.01.01.07.005
357,Soil Stabilizer,PERALATAN DAN MESIN,1.3.2.01.01.07.006
358,Sheepfoot/Tamping Roller,PERALATAN DAN MESIN,1.3.2.01.01.07.007
359,Stamper,PERALATAN DAN MESIN,1.3.2.01.01.07.008
360,Vibration Plate,PERALATAN DAN MESIN,1.3.2.01.01.07.009
361,Pemadat Sampah,PERALATAN DAN MESIN,1.3.2.01.01.07.010
362,Truck & Bush Tyre,PERALATAN DAN MESIN,1.3.2.01.01.07.011
363,compacting equipment lainnya (dst),PERALATAN DAN MESIN,1.3.2.01.01.07.012
364,AGGREGATE AND CONCRETE EQUIPMENT,PERALATAN DAN MESIN,1.3.2.01.01.08.000
365,Stone Crushing Plant,PERALATAN DAN MESIN,1.3.2.01.01.08.001
366,Screening Classifier,PERALATAN DAN MESIN,1.3.2.01.01.08.002
367,Stone Chuser,PERALATAN DAN MESIN,1.3.2.01.01.08.003
368,Aggregate Washer,PERALATAN DAN MESIN,1.3.2.01.01.08.004
369,Batching Plant,PERALATAN DAN MESIN,1.3.2.01.01.08.005
370,Concrete Finisher,PERALATAN DAN MESIN,1.3.2.01.01.08.006
371,Concrete Pump,PERALATAN DAN MESIN,1.3.2.01.01.08.007
372,Concrete Lift,PERALATAN DAN MESIN,1.3.2.01.01.08.008
373,Concrete Prestres,PERALATAN DAN MESIN,1.3.2.01.01.08.009
374,Concrete Cutter,PERALATAN DAN MESIN,1.3.2.01.01.08.010
375,Concrete Mixer,PERALATAN DAN MESIN,1.3.2.01.01.08.011
376,Concrete Vibrator,PERALATAN DAN MESIN,1.3.2.01.01.08.012
377,Concrete Breaker,PERALATAN DAN MESIN,1.3.2.01.01.08.013
378,Aggregate/Chip Spreader,PERALATAN DAN MESIN,1.3.2.01.01.08.014
379,Grauting Machine,PERALATAN DAN MESIN,1.3.2.01.01.08.015
380,Concrete Mould,PERALATAN DAN MESIN,1.3.2.01.01.08.016
381,Pipe Plant Equipment,PERALATAN DAN MESIN,1.3.2.01.01.08.017
382,Concrete Mixer Tandem,PERALATAN DAN MESIN,1.3.2.01.01.08.018
383,Onion Head Machine,PERALATAN DAN MESIN,1.3.2.01.01.08.019
384,Pan Mixer,PERALATAN DAN MESIN,1.3.2.01.01.08.020
385,Asbuton Mixer,PERALATAN DAN MESIN,1.3.2.01.01.08.021
386,Paddle Mixer,PERALATAN DAN MESIN,1.3.2.01.01.08.022
387,Asphalt Buton Crusher,PERALATAN DAN MESIN,1.3.2.01.01.08.023
388,Rock Drill,PERALATAN DAN MESIN,1.3.2.01.01.08.024
389,aggregate and concrete equipment lainnya (dst),PERALATAN DAN MESIN,1.3.2.01.01.08.025
390,LOADER,PERALATAN DAN MESIN,1.3.2.01.01.09.000
391,Track Loader + Attachment,PERALATAN DAN MESIN,1.3.2.01.01.09.001
392,Wheel Loader + Attachment,PERALATAN DAN MESIN,1.3.2.01.01.09.002
393,Main Deck Loader,PERALATAN DAN MESIN,1.3.2.01.01.09.003
394,Conveyor Belt Truck,PERALATAN DAN MESIN,1.3.2.01.01.09.004
395,High Lift Loader,PERALATAN DAN MESIN,1.3.2.01.01.09.005
396,Backhoe Loader,PERALATAN DAN MESIN,1.3.2.01.01.09.006
397,loader lainnya (dst),PERALATAN DAN MESIN,1.3.2.01.01.09.007
398,ALAT PENGANGKAT,PERALATAN DAN MESIN,1.3.2.01.01.10.000
399,Tower Crane,PERALATAN DAN MESIN,1.3.2.01.01.10.001
400,Truck Mounted Crane,PERALATAN DAN MESIN,1.3.2.01.01.10.002
401,Truck Crane,PERALATAN DAN MESIN,1.3.2.01.01.10.003
402,Wheel Crane,PERALATAN DAN MESIN,1.3.2.01.01.10.004
403,Forklift,PERALATAN DAN MESIN,1.3.2.01.01.10.005
404,Fortal Crane,PERALATAN DAN MESIN,1.3.2.01.01.10.006
405,Crawler Crane,PERALATAN DAN MESIN,1.3.2.01.01.10.007
406,Container Crane,PERALATAN DAN MESIN,1.3.2.01.01.10.008
407,Transtainer,PERALATAN DAN MESIN,1.3.2.01.01.10.009
408,Travelt Container Stacker,PERALATAN DAN MESIN,1.3.2.01.01.10.010
409,Top Loader,PERALATAN DAN MESIN,1.3.2.01.01.10.011
410,Rail Lifter,PERALATAN DAN MESIN,1.3.2.01.01.10.012
411,Track Motor Car,PERALATAN DAN MESIN,1.3.2.01.01.10.013
412,Salvage Pesawat Udara,PERALATAN DAN MESIN,1.3.2.01.01.10.014
413,Hand Palet Truck,PERALATAN DAN MESIN,1.3.2.01.01.10.015
414,Crane Shovel 20 T,PERALATAN DAN MESIN,1.3.2.01.01.10.016
415,Shop Wood Working Crane Shovel 20 T,PERALATAN DAN MESIN,1.3.2.01.01.10.017
416,alat pengangkat lainnya (dst),PERALATAN DAN MESIN,1.3.2.01.01.10.018
417,MESIN PROSES,PERALATAN DAN MESIN,1.3.2.01.01.11.000
418,Mesin Pembuat Pellet,PERALATAN DAN MESIN,1.3.2.01.01.11.001
419,Mesin Pembuat Es,PERALATAN DAN MESIN,1.3.2.01.01.11.002
420,Mesin Penghancur Es,PERALATAN DAN MESIN,1.3.2.01.01.11.003
421,Water Treatment (Mesin Proses),PERALATAN DAN MESIN,1.3.2.01.01.11.004
422,Sea Water Treatment,PERALATAN DAN MESIN,1.3.2.01.01.11.005
423,Mesin Pengolah Dodol,PERALATAN DAN MESIN,1.3.2.01.01.11.006
424,mesin proses lainnya (dst),PERALATAN DAN MESIN,1.3.2.01.01.11.007
425,ALAT BESAR DARAT LAINNYA,PERALATAN DAN MESIN,1.3.2.01.01.12.000
426,alat besar darat lainnya lainnya (dst),PERALATAN DAN MESIN,1.3.2.01.01.12.001
427,ALAT BESAR APUNG,PERALATAN DAN MESIN,1.3.2.01.02.00.000
428,DREDGER,PERALATAN DAN MESIN,1.3.2.01.02.01.000
429,Suction Dredger,PERALATAN DAN MESIN,1.3.2.01.02.01.001
430,Bucket Dredger,PERALATAN DAN MESIN,1.3.2.01.02.01.002
431,Cutter Suction Dredger,PERALATAN DAN MESIN,1.3.2.01.02.01.003
432,dredger lainnya (dst),PERALATAN DAN MESIN,1.3.2.01.02.01.004
433,FLOATING EXCAVATOR,PERALATAN DAN MESIN,1.3.2.01.02.02.000
434,Floating Excavator + Attachment,PERALATAN DAN MESIN,1.3.2.01.02.02.001
435,Floating Crane,PERALATAN DAN MESIN,1.3.2.01.02.02.002
436,Floating Pump,PERALATAN DAN MESIN,1.3.2.01.02.02.003
437,floating excavator lainnya (dst),PERALATAN DAN MESIN,1.3.2.01.02.02.004
438,AMPHIBI DREDGER,PERALATAN DAN MESIN,1.3.2.01.02.03.000
439,Plain Suction,PERALATAN DAN MESIN,1.3.2.01.02.03.001
440,Cutter (Amphibi Dredger),PERALATAN DAN MESIN,1.3.2.01.02.03.002
441,Clamshell / Dragline,PERALATAN DAN MESIN,1.3.2.01.02.03.003
442,amphibi dredger lainnya (dst),PERALATAN DAN MESIN,1.3.2.01.02.03.004
443,KAPAL TARIK,PERALATAN DAN MESIN,1.3.2.01.02.04.000
444,Kapal Tarik,PERALATAN DAN MESIN,1.3.2.01.02.04.001
445,kapal tarik lainnya (dst),PERALATAN DAN MESIN,1.3.2.01.02.04.002
446,MESIN PROSES APUNG,PERALATAN DAN MESIN,1.3.2.01.02.05.000
447,Water Treatment (Mesin Proses Apung),PERALATAN DAN MESIN,1.3.2.01.02.05.001
448,mesin proses apung lainnya (dst),PERALATAN DAN MESIN,1.3.2.01.02.05.002
449,ALAT BESAR APUNG LAINNYA,PERALATAN DAN MESIN,1.3.2.01.02.06.000
450,Alat Besar Apung lainnya,PERALATAN DAN MESIN,1.3.2.01.02.06.001
451,ALAT BANTU,PERALATAN DAN MESIN,1.3.2.01.03.00.000
452,ALAT PENARIK,PERALATAN DAN MESIN,1.3.2.01.03.01.000
453,Alat Penarik Kapal,PERALATAN DAN MESIN,1.3.2.01.03.01.001
454,Alat Penarik Jaring,PERALATAN DAN MESIN,1.3.2.01.03.01.002
455,alat penarik lainnya (dst),PERALATAN DAN MESIN,1.3.2.01.03.01.003
456,FEEDER,PERALATAN DAN MESIN,1.3.2.01.03.02.000
457,Elevator /Lift,PERALATAN DAN MESIN,1.3.2.01.03.02.001
458,Belt Conveyor (Feeder),PERALATAN DAN MESIN,1.3.2.01.03.02.002
459,Screw Conveyor (Feeder),PERALATAN DAN MESIN,1.3.2.01.03.02.003
460,Escalator,PERALATAN DAN MESIN,1.3.2.01.03.02.004
461,Gandola,PERALATAN DAN MESIN,1.3.2.01.03.02.005
462,Elevator (Feeder),PERALATAN DAN MESIN,1.3.2.01.03.02.006
463,Gangway,PERALATAN DAN MESIN,1.3.2.01.03.02.007
464,feeder lainnya (dst),PERALATAN DAN MESIN,1.3.2.01.03.02.008
465,COMPRESSOR,PERALATAN DAN MESIN,1.3.2.01.03.03.000
466,Transportable Compressor,PERALATAN DAN MESIN,1.3.2.01.03.03.001
467,Portable Compressor,PERALATAN DAN MESIN,1.3.2.01.03.03.002
468,Stationary Compressor,PERALATAN DAN MESIN,1.3.2.01.03.03.003
469,Air Compresor,PERALATAN DAN MESIN,1.3.2.01.03.03.004
470,Compressor Pneumatic Tool 25 GMP,PERALATAN DAN MESIN,1.3.2.01.03.03.005
471,compressor lainnya (dst),PERALATAN DAN MESIN,1.3.2.01.03.03.006
472,ELECTRIC GENERATING SET,PERALATAN DAN MESIN,1.3.2.01.03.04.000
473,Transportable Generating Set,PERALATAN DAN MESIN,1.3.2.01.03.04.001
474,Portable Generating Set,PERALATAN DAN MESIN,1.3.2.01.03.04.002
475,Stationary Generating Set,PERALATAN DAN MESIN,1.3.2.01.03.04.003
476,Dynamo Electric,PERALATAN DAN MESIN,1.3.2.01.03.04.004
477,electric generating set lainnya (dst),PERALATAN DAN MESIN,1.3.2.01.03.04.005
478,POMPA,PERALATAN DAN MESIN,1.3.2.01.03.05.000
479,Transportable Water Pump,PERALATAN DAN MESIN,1.3.2.01.03.05.001
480,Portable Water Pump,PERALATAN DAN MESIN,1.3.2.01.03.05.002
481,Stationary Water Pump,PERALATAN DAN MESIN,1.3.2.01.03.05.003
482,Pompa Lumpur,PERALATAN DAN MESIN,1.3.2.01.03.05.004
483,Sumersible Pump,PERALATAN DAN MESIN,1.3.2.01.03.05.005
484,Pompa Tangan,PERALATAN DAN MESIN,1.3.2.01.03.05.006
485,Pompa Angin,PERALATAN DAN MESIN,1.3.2.01.03.05.007
486,Pompa Bensin/Minyak Stationery,PERALATAN DAN MESIN,1.3.2.01.03.05.008
487,Pompa Bensin/Minyak Transportable,PERALATAN DAN MESIN,1.3.2.01.03.05.009
488,Pompa Air,PERALATAN DAN MESIN,1.3.2.01.03.05.010
489,Water Distributor,PERALATAN DAN MESIN,1.3.2.01.03.05.011
490,Water Purification,PERALATAN DAN MESIN,1.3.2.01.03.05.012
491,pompa lainnya (dst),PERALATAN DAN MESIN,1.3.2.01.03.05.013
492,MESIN BOR,PERALATAN DAN MESIN,1.3.2.01.03.06.000
493,Mesin Bor Batu,PERALATAN DAN MESIN,1.3.2.01.03.06.001
494,Mesin Bor Tanah,PERALATAN DAN MESIN,1.3.2.01.03.06.002
495,Mesin Bor Beton,PERALATAN DAN MESIN,1.3.2.01.03.06.003
496,mesin bor  lainnya (dst),PERALATAN DAN MESIN,1.3.2.01.03.06.004
497,UNIT PEMELIHARAAN LAPANGAN,PERALATAN DAN MESIN,1.3.2.01.03.07.000
498,Mobil Workshop,PERALATAN DAN MESIN,1.3.2.01.03.07.001
499,Service Car,PERALATAN DAN MESIN,1.3.2.01.03.07.002
500,Floating Workshop,PERALATAN DAN MESIN,1.3.2.01.03.07.003
501,Road Maintenance Truck,PERALATAN DAN MESIN,1.3.2.01.03.07.004
502,Sweeper Truck,PERALATAN DAN MESIN,1.3.2.01.03.07.005
503,Wreck Car,PERALATAN DAN MESIN,1.3.2.01.03.07.006
504,Leak Detector (Unit Pemeliharaan Lapangan),PERALATAN DAN MESIN,1.3.2.01.03.07.007
505,Pipe Locator,PERALATAN DAN MESIN,1.3.2.01.03.07.008
506,Metal Locator,PERALATAN DAN MESIN,1.3.2.01.03.07.009
507,Mesin Diesel,PERALATAN DAN MESIN,1.3.2.01.03.07.010
508,Ketle Heating,PERALATAN DAN MESIN,1.3.2.01.03.07.011
509,Sweeper Penghisap Oli,PERALATAN DAN MESIN,1.3.2.01.03.07.012
510,Fuel Tank,PERALATAN DAN MESIN,1.3.2.01.03.07.013
511,Grass Colector,PERALATAN DAN MESIN,1.3.2.01.03.07.014
512,Mesin Pemotong Aspal (Draging),PERALATAN DAN MESIN,1.3.2.01.03.07.015
513,Sweeper Rotary,PERALATAN DAN MESIN,1.3.2.01.03.07.016
514,Earth Vager Truck,PERALATAN DAN MESIN,1.3.2.01.03.07.017
515,Scrapper,PERALATAN DAN MESIN,1.3.2.01.03.07.018
516,Roster,PERALATAN DAN MESIN,1.3.2.01.03.07.019
517,Shop Truck Equipment,PERALATAN DAN MESIN,1.3.2.01.03.07.020
518,unit pemeliharaan lapangan  lainnya (dst),PERALATAN DAN MESIN,1.3.2.01.03.07.021
519,ALAT PENGOLAHAN AIR KOTOR,PERALATAN DAN MESIN,1.3.2.01.03.08.000
520,Unit Pengolahan Air Kotor,PERALATAN DAN MESIN,1.3.2.01.03.08.001
521,alat pengolahan air kotor  lainnya (dst),PERALATAN DAN MESIN,1.3.2.01.03.08.002
522,PEMBANGKIT UAP AIR PANAS/STEAM GENERATOR,PERALATAN DAN MESIN,1.3.2.01.03.09.000
523,Unit Pembangkit Uap Air Panas,PERALATAN DAN MESIN,1.3.2.01.03.09.001
524,pembangkit uap air panas/steam generator  lainnya (dst),PERALATAN DAN MESIN,1.3.2.01.03.09.002
525,AIR PORT MAINTENANCE EQUIPMENT/ALAT BANTU PENERBANGAN,PERALATAN DAN MESIN,1.3.2.01.03.10.000
526,Ground Power Unit,PERALATAN DAN MESIN,1.3.2.01.03.10.001
527,Rotarry Movers Soneca K.38,PERALATAN DAN MESIN,1.3.2.01.03.10.002
528,Air Start Unit/Air Pressure Unit,PERALATAN DAN MESIN,1.3.2.01.03.10.003
529,Heavy Duty Electric Drill Capacity,PERALATAN DAN MESIN,1.3.2.01.03.10.004
530,A/C Towing Car,PERALATAN DAN MESIN,1.3.2.01.03.10.005
531,Runway Sweeper,PERALATAN DAN MESIN,1.3.2.01.03.10.006
532,Hanggar Sweeper,PERALATAN DAN MESIN,1.3.2.01.03.10.007
533,Bomb Lift Truck,PERALATAN DAN MESIN,1.3.2.01.03.10.008
534,Engine Washer Water Spray,PERALATAN DAN MESIN,1.3.2.01.03.10.009
535,Hydraulic Test Stand,PERALATAN DAN MESIN,1.3.2.01.03.10.010
536,Rectifier (Air Port Maintenance Equipment/alat Bantu Penerbangan),PERALATAN DAN MESIN,1.3.2.01.03.10.011
537,Flood Light,PERALATAN DAN MESIN,1.3.2.01.03.10.012
538,Early Warning.>300Nm,PERALATAN DAN MESIN,1.3.2.01.03.10.013
539,Surveilance/Iff 250-300 Nm,PERALATAN DAN MESIN,1.3.2.01.03.10.014
540,Ground Control INT,PERALATAN DAN MESIN,1.3.2.01.03.10.015
541,Jack,PERALATAN DAN MESIN,1.3.2.01.03.10.016
542,Cradle,PERALATAN DAN MESIN,1.3.2.01.03.10.017
543,Dolly,PERALATAN DAN MESIN,1.3.2.01.03.10.018
544,Stand,PERALATAN DAN MESIN,1.3.2.01.03.10.019
545,Towing Bar Univeral,PERALATAN DAN MESIN,1.3.2.01.03.10.020
546,Nitrogen Servicing,PERALATAN DAN MESIN,1.3.2.01.03.10.021
547,Botol Angine,PERALATAN DAN MESIN,1.3.2.01.03.10.022
548,Leak Bak,PERALATAN DAN MESIN,1.3.2.01.03.10.023
549,Wheel Chock (Air Port Maintenance Equipment/alat Bantu Penerbangan,PERALATAN DAN MESIN,1.3.2.01.03.10.024
550,Engine Screen,PERALATAN DAN MESIN,1.3.2.01.03.10.025
551,air port maintenance equipment/alat bantu penerbangan  lainnya (dst),PERALATAN DAN MESIN,1.3.2.01.03.10.026
552,MESIN TATOO,PERALATAN DAN MESIN,1.3.2.01.03.11.000
553,Mesin Tatoo Hewan,PERALATAN DAN MESIN,1.3.2.01.03.11.001
554,mesin tatoo  lainnya (dst),PERALATAN DAN MESIN,1.3.2.01.03.11.002
555,PERLENGKAPAN KEBAKARAN HUTAN,PERALATAN DAN MESIN,1.3.2.01.03.12.000
556,Backpack Pump (Pompa Punggung Besar),PERALATAN DAN MESIN,1.3.2.01.03.12.001
557,Floating Fire Pump (Pompa Punggung Kecil),PERALATAN DAN MESIN,1.3.2.01.03.12.002
558,Pompa Portable,PERALATAN DAN MESIN,1.3.2.01.03.12.003
559,Jet Shooter,PERALATAN DAN MESIN,1.3.2.01.03.12.004
560,Golok Pemadam,PERALATAN DAN MESIN,1.3.2.01.03.12.005
561,Blade Shovel (Sekop Pemadam),PERALATAN DAN MESIN,1.3.2.01.03.12.006
562,Sumbut,PERALATAN DAN MESIN,1.3.2.01.03.12.007
563,Veld Bed,PERALATAN DAN MESIN,1.3.2.01.03.12.008
564,Ransel Pemadam,PERALATAN DAN MESIN,1.3.2.01.03.12.009
565,Full Body Harness,PERALATAN DAN MESIN,1.3.2.01.03.12.010
566,Sit Harness,PERALATAN DAN MESIN,1.3.2.01.03.12.011
567,Figure,PERALATAN DAN MESIN,1.3.2.01.03.12.012
568,Ascender,PERALATAN DAN MESIN,1.3.2.01.03.12.013
569,Scroll Lock,PERALATAN DAN MESIN,1.3.2.01.03.12.014
570,Perlengkapan Rescue,PERALATAN DAN MESIN,1.3.2.01.03.12.015
571,Automatic Snap Hook,PERALATAN DAN MESIN,1.3.2.01.03.12.016
572,Tangga Tali,PERALATAN DAN MESIN,1.3.2.01.03.12.017
573,Nozel Tabir Alumunium,PERALATAN DAN MESIN,1.3.2.01.03.12.018
574,Nozel Kuningan Pernekel,PERALATAN DAN MESIN,1.3.2.01.03.12.019
575,Selang Air,PERALATAN DAN MESIN,1.3.2.01.03.12.020
576,Breathing Aparatus (Tabung 10 kg),PERALATAN DAN MESIN,1.3.2.01.03.12.021
577,Gepyok Pemadam,PERALATAN DAN MESIN,1.3.2.01.03.12.022
578,Fire Rake (Garu Tajam),PERALATAN DAN MESIN,1.3.2.01.03.12.023
579,Pulaski Axe (Kapak Dua Fungsi),PERALATAN DAN MESIN,1.3.2.01.03.12.024
580,Fire Tool (Garu Pacul/ Cangkul),PERALATAN DAN MESIN,1.3.2.01.03.12.025
581,Sabit Semak,PERALATAN DAN MESIN,1.3.2.01.03.12.026
582,Flapper (Pemukul Api),PERALATAN DAN MESIN,1.3.2.01.03.12.027
583,Drip Torch (Obor Sulut Tetes),PERALATAN DAN MESIN,1.3.2.01.03.12.028
584,Files (Kikir Baja),PERALATAN DAN MESIN,1.3.2.01.03.12.029
585,Kaca Mata (Lensa Tahan Panas),PERALATAN DAN MESIN,1.3.2.01.03.12.030
586,Kopel Rem,PERALATAN DAN MESIN,1.3.2.01.03.12.031
587,Felpes,PERALATAN DAN MESIN,1.3.2.01.03.12.032
588,Kantong Air,PERALATAN DAN MESIN,1.3.2.01.03.12.033
589,Batang Pompa,PERALATAN DAN MESIN,1.3.2.01.03.12.034
590,perlengkapan kebakaran hutan  lainnya (dst),PERALATAN DAN MESIN,1.3.2.01.03.12.035
591,PERALATAN SELAM,PERALATAN DAN MESIN,1.3.2.01.03.13.000
592,Tanks (Tabung Selam),PERALATAN DAN MESIN,1.3.2.01.03.13.001
593,Sepatu Karang,PERALATAN DAN MESIN,1.3.2.01.03.13.002
594,Knives (Pisau Selam),PERALATAN DAN MESIN,1.3.2.01.03.13.003
595,Dive Lights (Senter Selam),PERALATAN DAN MESIN,1.3.2.01.03.13.004
596,Regulator Instruments,PERALATAN DAN MESIN,1.3.2.01.03.13.005
597,Bouyancy Compensator Device (BCD),PERALATAN DAN MESIN,1.3.2.01.03.13.006
598,Belt (Sabuk Pemberat),PERALATAN DAN MESIN,1.3.2.01.03.13.007
599,Weight (Pemberat),PERALATAN DAN MESIN,1.3.2.01.03.13.008
600,Diving Gloves (Sarung Tangan Selam),PERALATAN DAN MESIN,1.3.2.01.03.13.009
601,Kompresor Selam,PERALATAN DAN MESIN,1.3.2.01.03.13.010
602,Pelampung Life Jacket,PERALATAN DAN MESIN,1.3.2.01.03.13.011
603,Tas Selam,PERALATAN DAN MESIN,1.3.2.01.03.13.012
604,Baju Selam,PERALATAN DAN MESIN,1.3.2.01.03.13.013
605,peralatan selam  lainnya (dst),PERALATAN DAN MESIN,1.3.2.01.03.13.014
606,PERALATAN SAR MOUNTENERING,PERALATAN DAN MESIN,1.3.2.01.03.14.000
607,Tali Kamantel Static,PERALATAN DAN MESIN,1.3.2.01.03.14.001
608,Tali Kamantel Dinamic,PERALATAN DAN MESIN,1.3.2.01.03.14.002
609,Raincoat (Ponco),PERALATAN DAN MESIN,1.3.2.01.03.14.003
610,Seat Harness,PERALATAN DAN MESIN,1.3.2.01.03.14.004
611,Prusik,PERALATAN DAN MESIN,1.3.2.01.03.14.005
612,Jummar,PERALATAN DAN MESIN,1.3.2.01.03.14.006
613,Pulley,PERALATAN DAN MESIN,1.3.2.01.03.14.007
614,Descender Figure og Eight,PERALATAN DAN MESIN,1.3.2.01.03.14.008
615,Carabiner Non Screw,PERALATAN DAN MESIN,1.3.2.01.03.14.009
616,Webbing,PERALATAN DAN MESIN,1.3.2.01.03.14.010
617,Tandu Lipat,PERALATAN DAN MESIN,1.3.2.01.03.14.011
618,peralatan sar mountenering  lainnya (dst),PERALATAN DAN MESIN,1.3.2.01.03.14.012
619,PERALATAN INTELEJEN,PERALATAN DAN MESIN,1.3.2.01.03.15.000
620,Voice Recorder Watch (DAS W 007),PERALATAN DAN MESIN,1.3.2.01.03.15.001
621,Spy Hidden Camera,PERALATAN DAN MESIN,1.3.2.01.03.15.002
622,Spy Camera Type Springkle,PERALATAN DAN MESIN,1.3.2.01.03.15.003
623,Detector Camera Scanner,PERALATAN DAN MESIN,1.3.2.01.03.15.004
624,peralatan intelejen  lainnya (dst),PERALATAN DAN MESIN,1.3.2.01.03.15.005
625,ALAT BANTU LAINNYA,PERALATAN DAN MESIN,1.3.2.01.03.16.000
626,alat bantu lainnya  lainnya (dst),PERALATAN DAN MESIN,1.3.2.01.03.16.001
627,ALAT ANGKUTAN,PERALATAN DAN MESIN,1.3.2.02.00.00.000
628,ALAT ANGKUTAN DARAT BERMOTOR,PERALATAN DAN MESIN,1.3.2.02.01.00.000
629,KENDARAAN DINAS BERMOTOR PERORANGAN,PERALATAN DAN MESIN,1.3.2.02.01.01.000
630,Sedan,PERALATAN DAN MESIN,1.3.2.02.01.01.001
631,Jeep,PERALATAN DAN MESIN,1.3.2.02.01.01.002
632,Station Wagon,PERALATAN DAN MESIN,1.3.2.02.01.01.003
633,Multi Purpose Vehicle (MPV),PERALATAN DAN MESIN,1.3.2.02.01.01.004
634,Sport Utility Vehicle (SUV),PERALATAN DAN MESIN,1.3.2.02.01.01.005
635,kendaraan dinas bermotor perorangan  lainnya (dst),PERALATAN DAN MESIN,1.3.2.02.01.01.006
636,KENDARAAN BERMOTOR PENUMPANG,PERALATAN DAN MESIN,1.3.2.02.01.02.000
637,Bus ( Penumpang 30 Orang Keatas ),PERALATAN DAN MESIN,1.3.2.02.01.02.001
638,Micro Bus ( Penumpang 15 S/D 29 Orang ),PERALATAN DAN MESIN,1.3.2.02.01.02.002
639,Mini Bus ( Penumpang 14 Orang Kebawah ),PERALATAN DAN MESIN,1.3.2.02.01.02.003
640,Kendaraan Lapis Baja,PERALATAN DAN MESIN,1.3.2.02.01.02.004
641,kendaraan bermotor penumpang  lainnya (dst),PERALATAN DAN MESIN,1.3.2.02.01.02.005
642,KENDARAAN BERMOTOR ANGKUTAN BARANG,PERALATAN DAN MESIN,1.3.2.02.01.03.000
643,Truck + Attachment,PERALATAN DAN MESIN,1.3.2.02.01.03.001
644,Pick Up,PERALATAN DAN MESIN,1.3.2.02.01.03.002
645,Yeengler/Trailer,PERALATAN DAN MESIN,1.3.2.02.01.03.003
646,Semi Trailer,PERALATAN DAN MESIN,1.3.2.02.01.03.004
647,Truck Ponton dengan Trailler,PERALATAN DAN MESIN,1.3.2.02.01.03.005
648,Dalhura,PERALATAN DAN MESIN,1.3.2.02.01.03.006
649,kendaraan bermotor angkutan barang  lainnya (dst),PERALATAN DAN MESIN,1.3.2.02.01.03.007
650,KENDARAAN BERMOTOR BERODA DUA,PERALATAN DAN MESIN,1.3.2.02.01.04.000
651,Sepeda Motor,PERALATAN DAN MESIN,1.3.2.02.01.04.001
652,Scooter,PERALATAN DAN MESIN,1.3.2.02.01.04.002
653,Sepeda Motor Perpustakaan Keliling,PERALATAN DAN MESIN,1.3.2.02.01.04.003
654,Sepeda Motor Patroli,PERALATAN DAN MESIN,1.3.2.02.01.04.004
655,Sepeda Motor Pengawalan,PERALATAN DAN MESIN,1.3.2.02.01.04.005
656,kendaraan bermotor beroda dua  lainnya (dst),PERALATAN DAN MESIN,1.3.2.02.01.04.006
657,KENDARAAN BERMOTOR BERODA TIGA,PERALATAN DAN MESIN,1.3.2.02.01.05.000
658,Baktor,PERALATAN DAN MESIN,1.3.2.02.01.05.001
659,KENDARAAN BERMOTOR KHUSUS,PERALATAN DAN MESIN,1.3.2.02.01.06.000
660,Mobil Ambulance,PERALATAN DAN MESIN,1.3.2.02.01.06.001
661,Mobil Jenazah,PERALATAN DAN MESIN,1.3.2.02.01.06.002
662,Mobil Unit Penerangan Darat,PERALATAN DAN MESIN,1.3.2.02.01.06.003
663,Mobil Pemadam Kebakaran,PERALATAN DAN MESIN,1.3.2.02.01.06.004
664,Mobil Tinja,PERALATAN DAN MESIN,1.3.2.02.01.06.005
665,Mobil Tangki Air,PERALATAN DAN MESIN,1.3.2.02.01.06.006
666,Mobil Unit Monitoring Frekwensi,PERALATAN DAN MESIN,1.3.2.02.01.06.007
667,Mobil Unit Perpustakaan Keliling,PERALATAN DAN MESIN,1.3.2.02.01.06.008
668,Mobil Unit Visual Mini (MUVIANI),PERALATAN DAN MESIN,1.3.2.02.01.06.009
669,Mobil Unit Satelite Link Van,PERALATAN DAN MESIN,1.3.2.02.01.06.010
670,Mobil Unit Panggung,PERALATAN DAN MESIN,1.3.2.02.01.06.011
671,Mobil Unit Pameran,PERALATAN DAN MESIN,1.3.2.02.01.06.012
672,Out Side Broad Cast Van Radio,PERALATAN DAN MESIN,1.3.2.02.01.06.013
673,Out Side Broad Cast Van Televisi,PERALATAN DAN MESIN,1.3.2.02.01.06.014
674,Mobil Unit Produksi Film,PERALATAN DAN MESIN,1.3.2.02.01.06.015
675,Mobil Unit Produksi Televisi,PERALATAN DAN MESIN,1.3.2.02.01.06.016
676,Mobil Unit Produksi Cinerama,PERALATAN DAN MESIN,1.3.2.02.01.06.017
677,Mobil Unit Kesehatan Masyarakat,PERALATAN DAN MESIN,1.3.2.02.01.06.018
678,Mobil Unit Kesehatan Hewan,PERALATAN DAN MESIN,1.3.2.02.01.06.019
679,Mobil Unit Tahanan,PERALATAN DAN MESIN,1.3.2.02.01.06.020
680,Mobil Unit Pengangkut Uang,PERALATAN DAN MESIN,1.3.2.02.01.06.021
681,Truck Sampah,PERALATAN DAN MESIN,1.3.2.02.01.06.022
682,Mobil Tangki Bahan Bakar,PERALATAN DAN MESIN,1.3.2.02.01.06.023
683,Mobil Unit Rontgen,PERALATAN DAN MESIN,1.3.2.02.01.06.024
684,Mobil Unit Rehabilitasi Sosial Keliling,PERALATAN DAN MESIN,1.3.2.02.01.06.025
685,Bomp Trailer,PERALATAN DAN MESIN,1.3.2.02.01.06.026
686,Kendaraan Klinik,PERALATAN DAN MESIN,1.3.2.02.01.06.027
687,Mobil Unit Pengangkut Limbah Radio Aktif,PERALATAN DAN MESIN,1.3.2.02.01.06.028
688,Mobil Tranfusi Darah,PERALATAN DAN MESIN,1.3.2.02.01.06.029
689,Kendaraan Tim Pemeliharaan,PERALATAN DAN MESIN,1.3.2.02.01.06.030
690,Mobil Penarik (UNIMOG),PERALATAN DAN MESIN,1.3.2.02.01.06.031
691,Kendaraan Satmobek/Satmobeng/Satmomas,PERALATAN DAN MESIN,1.3.2.02.01.06.032
692,Mobil Work Shop/Services,PERALATAN DAN MESIN,1.3.2.02.01.06.033
693,Kendaraan Derek,PERALATAN DAN MESIN,1.3.2.02.01.06.034
694,Mobil Unit Khusus Aljihandak,PERALATAN DAN MESIN,1.3.2.02.01.06.035
695,Aircraft Air Conditioning,PERALATAN DAN MESIN,1.3.2.02.01.06.036
696,Kendaraan Girafle Radar,PERALATAN DAN MESIN,1.3.2.02.01.06.037
697,Mobil Pers Van,PERALATAN DAN MESIN,1.3.2.02.01.06.038
698,Kendaraan Unit Bedah,PERALATAN DAN MESIN,1.3.2.02.01.06.039
699,Mobile Floodlight,PERALATAN DAN MESIN,1.3.2.02.01.06.040
700,Kendaraan Pengangkut Tank,PERALATAN DAN MESIN,1.3.2.02.01.06.041
701,Crash Car,PERALATAN DAN MESIN,1.3.2.02.01.06.042
702,Kendaraan Water Canon,PERALATAN DAN MESIN,1.3.2.02.01.06.043
703,Foam Vehicle,PERALATAN DAN MESIN,1.3.2.02.01.06.044
704,Kendaraan Toilet,PERALATAN DAN MESIN,1.3.2.02.01.06.045
705,Rapid Invention Vehicle,PERALATAN DAN MESIN,1.3.2.02.01.06.046
706,Kendaraan Gas Airmata,PERALATAN DAN MESIN,1.3.2.02.01.06.047
707,Kendaraan Taktis,PERALATAN DAN MESIN,1.3.2.02.01.06.048
708,Kendaraan VIP (Anti Peluru),PERALATAN DAN MESIN,1.3.2.02.01.06.049
709,Kendaraan Tangga Pesawat,PERALATAN DAN MESIN,1.3.2.02.01.06.050
710,Kendaraan Meteo,PERALATAN DAN MESIN,1.3.2.02.01.06.051
711,Kendaraan Sweeper,PERALATAN DAN MESIN,1.3.2.02.01.06.052
712,Kendaraan Kamar Sandi,PERALATAN DAN MESIN,1.3.2.02.01.06.053
713,Kendaraan Jamming Frekuensi,PERALATAN DAN MESIN,1.3.2.02.01.06.054
714,Kendaraan Monitoring Sinyal,PERALATAN DAN MESIN,1.3.2.02.01.06.055
715,Mobil Dapur Lapangan,PERALATAN DAN MESIN,1.3.2.02.01.06.056
716,Mobil Penarik Barrier,PERALATAN DAN MESIN,1.3.2.02.01.06.057
717,Mobil Operasional PJR,PERALATAN DAN MESIN,1.3.2.02.01.06.058
718,Automatic Unguided Vehicle (AuGV),PERALATAN DAN MESIN,1.3.2.02.01.06.059
719,Rescue Car,PERALATAN DAN MESIN,1.3.2.02.01.06.060
720,Rapid Deployment Land SAR,PERALATAN DAN MESIN,1.3.2.02.01.06.061
721,Rescue Truck,PERALATAN DAN MESIN,1.3.2.02.01.06.062
722,Monilog (Mobil Logistik/ Personil),PERALATAN DAN MESIN,1.3.2.02.01.06.063
723,Mobil Latih,PERALATAN DAN MESIN,1.3.2.02.01.06.064
724,Ran Switch Wagon,PERALATAN DAN MESIN,1.3.2.02.01.06.065
725,Ran Cacdri Wagon,PERALATAN DAN MESIN,1.3.2.02.01.06.066
726,Ran Traktor,PERALATAN DAN MESIN,1.3.2.02.01.06.067
727,Ran Tangki,PERALATAN DAN MESIN,1.3.2.02.01.06.068
728,Ran Zat Asam,PERALATAN DAN MESIN,1.3.2.02.01.06.069
729,Ran Penyapu Landasan,PERALATAN DAN MESIN,1.3.2.02.01.06.070
730,Ran Pandu Pesawat,PERALATAN DAN MESIN,1.3.2.02.01.06.071
731,Ran Penarik Pesawat,PERALATAN DAN MESIN,1.3.2.02.01.06.072
732,Ran Penyapu Hanggar,PERALATAN DAN MESIN,1.3.2.02.01.06.073
733,Ran Drug Chute,PERALATAN DAN MESIN,1.3.2.02.01.06.074
734,Ran Pembangkit Tenaga,PERALATAN DAN MESIN,1.3.2.02.01.06.075
735,Ran Crime Squid,PERALATAN DAN MESIN,1.3.2.02.01.06.076
736,Ran Weapon Carrier,PERALATAN DAN MESIN,1.3.2.02.01.06.077
737,Ran Laboratorium / Uji Coba,PERALATAN DAN MESIN,1.3.2.02.01.06.078
738,Ran Kantin,PERALATAN DAN MESIN,1.3.2.02.01.06.079
739,Ran Patroli,PERALATAN DAN MESIN,1.3.2.02.01.06.080
740,Ran Jeep Kommab,PERALATAN DAN MESIN,1.3.2.02.01.06.081
741,Ran Recovery,PERALATAN DAN MESIN,1.3.2.02.01.06.082
742,Ran Pengisi BB Pesawat,PERALATAN DAN MESIN,1.3.2.02.01.06.083
743,Ran Wrecker,PERALATAN DAN MESIN,1.3.2.02.01.06.084
744,Ran Forklip,PERALATAN DAN MESIN,1.3.2.02.01.06.085
745,Mobil Patroli,PERALATAN DAN MESIN,1.3.2.02.01.06.086
746,Kendaraan APC,PERALATAN DAN MESIN,1.3.2.02.01.06.087
747,Kendaraan Dare V,PERALATAN DAN MESIN,1.3.2.02.01.06.088
748,Kendaraan/Mobil Pengawalan,PERALATAN DAN MESIN,1.3.2.02.01.06.089
749,Mobil Irup,PERALATAN DAN MESIN,1.3.2.02.01.06.090
750,Mobil Komlek Polri,PERALATAN DAN MESIN,1.3.2.02.01.06.091
751,Mobil Unit TKP,PERALATAN DAN MESIN,1.3.2.02.01.06.092
752,Mobil Unit Laka Lantas,PERALATAN DAN MESIN,1.3.2.02.01.06.093
753,Mobil Unit Identifikasi,PERALATAN DAN MESIN,1.3.2.02.01.06.094
754,Mobil Unit Labfor,PERALATAN DAN MESIN,1.3.2.02.01.06.095
755,Mobil Unit Penerangan Polri,PERALATAN DAN MESIN,1.3.2.02.01.06.096
756,Mobil Unit Derek,PERALATAN DAN MESIN,1.3.2.02.01.06.097
757,Mobil Unit Satwa,PERALATAN DAN MESIN,1.3.2.02.01.06.098
758,Rantis PHH,PERALATAN DAN MESIN,1.3.2.02.01.06.099
759,Kendaraan Pos Polisi Mobile,PERALATAN DAN MESIN,1.3.2.02.01.06.100
760,Mobil Unit Alsus Jihandak,PERALATAN DAN MESIN,1.3.2.02.01.06.101
761,Mobil Golfcar,PERALATAN DAN MESIN,1.3.2.02.01.06.102
762,Rantis Rescue Samapta,PERALATAN DAN MESIN,1.3.2.02.01.06.103
763,Ransus Satwa Anjing Type Kecil,PERALATAN DAN MESIN,1.3.2.02.01.06.104
764,Ransus Satwa Anjing Type Sedang,PERALATAN DAN MESIN,1.3.2.02.01.06.105
765,Ransus Satwa Anjing Type Besar,PERALATAN DAN MESIN,1.3.2.02.01.06.106
766,Ransus Satwa Kuda Type Sedang,PERALATAN DAN MESIN,1.3.2.02.01.06.107
767,Ransus Satwa Kuda Type Besar,PERALATAN DAN MESIN,1.3.2.02.01.06.108
768,Trailer Kuda,PERALATAN DAN MESIN,1.3.2.02.01.06.109
769,kendaraan bermotor khusus  lainnya (dst),PERALATAN DAN MESIN,1.3.2.02.01.06.110
770,KENDARAAN TEMPUR,PERALATAN DAN MESIN,1.3.2.02.01.07.000
771,Kendaraan Tempur Roda Ban,PERALATAN DAN MESIN,1.3.2.02.01.07.001
772,Kendaraan Tempur Roda Rantai,PERALATAN DAN MESIN,1.3.2.02.01.07.002
773,Saladin,PERALATAN DAN MESIN,1.3.2.02.01.07.003
774,Saracen,PERALATAN DAN MESIN,1.3.2.02.01.07.004
775,Ferret,PERALATAN DAN MESIN,1.3.2.02.01.07.005
776,V-150,PERALATAN DAN MESIN,1.3.2.02.01.07.006
777,BTR,PERALATAN DAN MESIN,1.3.2.02.01.07.007
778,CO. Ranger,PERALATAN DAN MESIN,1.3.2.02.01.07.008
779,CO. Scout,PERALATAN DAN MESIN,1.3.2.02.01.07.009
780,BRDM,PERALATAN DAN MESIN,1.3.2.02.01.07.010
781,A. Yani,PERALATAN DAN MESIN,1.3.2.02.01.07.011
782,Panhard,PERALATAN DAN MESIN,1.3.2.02.01.07.012
783,VAB-NG,PERALATAN DAN MESIN,1.3.2.02.01.07.013
784,APR1 -V1,PERALATAN DAN MESIN,1.3.2.02.01.07.014
785,APS1 -V1,PERALATAN DAN MESIN,1.3.2.02.01.07.015
786,BVP,PERALATAN DAN MESIN,1.3.2.02.01.07.016
787,VPV / Recovery,PERALATAN DAN MESIN,1.3.2.02.01.07.017
788,Tank AMX 13 APC,PERALATAN DAN MESIN,1.3.2.02.01.07.018
789,Scorpion,PERALATAN DAN MESIN,1.3.2.02.01.07.019
790,Stormer (Kel Scorpion,PERALATAN DAN MESIN,1.3.2.02.01.07.020
791,PT-76,PERALATAN DAN MESIN,1.3.2.02.01.07.021
792,KAFA - 61,PERALATAN DAN MESIN,1.3.2.02.01.07.022
793,BMP - 2,PERALATAN DAN MESIN,1.3.2.02.01.07.023
794,Miclic/Giant Viper,PERALATAN DAN MESIN,1.3.2.02.01.07.024
795,kendaraan tempur  lainnya (dst),PERALATAN DAN MESIN,1.3.2.02.01.07.025
796,ALAT ANGKUTAN KERETA REL,PERALATAN DAN MESIN,1.3.2.02.01.08.000
797,Lokomotif Diesel Hidraulic,PERALATAN DAN MESIN,1.3.2.02.01.08.001
798,Lokomotif Diesel Listrik,PERALATAN DAN MESIN,1.3.2.02.01.08.002
799,Lokomotif Uap,PERALATAN DAN MESIN,1.3.2.02.01.08.003
800,Kereta Rel Listrik,PERALATAN DAN MESIN,1.3.2.02.01.08.004
801,Kereta Rel Diesel,PERALATAN DAN MESIN,1.3.2.02.01.08.005
802,Trolly Car/Lori,PERALATAN DAN MESIN,1.3.2.02.01.08.006
803,alat angkutan kereta rel  lainnya (dst),PERALATAN DAN MESIN,1.3.2.02.01.08.007
804,ALAT ANGKUTAN DARAT BERMOTOR LAINNYA,PERALATAN DAN MESIN,1.3.2.02.01.09.000
805,alat angkutan darat bermotor lainnya  lainnya (dst),PERALATAN DAN MESIN,1.3.2.02.01.09.001
806,ALAT ANGKUTAN DARAT TAK BERMOTOR,PERALATAN DAN MESIN,1.3.2.02.02.00.000
807,KENDARAAN TAK BERMOTOR ANGKUTAN BARANG,PERALATAN DAN MESIN,1.3.2.02.02.01.000
808,Gerobak Tarik,PERALATAN DAN MESIN,1.3.2.02.02.01.001
809,Gerobak Dorong,PERALATAN DAN MESIN,1.3.2.02.02.01.002
810,Caravan,PERALATAN DAN MESIN,1.3.2.02.02.01.003
811,Lori Dorong,PERALATAN DAN MESIN,1.3.2.02.02.01.004
812,Trailer,PERALATAN DAN MESIN,1.3.2.02.02.01.005
813,Container Dolly,PERALATAN DAN MESIN,1.3.2.02.02.01.006
814,Pallet Dolly,PERALATAN DAN MESIN,1.3.2.02.02.01.007
815,Baggage And Mail Cart,PERALATAN DAN MESIN,1.3.2.02.02.01.008
816,Baggage Trolly,PERALATAN DAN MESIN,1.3.2.02.02.01.009
817,Meja Dorong Saji/Trolley Saji,PERALATAN DAN MESIN,1.3.2.02.02.01.010
818,Roda Dua Berinsulasi,PERALATAN DAN MESIN,1.3.2.02.02.01.011
819,Roda Tiga/ Gerobak Kayuh Berinsulasi,PERALATAN DAN MESIN,1.3.2.02.02.01.012
820,kendaraan tak bermotor angkutan barang  lainnya (dst),PERALATAN DAN MESIN,1.3.2.02.02.01.013
821,KENDARAAN TAK BERMOTOR PENUMPANG,PERALATAN DAN MESIN,1.3.2.02.02.02.000
822,Sepeda,PERALATAN DAN MESIN,1.3.2.02.02.02.001
823,Dokar/Kuda (Kendaraan Tak Bermotor Penumpang),PERALATAN DAN MESIN,1.3.2.02.02.02.002
824,Tandu dorong,PERALATAN DAN MESIN,1.3.2.02.02.02.003
825,kendaraan tak bermotor penumpang  lainnya (dst),PERALATAN DAN MESIN,1.3.2.02.02.02.004
826,ALAT ANGKUTAN KERETA REL TAK BERMOTOR,PERALATAN DAN MESIN,1.3.2.02.02.03.000
827,Kereta Penumpang,PERALATAN DAN MESIN,1.3.2.02.02.03.001
828,Kereta Makan,PERALATAN DAN MESIN,1.3.2.02.02.03.002
829,Power Car,PERALATAN DAN MESIN,1.3.2.02.02.03.003
830,Gerbong Barang Tertutup,PERALATAN DAN MESIN,1.3.2.02.02.03.004
831,Gerbong Barang Terbuka,PERALATAN DAN MESIN,1.3.2.02.02.03.005
832,alat angkutan kereta rel tak bermotor  lainnya (dst),PERALATAN DAN MESIN,1.3.2.02.02.03.006
833,ALAT ANGKUTAN DARAT TAK BEMOTOR LAINNYA,PERALATAN DAN MESIN,1.3.2.02.02.04.000
834,alat angkutan darat tak bemotor lainnya  lainnya (dst),PERALATAN DAN MESIN,1.3.2.02.02.04.001
835,ALAT ANGKUTAN APUNG BERMOTOR,PERALATAN DAN MESIN,1.3.2.02.03.00.000
836,ALAT ANGKUTAN APUNG BERMOTOR UNTUK BARANG,PERALATAN DAN MESIN,1.3.2.02.03.01.000
837,Kapal Minyak (Tanker),PERALATAN DAN MESIN,1.3.2.02.03.01.001
838,Tongkang Bermotor,PERALATAN DAN MESIN,1.3.2.02.03.01.002
839,Tug Boat + Attachment,PERALATAN DAN MESIN,1.3.2.02.03.01.003
840,Landing Ship Transportation( L.S.T ),PERALATAN DAN MESIN,1.3.2.02.03.01.004
841,Kapal Hidrofoli,PERALATAN DAN MESIN,1.3.2.02.03.01.005
842,Kapal Motor,PERALATAN DAN MESIN,1.3.2.02.03.01.006
843,Kapal Cargo (Kapal Barang),PERALATAN DAN MESIN,1.3.2.02.03.01.007
844,Truck Air,PERALATAN DAN MESIN,1.3.2.02.03.01.008
845,alat angkutan apung bermotor untuk barang  lainnya (dst),PERALATAN DAN MESIN,1.3.2.02.03.01.009
846,ALAT ANGKUTAN APUNG BERMOTOR UNTUK PENUMPANG,PERALATAN DAN MESIN,1.3.2.02.03.02.000
847,Speed Boat / Motor Tempel,PERALATAN DAN MESIN,1.3.2.02.03.02.001
848,Motor Boat,PERALATAN DAN MESIN,1.3.2.02.03.02.002
849,Klotok,PERALATAN DAN MESIN,1.3.2.02.03.02.003
850,Ferry,PERALATAN DAN MESIN,1.3.2.02.03.02.004
851,Hidrofoil,PERALATAN DAN MESIN,1.3.2.02.03.02.005
852,Jetfoil,PERALATAN DAN MESIN,1.3.2.02.03.02.006
853,Long Boat,PERALATAN DAN MESIN,1.3.2.02.03.02.007
854,Kapal Passanger (Kapal Penumpang),PERALATAN DAN MESIN,1.3.2.02.03.02.008
855,Perahu Kayu,PERALATAN DAN MESIN,1.3.2.02.03.02.009
856,alat angkutan apung bermotor untuk penumpang  lainnya (dst),PERALATAN DAN MESIN,1.3.2.02.03.02.010
857,ALAT ANGKUTAN APUNG BERMOTOR KHUSUS,PERALATAN DAN MESIN,1.3.2.02.03.03.000
858,Surver Boat,PERALATAN DAN MESIN,1.3.2.02.03.03.001
859,Kapal Anti Polusi,PERALATAN DAN MESIN,1.3.2.02.03.03.002
860,Kapal Perambuan,PERALATAN DAN MESIN,1.3.2.02.03.03.003
861,Out Boat Motor,PERALATAN DAN MESIN,1.3.2.02.03.03.004
862,Kapal Hydrografi,PERALATAN DAN MESIN,1.3.2.02.03.03.005
863,Kapal Unit Penerangan Air,PERALATAN DAN MESIN,1.3.2.02.03.03.006
864,Kapal Visual Mini,PERALATAN DAN MESIN,1.3.2.02.03.03.007
865,Kapal Penangkap Ikan,PERALATAN DAN MESIN,1.3.2.02.03.03.008
866,Kapal Pengangkut Hewan,PERALATAN DAN MESIN,1.3.2.02.03.03.009
867,Kapal Patroli Pantai,PERALATAN DAN MESIN,1.3.2.02.03.03.010
868,Kapal Motor Perpustakaan Keliling,PERALATAN DAN MESIN,1.3.2.02.03.03.011
869,Floating Work Shop/Dock,PERALATAN DAN MESIN,1.3.2.02.03.03.012
870,Moring Boat/Kepil,PERALATAN DAN MESIN,1.3.2.02.03.03.013
871,Suction Dredger/Keruk Hisap,PERALATAN DAN MESIN,1.3.2.02.03.03.014
872,Qutter Dredger/Keruk Bor,PERALATAN DAN MESIN,1.3.2.02.03.03.015
873,Bucket Dredger/Keruk Timba,PERALATAN DAN MESIN,1.3.2.02.03.03.016
874,Clampshel Dredger/Keruk Cakram,PERALATAN DAN MESIN,1.3.2.02.03.03.017
875,Alat Angkutan Apung Untuk Mancing,PERALATAN DAN MESIN,1.3.2.02.03.03.018
876,Floating Pile + Attachment (Alat Angkutan Apung Bermotor Khusus),PERALATAN DAN MESIN,1.3.2.02.03.03.019
877,Sekoci Motor Tempel,PERALATAN DAN MESIN,1.3.2.02.03.03.020
878,Perahu Motor Tempel,PERALATAN DAN MESIN,1.3.2.02.03.03.021
879,Kapal Oseanografi,PERALATAN DAN MESIN,1.3.2.02.03.03.022
880,Perahu Tradisional,PERALATAN DAN MESIN,1.3.2.02.03.03.023
881,Sea Rider,PERALATAN DAN MESIN,1.3.2.02.03.03.024
882,Hover Craft,PERALATAN DAN MESIN,1.3.2.02.03.03.025
883,Kapal Pengangkut Ikan,PERALATAN DAN MESIN,1.3.2.02.03.03.026
884,Kapal Pengolah Ikan,PERALATAN DAN MESIN,1.3.2.02.03.03.027
885,Kapal Penelitian/ Eksplorasi Perikanan,PERALATAN DAN MESIN,1.3.2.02.03.03.028
886,Kapal Pendukung Operasi Penangkapan Ikan,PERALATAN DAN MESIN,1.3.2.02.03.03.029
887,Kapal Pendukung Operasi Pembudidayaan Ikan,PERALATAN DAN MESIN,1.3.2.02.03.03.030
888,Kapal Pengawas Perikanan,PERALATAN DAN MESIN,1.3.2.02.03.03.031
889,Perahu Intai 3 orang,PERALATAN DAN MESIN,1.3.2.02.03.03.032
890,Perahu Serbu 15 orang,PERALATAN DAN MESIN,1.3.2.02.03.03.033
891,Kapal Patroli Polisi,PERALATAN DAN MESIN,1.3.2.02.03.03.034
892,Jet Sky,PERALATAN DAN MESIN,1.3.2.02.03.03.035
893,alat angkutan apung bermotor khusus  lainnya (dst),PERALATAN DAN MESIN,1.3.2.02.03.03.036
894,ALAT ANGKUTAN APUNG BERMOTOR MILITER,PERALATAN DAN MESIN,1.3.2.02.03.04.000
895,Kapal Perusak Kawat (PK/PKR),PERALATAN DAN MESIN,1.3.2.02.03.04.001
896,Kapal Penyapu Ranjau,PERALATAN DAN MESIN,1.3.2.02.03.04.002
897,Kapal Cepat Rudal,PERALATAN DAN MESIN,1.3.2.02.03.04.003
898,Kapal Cepat Torpedo,PERALATAN DAN MESIN,1.3.2.02.03.04.004
899,Kapal Selam Samudra,PERALATAN DAN MESIN,1.3.2.02.03.04.005
900,Landing Ship Tank (LST),PERALATAN DAN MESIN,1.3.2.02.03.04.006
901,Markas Apung,PERALATAN DAN MESIN,1.3.2.02.03.04.007
902,Kapal Bantu Cair Minyak (BCM),PERALATAN DAN MESIN,1.3.2.02.03.04.008
903,Kapal Bantu Angkut Personel (BAP),PERALATAN DAN MESIN,1.3.2.02.03.04.009
904,Kapal Angkut Sebaguna,PERALATAN DAN MESIN,1.3.2.02.03.04.010
905,Kapal Bantu Umum,PERALATAN DAN MESIN,1.3.2.02.03.04.011
906,Kapal Patroli Cepat,PERALATAN DAN MESIN,1.3.2.02.03.04.012
907,"Kal 22 s.d. 25 ton, 16 s.d. 30 ton, 31 s.d. 100 ton",PERALATAN DAN MESIN,1.3.2.02.03.04.013
908,Kapal Latih,PERALATAN DAN MESIN,1.3.2.02.03.04.014
909,Bengkel Apung (BA),PERALATAN DAN MESIN,1.3.2.02.03.04.015
910,Bantu Hidro Oceanologi (BHO),PERALATAN DAN MESIN,1.3.2.02.03.04.016
911,Kapal Tundra Samudra,PERALATAN DAN MESIN,1.3.2.02.03.04.017
912,Kapal Pendarat,PERALATAN DAN MESIN,1.3.2.02.03.04.018
913,alat angkutan apung bermotor militer  lainnya (dst),PERALATAN DAN MESIN,1.3.2.02.03.04.019
914,ALAT ANGKUTAN APUNG BERMOTOR LAINNYA,PERALATAN DAN MESIN,1.3.2.02.03.05.000
915,alat angkutan apung bermotor lainnya  lainnya (dst),PERALATAN DAN MESIN,1.3.2.02.03.05.001
916,ALAT ANGKUTAN APUNG TAK BERMOTOR,PERALATAN DAN MESIN,1.3.2.02.04.00.000
917,ALAT ANGKUTAN APUNG TAK BERMOTOR UNTUK BARANG,PERALATAN DAN MESIN,1.3.2.02.04.01.000
918,Tongkang,PERALATAN DAN MESIN,1.3.2.02.04.01.001
919,Perahu Barang,PERALATAN DAN MESIN,1.3.2.02.04.01.002
920,alat angkutan apung tak bermotor untuk barang  lainnya (dst),PERALATAN DAN MESIN,1.3.2.02.04.01.003
921,ALAT ANGKUTAN APUNG TAK BERMOTOR UNTUK PENUMPANG,PERALATAN DAN MESIN,1.3.2.02.04.02.000
922,Perahu Penumpang,PERALATAN DAN MESIN,1.3.2.02.04.02.001
923,Perahu Penyeberangan,PERALATAN DAN MESIN,1.3.2.02.04.02.002
924,alat angkutan apung tak bermotor untuk penumpang  lainnya (dst),PERALATAN DAN MESIN,1.3.2.02.04.02.003
925,ALAT ANGKUTAN APUNG TAK BERMOTOR KHUSUS,PERALATAN DAN MESIN,1.3.2.02.04.03.000
926,Ponton,PERALATAN DAN MESIN,1.3.2.02.04.03.001
927,Perahu Karet (Alat Angkutan Apung Tak Bermotor Khusus),PERALATAN DAN MESIN,1.3.2.02.04.03.002
928,Ponton Rumah,PERALATAN DAN MESIN,1.3.2.02.04.03.003
929,Floating Platform/Rakit,PERALATAN DAN MESIN,1.3.2.02.04.03.004
930,alat angkutan apung tak bermotor khusus lainnya (dst),PERALATAN DAN MESIN,1.3.2.02.04.03.005
931,ALAT ANGKUTAN APUNG TAK BERMOTOR LAINNYA,PERALATAN DAN MESIN,1.3.2.02.04.04.000
932,alat angkutan apung tak bermotor lainnya  lainnya (dst),PERALATAN DAN MESIN,1.3.2.02.04.04.001
933,ALAT ANGKUTAN BERMOTOR UDARA,PERALATAN DAN MESIN,1.3.2.02.05.00.000
934,KAPAL TERBANG,PERALATAN DAN MESIN,1.3.2.02.05.01.000
935,Kapal Terbang Sayap Tetap Mesin Turbin ( Fuel Jet ),PERALATAN DAN MESIN,1.3.2.02.05.01.001
936,Kapal Terbang Sayap Tetap Mesin Turbo Prop,PERALATAN DAN MESIN,1.3.2.02.05.01.002
937,Kapal Terbang Sayap Tetap Mesin Torak,PERALATAN DAN MESIN,1.3.2.02.05.01.003
938,Kapal Terbang Sayap Putar Mesin Turbin,PERALATAN DAN MESIN,1.3.2.02.05.01.004
939,Kapal Terbang Sayap Putar Mesin Turbo,PERALATAN DAN MESIN,1.3.2.02.05.01.005
940,Kapal Terbang SayapPutar Mesin Torak,PERALATAN DAN MESIN,1.3.2.02.05.01.006
941,Kapal Terbang Angkut Taktis,PERALATAN DAN MESIN,1.3.2.02.05.01.007
942,Kapal Terbang Baling-baling,PERALATAN DAN MESIN,1.3.2.02.05.01.008
943,Intai Maritim,PERALATAN DAN MESIN,1.3.2.02.05.01.009
944,Amphibi,PERALATAN DAN MESIN,1.3.2.02.05.01.010
945,Kapal Terbang Latih,PERALATAN DAN MESIN,1.3.2.02.05.01.011
946,Helycopter,PERALATAN DAN MESIN,1.3.2.02.05.01.012
947,Pesawat Ringan (Track Flight),PERALATAN DAN MESIN,1.3.2.02.05.01.013
948,Pesawat Tempur,PERALATAN DAN MESIN,1.3.2.02.05.01.014
949,Pesawat Angkut,PERALATAN DAN MESIN,1.3.2.02.05.01.015
950,Pesawat Amphibi,PERALATAN DAN MESIN,1.3.2.02.05.01.016
951,Pesawat Latih,PERALATAN DAN MESIN,1.3.2.02.05.01.017
952,Pesawat Olah Raga,PERALATAN DAN MESIN,1.3.2.02.05.01.018
953,Helycopter Tanpa Awak,PERALATAN DAN MESIN,1.3.2.02.05.01.019
954,Pesawat Intai,PERALATAN DAN MESIN,1.3.2.02.05.01.020
955,Turbo Prop,PERALATAN DAN MESIN,1.3.2.02.05.01.021
956,kapal terbang lainnya (dst),PERALATAN DAN MESIN,1.3.2.02.05.01.022
957,ALAT ANGKUTAN TAK BERMOTOR UDARA LAINNYA,PERALATAN DAN MESIN,1.3.2.02.05.02.000
958,alat angkutan tak bermotor udara lainnya  lainnya (dst),PERALATAN DAN MESIN,1.3.2.02.05.02.001
959,ALAT BENGKEL DAN ALAT UKUR,PERALATAN DAN MESIN,1.3.2.03.00.00.000
960,ALAT BENGKEL BERMESIN,PERALATAN DAN MESIN,1.3.2.03.01.00.000
961,PERKAKAS KONSTRUKSI LOGAM TERPASANG PADA PONDASI,PERALATAN DAN MESIN,1.3.2.03.01.01.000
962,Mesin Bubut,PERALATAN DAN MESIN,1.3.2.03.01.01.001
963,Mesin Frais,PERALATAN DAN MESIN,1.3.2.03.01.01.002
964,Mesin Ketam (Perkakas Konstruksi Logam Terpasang Pada Pondasi),PERALATAN DAN MESIN,1.3.2.03.01.01.003
965,Mesin Press Hidrolik & Punch,PERALATAN DAN MESIN,1.3.2.03.01.01.004
966,Mesin Bor,PERALATAN DAN MESIN,1.3.2.03.01.01.005
967,Mesin Gergaji Logam,PERALATAN DAN MESIN,1.3.2.03.01.01.006
968,Mesin Gerinda,PERALATAN DAN MESIN,1.3.2.03.01.01.007
969,Mesin Rol,PERALATAN DAN MESIN,1.3.2.03.01.01.008
970,Mesin Bor Cylinder,PERALATAN DAN MESIN,1.3.2.03.01.01.009
971,Mesin Skrup,PERALATAN DAN MESIN,1.3.2.03.01.01.010
972,Mesin Meiling,PERALATAN DAN MESIN,1.3.2.03.01.01.011
973,Mesin Purel,PERALATAN DAN MESIN,1.3.2.03.01.01.012
974,Mesin Perapen,PERALATAN DAN MESIN,1.3.2.03.01.01.013
975,Mesin Sikat Kulit,PERALATAN DAN MESIN,1.3.2.03.01.01.014
976,Mesin Pemotong Kulit,PERALATAN DAN MESIN,1.3.2.03.01.01.015
977,Mesin Jahit Kulit,PERALATAN DAN MESIN,1.3.2.03.01.01.016
978,Mesin Pengepres Kulit,PERALATAN DAN MESIN,1.3.2.03.01.01.017
979,Mesin Kompresor,PERALATAN DAN MESIN,1.3.2.03.01.01.018
980,Mesin Las Listrik,PERALATAN DAN MESIN,1.3.2.03.01.01.019
981,Mesin Dynamo Kron,PERALATAN DAN MESIN,1.3.2.03.01.01.020
982,Mesin Sikat Besi Kron,PERALATAN DAN MESIN,1.3.2.03.01.01.021
983,Mesin Pemotong Fiberglas/Poliyster,PERALATAN DAN MESIN,1.3.2.03.01.01.022
984,Mesin Gulung Listrik,PERALATAN DAN MESIN,1.3.2.03.01.01.023
985,Mesin Pelubang (Perkakas Konstruksi Logam Terpasang Pada Pondasi),PERALATAN DAN MESIN,1.3.2.03.01.01.024
986,Mesin Penekuk/Lipat Plat,PERALATAN DAN MESIN,1.3.2.03.01.01.025
987,Mesin Gunting Plat,PERALATAN DAN MESIN,1.3.2.03.01.01.026
988,Mesin Pembengkok Uni,PERALATAN DAN MESIN,1.3.2.03.01.01.027
989,Mesin Amplas Plat,PERALATAN DAN MESIN,1.3.2.03.01.01.028
990,Mesin Pemotong Plat,PERALATAN DAN MESIN,1.3.2.03.01.01.029
991,Mesin Transmission Automotive,PERALATAN DAN MESIN,1.3.2.03.01.01.030
992,Mesin Pembengkok Logam,PERALATAN DAN MESIN,1.3.2.03.01.01.031
993,Mesin Crystal Growing,PERALATAN DAN MESIN,1.3.2.03.01.01.032
994,Mesin Laser Cutting,PERALATAN DAN MESIN,1.3.2.03.01.01.033
995,Mesin Laser Welding,PERALATAN DAN MESIN,1.3.2.03.01.01.034
996,Mesin Lipat Plat,PERALATAN DAN MESIN,1.3.2.03.01.01.035
997,Mesin Briket,PERALATAN DAN MESIN,1.3.2.03.01.01.036
998,Univ. Grinder Seting Valve,PERALATAN DAN MESIN,1.3.2.03.01.01.037
999,Univ. Grinder Valve Repair,PERALATAN DAN MESIN,1.3.2.03.01.01.038
1000,Mesin Serut,PERALATAN DAN MESIN,1.3.2.03.01.01.039
1001,Mesin Profile Kayu,PERALATAN DAN MESIN,1.3.2.03.01.01.040
1002,perkakas konstruksi logam terpasang pada pondasi  lainnya (dst),PERALATAN DAN MESIN,1.3.2.03.01.01.041
1003,PERKAKAS KONSTRUKSI LOGAM YANG TRANSPORTABLE (BERPINDAH),PERALATAN DAN MESIN,1.3.2.03.01.02.000
1004,Mesin Gerinda Tangan,PERALATAN DAN MESIN,1.3.2.03.01.02.001
1005,Mesin Bor Tangan,PERALATAN DAN MESIN,1.3.2.03.01.02.002
1006,Mesin Cylinder,PERALATAN DAN MESIN,1.3.2.03.01.02.003
1007,Riveting Machine,PERALATAN DAN MESIN,1.3.2.03.01.02.004
1008,Mesin Gulung Manual,PERALATAN DAN MESIN,1.3.2.03.01.02.005
1009,Mesin Ampelas Tangan,PERALATAN DAN MESIN,1.3.2.03.01.02.006
1010,Mesin Ampelas Rol Kecil,PERALATAN DAN MESIN,1.3.2.03.01.02.007
1011,Mesin Gergaji Besi,PERALATAN DAN MESIN,1.3.2.03.01.02.008
1012,perkakas konstruksi logam yang transportable (berpindah) lainnya (dst),PERALATAN DAN MESIN,1.3.2.03.01.02.009
1013,PERKAKAS BENGKEL LISTRIK,PERALATAN DAN MESIN,1.3.2.03.01.03.000
1014,Battery Charge,PERALATAN DAN MESIN,1.3.2.03.01.03.001
1015,Winder,PERALATAN DAN MESIN,1.3.2.03.01.03.002
1016,Transformator,PERALATAN DAN MESIN,1.3.2.03.01.03.003
1017,Solder Listrik,PERALATAN DAN MESIN,1.3.2.03.01.03.004
1018,Sedotan Timah Listrik,PERALATAN DAN MESIN,1.3.2.03.01.03.005
1019,Electrical Discharge,PERALATAN DAN MESIN,1.3.2.03.01.03.006
1020,Vertical machining Centre,PERALATAN DAN MESIN,1.3.2.03.01.03.007
1021,Copy Milling,PERALATAN DAN MESIN,1.3.2.03.01.03.008
1022,Surface Grinding Proth,PERALATAN DAN MESIN,1.3.2.03.01.03.009
1023,Cydrical Grinder Yam,PERALATAN DAN MESIN,1.3.2.03.01.03.010
1024,Capacity Die Casting,PERALATAN DAN MESIN,1.3.2.03.01.03.011
1025,Hmc Cintinati Milacron,PERALATAN DAN MESIN,1.3.2.03.01.03.012
1026,Engine Cylinder Research Engine,PERALATAN DAN MESIN,1.3.2.03.01.03.013
1027,Valve Sensor,PERALATAN DAN MESIN,1.3.2.03.01.03.014
1028,Coordinate Measuring Machines,PERALATAN DAN MESIN,1.3.2.03.01.03.015
1029,Engine Cooling System,PERALATAN DAN MESIN,1.3.2.03.01.03.016
1030,Outlet Manifodld Pressure,PERALATAN DAN MESIN,1.3.2.03.01.03.017
1031,Impulse Orbital Welder,PERALATAN DAN MESIN,1.3.2.03.01.03.018
1032,AVL DIGAS,PERALATAN DAN MESIN,1.3.2.03.01.03.019
1033,Electric Wire Rope,PERALATAN DAN MESIN,1.3.2.03.01.03.020
1034,Steam Pressure Gauge,PERALATAN DAN MESIN,1.3.2.03.01.03.021
1035,Savetuy Valve,PERALATAN DAN MESIN,1.3.2.03.01.03.022
1036,Tresher Statis,PERALATAN DAN MESIN,1.3.2.03.01.03.023
1037,Variac,PERALATAN DAN MESIN,1.3.2.03.01.03.024
1038,Mixer (Perkakas Bengkel Listrik),PERALATAN DAN MESIN,1.3.2.03.01.03.025
1039,Stepping Motor,PERALATAN DAN MESIN,1.3.2.03.01.03.026
1040,Cylinder Pressure Tranducer,PERALATAN DAN MESIN,1.3.2.03.01.03.027
1041,Engine Simulation Software Package,PERALATAN DAN MESIN,1.3.2.03.01.03.028
1042,Axhaust Gas Analizer,PERALATAN DAN MESIN,1.3.2.03.01.03.029
1043,Circular Saw,PERALATAN DAN MESIN,1.3.2.03.01.03.030
1044,Tester Listrik/Telepon/Internet,PERALATAN DAN MESIN,1.3.2.03.01.03.031
1045,Motor Listrik,PERALATAN DAN MESIN,1.3.2.03.01.03.032
1046,perkakas bengkel listrik  lainnya (dst),PERALATAN DAN MESIN,1.3.2.03.01.03.033
1047,PERKAKAS BENGKEL SERVICE,PERALATAN DAN MESIN,1.3.2.03.01.04.000
1048,Auto Lift,PERALATAN DAN MESIN,1.3.2.03.01.04.001
1049,Car Washer,PERALATAN DAN MESIN,1.3.2.03.01.04.002
1050,Steam Cleaner,PERALATAN DAN MESIN,1.3.2.03.01.04.003
1051,Lubriacating Equipment,PERALATAN DAN MESIN,1.3.2.03.01.04.004
1052,Mesin Spooring,PERALATAN DAN MESIN,1.3.2.03.01.04.005
1053,Mesin Balancer,PERALATAN DAN MESIN,1.3.2.03.01.04.006
1054,Brake Drum Lathe/Mesin Perata Tromol,PERALATAN DAN MESIN,1.3.2.03.01.04.007
1055,Pengasah Lubang Stang Piston,PERALATAN DAN MESIN,1.3.2.03.01.04.008
1056,Lubricating Set (Perkakas Bengkel Service),PERALATAN DAN MESIN,1.3.2.03.01.04.009
1057,Air Filter Regulator,PERALATAN DAN MESIN,1.3.2.03.01.04.010
1058,Diamond Care Drill Care,PERALATAN DAN MESIN,1.3.2.03.01.04.011
1059,AC Motor Control,PERALATAN DAN MESIN,1.3.2.03.01.04.012
1060,perkakas bengkel service  lainnya (dst),PERALATAN DAN MESIN,1.3.2.03.01.04.013
1061,PERKAKAS PENGANGKAT BERMESIN,PERALATAN DAN MESIN,1.3.2.03.01.05.000
1062,Overhead Crane,PERALATAN DAN MESIN,1.3.2.03.01.05.001
1063,Hoist,PERALATAN DAN MESIN,1.3.2.03.01.05.002
1064,Winch/LIR,PERALATAN DAN MESIN,1.3.2.03.01.05.003
1065,perkakas pengangkat bermesin  lainnya (dst),PERALATAN DAN MESIN,1.3.2.03.01.05.004
1066,PERKAKAS BENGKEL KAYU,PERALATAN DAN MESIN,1.3.2.03.01.06.000
1067,Mesin Gergaji,PERALATAN DAN MESIN,1.3.2.03.01.06.001
1068,Mesin Ketam (Perkakas Bengkel Kayu),PERALATAN DAN MESIN,1.3.2.03.01.06.002
1069,Mesin Bor Kayu,PERALATAN DAN MESIN,1.3.2.03.01.06.003
1070,Mesin Penghalus,PERALATAN DAN MESIN,1.3.2.03.01.06.004
1071,Mesin Penyambung Papan,PERALATAN DAN MESIN,1.3.2.03.01.06.005
1072,Tatah Listrik Oscar MK 361,PERALATAN DAN MESIN,1.3.2.03.01.06.006
1073,Pasah Listrik MKC,PERALATAN DAN MESIN,1.3.2.03.01.06.007
1074,Profile Listrik MKC,PERALATAN DAN MESIN,1.3.2.03.01.06.008
1075,Grendo Duduk,PERALATAN DAN MESIN,1.3.2.03.01.06.009
1076,Gergaji Bengkok ATS,PERALATAN DAN MESIN,1.3.2.03.01.06.010
1077,Amplas Listrik GMT,PERALATAN DAN MESIN,1.3.2.03.01.06.011
1078,Gergaji Chain Saw,PERALATAN DAN MESIN,1.3.2.03.01.06.012
1079,Table Saw 10 Eastco,PERALATAN DAN MESIN,1.3.2.03.01.06.013
1080,perkakas bengkel kayu  lainnya (dst),PERALATAN DAN MESIN,1.3.2.03.01.06.014
1081,PERKAKAS BENGKEL KHUSUS,PERALATAN DAN MESIN,1.3.2.03.01.07.000
1082,Mesin Jahit Terpal,PERALATAN DAN MESIN,1.3.2.03.01.07.001
1083,Perkakas Vulkanisir Ban,PERALATAN DAN MESIN,1.3.2.03.01.07.002
1084,Perkakas Bongkar/Pasang Ban,PERALATAN DAN MESIN,1.3.2.03.01.07.003
1085,Mesin Tenun Tekstil,PERALATAN DAN MESIN,1.3.2.03.01.07.004
1086,Mesin Celup (Perkakas Bengkel Khusus),PERALATAN DAN MESIN,1.3.2.03.01.07.005
1087,Pemasang Baru,PERALATAN DAN MESIN,1.3.2.03.01.07.006
1088,Mesin Tenun Jahit,PERALATAN DAN MESIN,1.3.2.03.01.07.007
1089,perkakas bengkel khusus  lainnya (dst),PERALATAN DAN MESIN,1.3.2.03.01.07.008
1090,PERALATAN LAS,PERALATAN DAN MESIN,1.3.2.03.01.08.000
1091,Peralatan Las Listrik,PERALATAN DAN MESIN,1.3.2.03.01.08.001
1092,Peralatan Las Karbit,PERALATAN DAN MESIN,1.3.2.03.01.08.002
1093,Peralatan Las Gas,PERALATAN DAN MESIN,1.3.2.03.01.08.003
1094,peralatan las  lainnya (dst),PERALATAN DAN MESIN,1.3.2.03.01.08.004
1095,PERKAKAS PABRIK ES,PERALATAN DAN MESIN,1.3.2.03.01.09.000
1096,Evaporator,PERALATAN DAN MESIN,1.3.2.03.01.09.001
1097,Air Blower,PERALATAN DAN MESIN,1.3.2.03.01.09.002
1098,Brine Tank,PERALATAN DAN MESIN,1.3.2.03.01.09.003
1099,Filling Divice,PERALATAN DAN MESIN,1.3.2.03.01.09.004
1100,Pipping Tank Divice,PERALATAN DAN MESIN,1.3.2.03.01.09.005
1101,Thawing Tank,PERALATAN DAN MESIN,1.3.2.03.01.09.006
1102,Can Frame,PERALATAN DAN MESIN,1.3.2.03.01.09.007
1103,Bring Tank Cover,PERALATAN DAN MESIN,1.3.2.03.01.09.008
1104,Clear Ice Equitment,PERALATAN DAN MESIN,1.3.2.03.01.09.009
1105,Reciver,PERALATAN DAN MESIN,1.3.2.03.01.09.010
1106,Elektrik Panel Cintrol,PERALATAN DAN MESIN,1.3.2.03.01.09.011
1107,Trafo Stater,PERALATAN DAN MESIN,1.3.2.03.01.09.012
1108,Tabung NH3,PERALATAN DAN MESIN,1.3.2.03.01.09.013
1109,Pompa Oliiez Compresor,PERALATAN DAN MESIN,1.3.2.03.01.09.014
1110,Condensor,PERALATAN DAN MESIN,1.3.2.03.01.09.015
1111,Agitator,PERALATAN DAN MESIN,1.3.2.03.01.09.016
1112,Bak Air,PERALATAN DAN MESIN,1.3.2.03.01.09.017
1113,Ice Cam,PERALATAN DAN MESIN,1.3.2.03.01.09.018
1114,perkakas pabrik es lainnya (dst),PERALATAN DAN MESIN,1.3.2.03.01.09.019
1115,ALAT BENGKEL BERMESIN LAINNYA,PERALATAN DAN MESIN,1.3.2.03.01.10.000
1116,alat bengkel bermesin lainnya  lainnya (dst),PERALATAN DAN MESIN,1.3.2.03.01.10.001
1117,ALAT BENGKEL TAK BERMESIN,PERALATAN DAN MESIN,1.3.2.03.02.00.000
1118,PERKAKAS BENGKEL KONSTRUKSI LOGAM,PERALATAN DAN MESIN,1.3.2.03.02.01.000
1119,Perkakas Dapur Tempa,PERALATAN DAN MESIN,1.3.2.03.02.01.001
1120,Perkakas Bangku Kerja,PERALATAN DAN MESIN,1.3.2.03.02.01.002
1121,Perkakas Pengukur,PERALATAN DAN MESIN,1.3.2.03.02.01.003
1122,Perkakas Pengecoran Logam,PERALATAN DAN MESIN,1.3.2.03.02.01.004
1123,R O L,PERALATAN DAN MESIN,1.3.2.03.02.01.005
1124,Perkakas Pemotong Plat,PERALATAN DAN MESIN,1.3.2.03.02.01.006
1125,Perkakas Press Hidrolik,PERALATAN DAN MESIN,1.3.2.03.02.01.007
1126,Perkakas Pemotong Kabel Sling,PERALATAN DAN MESIN,1.3.2.03.02.01.008
1127,Perkakas Pengecatan Kendaraan,PERALATAN DAN MESIN,1.3.2.03.02.01.009
1128,perkakas bengkel konstruksi logam  lainnya (dst),PERALATAN DAN MESIN,1.3.2.03.02.01.010
1129,PERKAKAS BENGKEL LISTRIK,PERALATAN DAN MESIN,1.3.2.03.02.02.000
1130,Armature Drying Oven,PERALATAN DAN MESIN,1.3.2.03.02.02.001
1131,Mica Undercutter,PERALATAN DAN MESIN,1.3.2.03.02.02.002
1132,Commutator Turning Tool,PERALATAN DAN MESIN,1.3.2.03.02.02.003
1133,Armature Crowler,PERALATAN DAN MESIN,1.3.2.03.02.02.004
1134,Solid State Soldering Gun,PERALATAN DAN MESIN,1.3.2.03.02.02.005
1135,perkakas bengkel listrik  lainnya (dst),PERALATAN DAN MESIN,1.3.2.03.02.02.006
1136,PERKAKAS BENGKEL SERVICE,PERALATAN DAN MESIN,1.3.2.03.02.03.000
1137,Lubricating Set (Perkakas Bengkel Service),PERALATAN DAN MESIN,1.3.2.03.02.03.001
1138,Jembatan Service Hidrolik,PERALATAN DAN MESIN,1.3.2.03.02.03.002
1139,Perlengkapan Bengkel Mekanik,PERALATAN DAN MESIN,1.3.2.03.02.03.003
1140,perkakas bengkel service  lainnya (dst),PERALATAN DAN MESIN,1.3.2.03.02.03.004
1141,PERKAKAS PENGANGKAT,PERALATAN DAN MESIN,1.3.2.03.02.04.000
1142,Dongkrak Mekanik,PERALATAN DAN MESIN,1.3.2.03.02.04.001
1143,Dongkrak Hidrolik,PERALATAN DAN MESIN,1.3.2.03.02.04.002
1144,T A K E L,PERALATAN DAN MESIN,1.3.2.03.02.04.003
1145,G A N T R Y,PERALATAN DAN MESIN,1.3.2.03.02.04.004
1146,T R I P O D,PERALATAN DAN MESIN,1.3.2.03.02.04.005
1147,Floor Crane,PERALATAN DAN MESIN,1.3.2.03.02.04.006
1148,perkakas pengangkat  lainnya (dst),PERALATAN DAN MESIN,1.3.2.03.02.04.007
1149,PERKAKAS STANDARD (STANDARD TOOLS),PERALATAN DAN MESIN,1.3.2.03.02.05.000
1150,Tool Kit Set,PERALATAN DAN MESIN,1.3.2.03.02.05.001
1151,Tool Kit Box,PERALATAN DAN MESIN,1.3.2.03.02.05.002
1152,Tool Cabinet Set,PERALATAN DAN MESIN,1.3.2.03.02.05.003
1153,Kunci Pipa,PERALATAN DAN MESIN,1.3.2.03.02.05.004
1154,Puller Set,PERALATAN DAN MESIN,1.3.2.03.02.05.005
1155,Tap Dies,PERALATAN DAN MESIN,1.3.2.03.02.05.006
1156,Greeper,PERALATAN DAN MESIN,1.3.2.03.02.05.007
1157,Engine Stand,PERALATAN DAN MESIN,1.3.2.03.02.05.008
1158,Kunci Moment,PERALATAN DAN MESIN,1.3.2.03.02.05.009
1159,Pembuat Fisik (DIESS),PERALATAN DAN MESIN,1.3.2.03.02.05.010
1160,Tungku Non Ferrous,PERALATAN DAN MESIN,1.3.2.03.02.05.011
1161,Wheel Chock (Perkakas Standard (standard Tools),PERALATAN DAN MESIN,1.3.2.03.02.05.012
1162,Maintenance Step,PERALATAN DAN MESIN,1.3.2.03.02.05.013
1163,Crimping Tolls,PERALATAN DAN MESIN,1.3.2.03.02.05.014
1164,Toolkit Tukang Kayu Ton,PERALATAN DAN MESIN,1.3.2.03.02.05.015
1165,Toolkit Tukang Batu Ton,PERALATAN DAN MESIN,1.3.2.03.02.05.016
1166,Toolkit Tukang Listrik,PERALATAN DAN MESIN,1.3.2.03.02.05.017
1167,Toolkit Pemeliharaan,PERALATAN DAN MESIN,1.3.2.03.02.05.018
1168,Toolkit Perbengkelan,PERALATAN DAN MESIN,1.3.2.03.02.05.019
1169,Toolkit Perpipaan,PERALATAN DAN MESIN,1.3.2.03.02.05.020
1170,Tool Outfit Pioner Electric,PERALATAN DAN MESIN,1.3.2.03.02.05.021
1171,Tool General Mechanic Set,PERALATAN DAN MESIN,1.3.2.03.02.05.022
1172,Toolkit Tukang Besi,PERALATAN DAN MESIN,1.3.2.03.02.05.023
1173,Tool Electrical Set,PERALATAN DAN MESIN,1.3.2.03.02.05.024
1174,Sawmil,PERALATAN DAN MESIN,1.3.2.03.02.05.025
1175,Unit Pelumas Portable,PERALATAN DAN MESIN,1.3.2.03.02.05.026
1176,Scafolding Set & Tool,PERALATAN DAN MESIN,1.3.2.03.02.05.027
1177,Hand Fallet,PERALATAN DAN MESIN,1.3.2.03.02.05.028
1178,Paron,PERALATAN DAN MESIN,1.3.2.03.02.05.029
1179,Cylinder Bearing,PERALATAN DAN MESIN,1.3.2.03.02.05.030
1180,Perlengkapan Bengkel Pengecatan,PERALATAN DAN MESIN,1.3.2.03.02.05.031
1181,perkakas standard (standard tools)  lainnya (dst),PERALATAN DAN MESIN,1.3.2.03.02.05.032
1182,PERKAKAS KHUSUS (SPECIAL TOOLS),PERALATAN DAN MESIN,1.3.2.03.02.06.000
1183,Kunci Khusus Untuk Engine,PERALATAN DAN MESIN,1.3.2.03.02.06.001
1184,Kunci Khusus Alat Besar Darat,PERALATAN DAN MESIN,1.3.2.03.02.06.002
1185,Kunci Khusus Alat Besar Apung,PERALATAN DAN MESIN,1.3.2.03.02.06.003
1186,Kunci Khusus Casis Alat Angkut Darat,PERALATAN DAN MESIN,1.3.2.03.02.06.004
1187,Kunci Khusus Casis,PERALATAN DAN MESIN,1.3.2.03.02.06.005
1188,Kunci Khusus Alat Angkut Apung,PERALATAN DAN MESIN,1.3.2.03.02.06.006
1189,Kunci Khusus Pembuka Mur/Baut,PERALATAN DAN MESIN,1.3.2.03.02.06.007
1190,Kunci Khusus Moment,PERALATAN DAN MESIN,1.3.2.03.02.06.008
1191,Kunci Khusus Alat Besar Udara,PERALATAN DAN MESIN,1.3.2.03.02.06.009
1192,Kunci Khusus Casis Alat Besar Udara,PERALATAN DAN MESIN,1.3.2.03.02.06.010
1193,Digital Tang Ampere,PERALATAN DAN MESIN,1.3.2.03.02.06.011
1194,Digital Tachometer,PERALATAN DAN MESIN,1.3.2.03.02.06.012
1195,Foot Klep,PERALATAN DAN MESIN,1.3.2.03.02.06.013
1196,Cincin/Kopling Slang Hydrant,PERALATAN DAN MESIN,1.3.2.03.02.06.014
1197,Kunci L,PERALATAN DAN MESIN,1.3.2.03.02.06.015
1198,TBA,PERALATAN DAN MESIN,1.3.2.03.02.06.016
1199,perkakas khusus (special tools) lainnya (dst),PERALATAN DAN MESIN,1.3.2.03.02.06.017
1200,PERKAKAS BENGKEL KERJA,PERALATAN DAN MESIN,1.3.2.03.02.07.000
1201,Gergaji,PERALATAN DAN MESIN,1.3.2.03.02.07.001
1202,Ketam,PERALATAN DAN MESIN,1.3.2.03.02.07.002
1203,Bor,PERALATAN DAN MESIN,1.3.2.03.02.07.003
1204,Pahat,PERALATAN DAN MESIN,1.3.2.03.02.07.004
1205,Kakak Tua,PERALATAN DAN MESIN,1.3.2.03.02.07.005
1206,Water Pas,PERALATAN DAN MESIN,1.3.2.03.02.07.006
1207,Siku,PERALATAN DAN MESIN,1.3.2.03.02.07.007
1208,Palu,PERALATAN DAN MESIN,1.3.2.03.02.07.008
1209,perkakas bengkel kerja  lainnya (dst),PERALATAN DAN MESIN,1.3.2.03.02.07.009
1210,PERALATAN TUKANG BESI,PERALATAN DAN MESIN,1.3.2.03.02.08.000
1211,Tanggem,PERALATAN DAN MESIN,1.3.2.03.02.08.001
1212,Gunting Plat,PERALATAN DAN MESIN,1.3.2.03.02.08.002
1213,Landasan Kenteng,PERALATAN DAN MESIN,1.3.2.03.02.08.003
1214,Kunci Kaul,PERALATAN DAN MESIN,1.3.2.03.02.08.004
1215,Gunting Plat Tangan,PERALATAN DAN MESIN,1.3.2.03.02.08.005
1216,Tang Kombinasi,PERALATAN DAN MESIN,1.3.2.03.02.08.006
1217,Tang Potong,PERALATAN DAN MESIN,1.3.2.03.02.08.007
1218,"Betel, Seter, Drip, Dreg, Sneper",PERALATAN DAN MESIN,1.3.2.03.02.08.008
1219,Pukul Konde,PERALATAN DAN MESIN,1.3.2.03.02.08.009
1220,Pukul Lengkung,PERALATAN DAN MESIN,1.3.2.03.02.08.010
1221,Pukul Sabit,PERALATAN DAN MESIN,1.3.2.03.02.08.011
1222,Kikir,PERALATAN DAN MESIN,1.3.2.03.02.08.012
1223,Kunci Pas,PERALATAN DAN MESIN,1.3.2.03.02.08.013
1224,Tang Senai & Tap,PERALATAN DAN MESIN,1.3.2.03.02.08.014
1225,Drei Biasa (Obeng),PERALATAN DAN MESIN,1.3.2.03.02.08.015
1226,Drei Kembang (Obeng),PERALATAN DAN MESIN,1.3.2.03.02.08.016
1227,Drei Ketok (Obeng),PERALATAN DAN MESIN,1.3.2.03.02.08.017
1228,Seket Mat,PERALATAN DAN MESIN,1.3.2.03.02.08.018
1229,Jangka Besi,PERALATAN DAN MESIN,1.3.2.03.02.08.019
1230,Kunci Stang,PERALATAN DAN MESIN,1.3.2.03.02.08.020
1231,peralatan tukang besi  lainnya (dst),PERALATAN DAN MESIN,1.3.2.03.02.08.021
1232,PERALATAN TUKANG KAYU,PERALATAN DAN MESIN,1.3.2.03.02.09.000
1233,Tatah Biasa,PERALATAN DAN MESIN,1.3.2.03.02.09.001
1234,Tatah Lengkung,PERALATAN DAN MESIN,1.3.2.03.02.09.002
1235,Kaota,PERALATAN DAN MESIN,1.3.2.03.02.09.003
1236,Petel,PERALATAN DAN MESIN,1.3.2.03.02.09.004
1237,Patar,PERALATAN DAN MESIN,1.3.2.03.02.09.005
1238,Bor Engkol,PERALATAN DAN MESIN,1.3.2.03.02.09.006
1239,Perlengkapan Bengkel Kayu,PERALATAN DAN MESIN,1.3.2.03.02.09.007
1240,peralatan tukang kayu  lainnya (dst),PERALATAN DAN MESIN,1.3.2.03.02.09.008
1241,PERALATAN TUKANG KAYU,PERALATAN DAN MESIN,1.3.2.03.02.10.000
1242,Pisau Kulit,PERALATAN DAN MESIN,1.3.2.03.02.10.001
1243,Pandokan Sepatu,PERALATAN DAN MESIN,1.3.2.03.02.10.002
1244,Lis Sepatu,PERALATAN DAN MESIN,1.3.2.03.02.10.003
1245,Cokro,PERALATAN DAN MESIN,1.3.2.03.02.10.004
1246,Plong Kulit,PERALATAN DAN MESIN,1.3.2.03.02.10.005
1247,Catut,PERALATAN DAN MESIN,1.3.2.03.02.10.006
1248,Pukul Sepatu,PERALATAN DAN MESIN,1.3.2.03.02.10.007
1249,Gunting Kulit,PERALATAN DAN MESIN,1.3.2.03.02.10.008
1250,Gunting Kain,PERALATAN DAN MESIN,1.3.2.03.02.10.009
1251,Drek Mata Ayam,PERALATAN DAN MESIN,1.3.2.03.02.10.010
1252,Jarum Kulit Satu Set,PERALATAN DAN MESIN,1.3.2.03.02.10.011
1253,Uncek,PERALATAN DAN MESIN,1.3.2.03.02.10.012
1254,peralatan tukang kayu  lainnya (dst),PERALATAN DAN MESIN,1.3.2.03.02.10.013
1255,"PERALATAN UKUR, GIP DAN FEETING",PERALATAN DAN MESIN,1.3.2.03.02.11.000
1256,Dipan Ukur,PERALATAN DAN MESIN,1.3.2.03.02.11.001
1257,Meteran Kain,PERALATAN DAN MESIN,1.3.2.03.02.11.002
1258,Rol Meter,PERALATAN DAN MESIN,1.3.2.03.02.11.003
1259,Jangka Berkaki,PERALATAN DAN MESIN,1.3.2.03.02.11.004
1260,Patar Gip,PERALATAN DAN MESIN,1.3.2.03.02.11.005
1261,Pisau Gip,PERALATAN DAN MESIN,1.3.2.03.02.11.006
1262,Pararel Bar,PERALATAN DAN MESIN,1.3.2.03.02.11.007
1263,Cermin Besar,PERALATAN DAN MESIN,1.3.2.03.02.11.008
1264,Tangga Latihan,PERALATAN DAN MESIN,1.3.2.03.02.11.009
1265,Trap Latihan,PERALATAN DAN MESIN,1.3.2.03.02.11.010
1266,"peralatan ukur, gip dan feeting  lainnya (dst)",PERALATAN DAN MESIN,1.3.2.03.02.11.011
1267,PERALATAN BENGKEL KHUSUS PELADAM,PERALATAN DAN MESIN,1.3.2.03.02.12.000
1268,Mesin CNC,PERALATAN DAN MESIN,1.3.2.03.02.12.001
1269,Dynamo Tungku,PERALATAN DAN MESIN,1.3.2.03.02.12.002
1270,Mesin Frais,PERALATAN DAN MESIN,1.3.2.03.02.12.003
1271,Mesin Skraf,PERALATAN DAN MESIN,1.3.2.03.02.12.004
1272,Mesin Bor Meja / Kaki Listrik,PERALATAN DAN MESIN,1.3.2.03.02.12.005
1273,Palu Besar,PERALATAN DAN MESIN,1.3.2.03.02.12.006
1274,Mesin Korter,PERALATAN DAN MESIN,1.3.2.03.02.12.007
1275,Palu Kecil,PERALATAN DAN MESIN,1.3.2.03.02.12.008
1276,Mesin Gerinda Duduk (Bench Gerinda),PERALATAN DAN MESIN,1.3.2.03.02.12.009
1277,Gegep Pemotong Kuku,PERALATAN DAN MESIN,1.3.2.03.02.12.010
1278,Gegep Pemotong Paku,PERALATAN DAN MESIN,1.3.2.03.02.12.011
1279,Pisau Renet,PERALATAN DAN MESIN,1.3.2.03.02.12.012
1280,Mesin Jahit Terpal,PERALATAN DAN MESIN,1.3.2.03.02.12.013
1281,Pelobang Tapel,PERALATAN DAN MESIN,1.3.2.03.02.12.014
1282,Tang Buaya,PERALATAN DAN MESIN,1.3.2.03.02.12.015
1283,Mesin Battery Set / Pengisi Accu,PERALATAN DAN MESIN,1.3.2.03.02.12.016
1284,Peralatan Bengkel Lainnya,PERALATAN DAN MESIN,1.3.2.03.02.12.017
1285,Mesin Blower Listrik / Mekanik,PERALATAN DAN MESIN,1.3.2.03.02.12.018
1286,Mesin Sikat / Brush Machine,PERALATAN DAN MESIN,1.3.2.03.02.12.019
1287,Mesin Pembuka Ban,PERALATAN DAN MESIN,1.3.2.03.02.12.020
1288,Mesin Slep Kruk As,PERALATAN DAN MESIN,1.3.2.03.02.12.021
1289,Mesin Asah Silider Cop,PERALATAN DAN MESIN,1.3.2.03.02.12.022
1290,Mesin Gulung Spool,PERALATAN DAN MESIN,1.3.2.03.02.12.023
1291,Mesin Gulung Plat,PERALATAN DAN MESIN,1.3.2.03.02.12.024
1292,Mesin Pompa air PMK,PERALATAN DAN MESIN,1.3.2.03.02.12.025
1293,Mesin Asah Klep,PERALATAN DAN MESIN,1.3.2.03.02.12.026
1294,Mesin Tusuk / Stik,PERALATAN DAN MESIN,1.3.2.03.02.12.027
1295,Mesin Bor Listrik Tangan,PERALATAN DAN MESIN,1.3.2.03.02.12.028
1296,Mesin Nimbling,PERALATAN DAN MESIN,1.3.2.03.02.12.029
1297,Mesin Gerinda tangan Listrik,PERALATAN DAN MESIN,1.3.2.03.02.12.030
1298,Mesin Potong plat bentuk / hand nimbler,PERALATAN DAN MESIN,1.3.2.03.02.12.031
1299,Unit Cat,PERALATAN DAN MESIN,1.3.2.03.02.12.032
1300,Cut Off Saw,PERALATAN DAN MESIN,1.3.2.03.02.12.033
1301,Mesin Analisa System,PERALATAN DAN MESIN,1.3.2.03.02.12.034
1302,Blender Las Potong,PERALATAN DAN MESIN,1.3.2.03.02.12.035
1303,Mesin Cuci kendaraan/ Car Washer,PERALATAN DAN MESIN,1.3.2.03.02.12.036
1304,Perkakas AC,PERALATAN DAN MESIN,1.3.2.03.02.12.037
1305,peralatan bengkel khusus peladam  lainnya (dst),PERALATAN DAN MESIN,1.3.2.03.02.12.038
1306,ALAT BENGKEL TAK BERMESIN LAINNYA,PERALATAN DAN MESIN,1.3.2.03.02.13.000
1307,alat bengkel tak bermesin lainnya  lainnya (dst),PERALATAN DAN MESIN,1.3.2.03.02.13.001
1308,ALAT UKUR,PERALATAN DAN MESIN,1.3.2.03.03.00.000
1309,ALAT UKUR UNIVERSAL,PERALATAN DAN MESIN,1.3.2.03.03.01.000
1310,Af Generator Tone Generator,PERALATAN DAN MESIN,1.3.2.03.03.01.001
1311,Audio Signal Source,PERALATAN DAN MESIN,1.3.2.03.03.01.002
1312,Audio Test Set,PERALATAN DAN MESIN,1.3.2.03.03.01.003
1313,Audio Morse & Distributor Meter,PERALATAN DAN MESIN,1.3.2.03.03.01.004
1314,Audio Sweep Osilator,PERALATAN DAN MESIN,1.3.2.03.03.01.005
1315,VTVM Volt,PERALATAN DAN MESIN,1.3.2.03.03.01.006
1316,Independence Meter,PERALATAN DAN MESIN,1.3.2.03.03.01.007
1317,Decible Meter,PERALATAN DAN MESIN,1.3.2.03.03.01.008
1318,Crt Tester,PERALATAN DAN MESIN,1.3.2.03.03.01.009
1319,Circuit Tester (Alat Ukur Universal),PERALATAN DAN MESIN,1.3.2.03.03.01.010
1320,Electronic Capasitor Tester,PERALATAN DAN MESIN,1.3.2.03.03.01.011
1321,Illumino Meter,PERALATAN DAN MESIN,1.3.2.03.03.01.012
1322,IC Tester Semi Test IV,PERALATAN DAN MESIN,1.3.2.03.03.01.013
1323,IC Meter,PERALATAN DAN MESIN,1.3.2.03.03.01.014
1324,Mihvolt Meter,PERALATAN DAN MESIN,1.3.2.03.03.01.015
1325,Multitester & Accessorie,PERALATAN DAN MESIN,1.3.2.03.03.01.016
1326,Multisester Digital,PERALATAN DAN MESIN,1.3.2.03.03.01.017
1327,Photo Illumination Meter,PERALATAN DAN MESIN,1.3.2.03.03.01.018
1328,Transistor Tester Semitest I,PERALATAN DAN MESIN,1.3.2.03.03.01.019
1329,Transistor Tester Semitest II,PERALATAN DAN MESIN,1.3.2.03.03.01.020
1330,Transistor Tester Semitest V,PERALATAN DAN MESIN,1.3.2.03.03.01.021
1331,Transistor Tester AVO,PERALATAN DAN MESIN,1.3.2.03.03.01.022
1332,Volt Meter Elektronik,PERALATAN DAN MESIN,1.3.2.03.03.01.023
1333,Volt Meter Digital,PERALATAN DAN MESIN,1.3.2.03.03.01.024
1334,Volt Meter Higt Tension,PERALATAN DAN MESIN,1.3.2.03.03.01.025
1335,Widw Band Level Meter,PERALATAN DAN MESIN,1.3.2.03.03.01.026
1336,Automatic Distrotion Meter,PERALATAN DAN MESIN,1.3.2.03.03.01.027
1337,Power Meter And Accessories,PERALATAN DAN MESIN,1.3.2.03.03.01.028
1338,PH Meter (Alat Ukur Universal),PERALATAN DAN MESIN,1.3.2.03.03.01.029
1339,Quasi Peak Meter,PERALATAN DAN MESIN,1.3.2.03.03.01.030
1340,Thruline Watt Meter,PERALATAN DAN MESIN,1.3.2.03.03.01.031
1341,Digital Multimeter (Alat Ukur Universal),PERALATAN DAN MESIN,1.3.2.03.03.01.032
1342,Multi Meter,PERALATAN DAN MESIN,1.3.2.03.03.01.033
1343,Meter Calibrator,PERALATAN DAN MESIN,1.3.2.03.03.01.034
1344,Moise Figure Meter,PERALATAN DAN MESIN,1.3.2.03.03.01.035
1345,Distortion Analyzer,PERALATAN DAN MESIN,1.3.2.03.03.01.036
1346,Vector Volt Meter (Alat Ukur Universal),PERALATAN DAN MESIN,1.3.2.03.03.01.037
1347,Pulse Generator (Alat Ukur Universal),PERALATAN DAN MESIN,1.3.2.03.03.01.038
1348,DME Ground Station Test Set (Alat Ukur Universal),PERALATAN DAN MESIN,1.3.2.03.03.01.039
1349,UHF Signal Generator,PERALATAN DAN MESIN,1.3.2.03.03.01.040
1350,Sweep Oscillator (Alat Ukur Universal),PERALATAN DAN MESIN,1.3.2.03.03.01.041
1351,VHF Signal Generator,PERALATAN DAN MESIN,1.3.2.03.03.01.042
1352,Spektrum Analyzer,PERALATAN DAN MESIN,1.3.2.03.03.01.043
1353,Tube Tester (Alat Ukur Universal),PERALATAN DAN MESIN,1.3.2.03.03.01.044
1354,Dosimeter & Accesories,PERALATAN DAN MESIN,1.3.2.03.03.01.045
1355,Survey Meter (Alat Ukur Universal),PERALATAN DAN MESIN,1.3.2.03.03.01.046
1356,Sound Detector,PERALATAN DAN MESIN,1.3.2.03.03.01.047
1357,Vidicon Quick Tester,PERALATAN DAN MESIN,1.3.2.03.03.01.048
1358,Pattern For TV Adjustment,PERALATAN DAN MESIN,1.3.2.03.03.01.049
1359,Power Meter Cillibrator,PERALATAN DAN MESIN,1.3.2.03.03.01.050
1360,Thermistor,PERALATAN DAN MESIN,1.3.2.03.03.01.051
1361,"Signal Generator Audio VHF, UHF",PERALATAN DAN MESIN,1.3.2.03.03.01.052
1362,X - Tal Detector,PERALATAN DAN MESIN,1.3.2.03.03.01.053
1363,CO - Axial Slot Line,PERALATAN DAN MESIN,1.3.2.03.03.01.054
1364,RF Volt Meter,PERALATAN DAN MESIN,1.3.2.03.03.01.055
1365,Frekquency Wave Meter,PERALATAN DAN MESIN,1.3.2.03.03.01.056
1366,Megger,PERALATAN DAN MESIN,1.3.2.03.03.01.057
1367,CO Axial Attenuator,PERALATAN DAN MESIN,1.3.2.03.03.01.058
1368,Variabel CO Axial Attenuator,PERALATAN DAN MESIN,1.3.2.03.03.01.059
1369,Directional Coupler (Alat Ukur Universal),PERALATAN DAN MESIN,1.3.2.03.03.01.060
1370,Pin Modulator,PERALATAN DAN MESIN,1.3.2.03.03.01.061
1371,Logig Trouble Shoting Kit,PERALATAN DAN MESIN,1.3.2.03.03.01.062
1372,SWR Meter,PERALATAN DAN MESIN,1.3.2.03.03.01.063
1373,Memori Programmer,PERALATAN DAN MESIN,1.3.2.03.03.01.064
1374,Logig Statc Analyzer,PERALATAN DAN MESIN,1.3.2.03.03.01.065
1375,Frequency Cuonter,PERALATAN DAN MESIN,1.3.2.03.03.01.066
1376,Universal Bridge,PERALATAN DAN MESIN,1.3.2.03.03.01.067
1377,FB Meter,PERALATAN DAN MESIN,1.3.2.03.03.01.068
1378,Noise,PERALATAN DAN MESIN,1.3.2.03.03.01.069
1379,Radiation Monitor Isotropic,PERALATAN DAN MESIN,1.3.2.03.03.01.070
1380,Phase Meter,PERALATAN DAN MESIN,1.3.2.03.03.01.071
1381,Global Positioning System,PERALATAN DAN MESIN,1.3.2.03.03.01.072
1382,ILS. Calibration RX.,PERALATAN DAN MESIN,1.3.2.03.03.01.073
1383,DCP ( Alat Control ) Sensor,PERALATAN DAN MESIN,1.3.2.03.03.01.074
1384,Moisteur Meter,PERALATAN DAN MESIN,1.3.2.03.03.01.075
1385,Rota Meter,PERALATAN DAN MESIN,1.3.2.03.03.01.076
1386,Mini Phasec View,PERALATAN DAN MESIN,1.3.2.03.03.01.077
1387,Frequency Inverter,PERALATAN DAN MESIN,1.3.2.03.03.01.078
1388,Accumeter,PERALATAN DAN MESIN,1.3.2.03.03.01.079
1389,Temperatur Digital,PERALATAN DAN MESIN,1.3.2.03.03.01.080
1390,Argometer,PERALATAN DAN MESIN,1.3.2.03.03.01.081
1391,Dial Test Indicator,PERALATAN DAN MESIN,1.3.2.03.03.01.082
1392,Speed Meter,PERALATAN DAN MESIN,1.3.2.03.03.01.083
1393,"Oil Bath, Hart Scientific",PERALATAN DAN MESIN,1.3.2.03.03.01.084
1394,Speed Detector,PERALATAN DAN MESIN,1.3.2.03.03.01.085
1395,Thermohygrometer (Alat Ukur Universal),PERALATAN DAN MESIN,1.3.2.03.03.01.086
1396,Traffic Counter,PERALATAN DAN MESIN,1.3.2.03.03.01.087
1397,Standar Test Gauge,PERALATAN DAN MESIN,1.3.2.03.03.01.088
1398,Sigma Meter,PERALATAN DAN MESIN,1.3.2.03.03.01.089
1399,Ionisasi Meter,PERALATAN DAN MESIN,1.3.2.03.03.01.090
1400,Rotan Sampler Spliter,PERALATAN DAN MESIN,1.3.2.03.03.01.091
1401,Henry Meter,PERALATAN DAN MESIN,1.3.2.03.03.01.092
1402,Mesin Kocok Horisontal,PERALATAN DAN MESIN,1.3.2.03.03.01.093
1403,Capasitor Meter,PERALATAN DAN MESIN,1.3.2.03.03.01.094
1404,Microprocessor Conductivity,PERALATAN DAN MESIN,1.3.2.03.03.01.095
1405,UHF Out Pusttessting Equipment,PERALATAN DAN MESIN,1.3.2.03.03.01.096
1406,Shrangkage Limit Apparatus,PERALATAN DAN MESIN,1.3.2.03.03.01.097
1407,R.F. Signal Generator,PERALATAN DAN MESIN,1.3.2.03.03.01.098
1408,Dewmeter Print,PERALATAN DAN MESIN,1.3.2.03.03.01.099
1409,Orbital Shaker,PERALATAN DAN MESIN,1.3.2.03.03.01.100
1410,VHF/UHF Dummy Load,PERALATAN DAN MESIN,1.3.2.03.03.01.101
1411,Ozonizer,PERALATAN DAN MESIN,1.3.2.03.03.01.102
1412,Psophometric Weighting Network,PERALATAN DAN MESIN,1.3.2.03.03.01.103
1413,Personal CDT,PERALATAN DAN MESIN,1.3.2.03.03.01.104
1414,Portable Test Reck,PERALATAN DAN MESIN,1.3.2.03.03.01.105
1415,Radio Meter (Alat Ukur Universal),PERALATAN DAN MESIN,1.3.2.03.03.01.106
1416,Nmotor Drive Wire Wropper,PERALATAN DAN MESIN,1.3.2.03.03.01.107
1417,Salinity Temp Depth Analizer,PERALATAN DAN MESIN,1.3.2.03.03.01.108
1418,Digital Circuit Tester,PERALATAN DAN MESIN,1.3.2.03.03.01.109
1419,Salinometer,PERALATAN DAN MESIN,1.3.2.03.03.01.110
1420,Field Strength Meter,PERALATAN DAN MESIN,1.3.2.03.03.01.111
1421,Acientific Soundeer System,PERALATAN DAN MESIN,1.3.2.03.03.01.112
1422,Alterneatur,PERALATAN DAN MESIN,1.3.2.03.03.01.113
1423,Senter Bawah Air,PERALATAN DAN MESIN,1.3.2.03.03.01.114
1424,Mega Ohm Tester,PERALATAN DAN MESIN,1.3.2.03.03.01.115
1425,Six Place Hidromanifold,PERALATAN DAN MESIN,1.3.2.03.03.01.116
1426,Insulation Tester (Alat Ukur Universal),PERALATAN DAN MESIN,1.3.2.03.03.01.117
1427,Sonicator Virsoic Call Disluptor,PERALATAN DAN MESIN,1.3.2.03.03.01.118
1428,Electric Bench,PERALATAN DAN MESIN,1.3.2.03.03.01.119
1429,Sweep Function Generator,PERALATAN DAN MESIN,1.3.2.03.03.01.120
1430,Loadmeter,PERALATAN DAN MESIN,1.3.2.03.03.01.121
1431,System UV Sterelisasi dan Sirkulasi AI,PERALATAN DAN MESIN,1.3.2.03.03.01.122
1432,Counter Tester,PERALATAN DAN MESIN,1.3.2.03.03.01.123
1433,System For Chemical Oxygen Demond,PERALATAN DAN MESIN,1.3.2.03.03.01.124
1434,The Dacor Seasprint Under Water Vehicle,PERALATAN DAN MESIN,1.3.2.03.03.01.125
1435,Titration Unit,PERALATAN DAN MESIN,1.3.2.03.03.01.126
1436,Ultrasonic Cleaner (Alat Ukur Universal),PERALATAN DAN MESIN,1.3.2.03.03.01.127
1437,Water Analysis Kit,PERALATAN DAN MESIN,1.3.2.03.03.01.128
1438,Wheel Meter,PERALATAN DAN MESIN,1.3.2.03.03.01.129
1439,Proyection Polariscope,PERALATAN DAN MESIN,1.3.2.03.03.01.130
1440,CDMA/GSM Test,PERALATAN DAN MESIN,1.3.2.03.03.01.131
1441,Antenna Selector,PERALATAN DAN MESIN,1.3.2.03.03.01.132
1442,Log Periodic Antenna,PERALATAN DAN MESIN,1.3.2.03.03.01.133
1443,Alat Ukur Sigmat,PERALATAN DAN MESIN,1.3.2.03.03.01.134
1444,Alat ukur Air Aki,PERALATAN DAN MESIN,1.3.2.03.03.01.135
1445,True Root Mean Square (RMS) Multimeter,PERALATAN DAN MESIN,1.3.2.03.03.01.136
1446,alat ukur universal  lainnya (dst),PERALATAN DAN MESIN,1.3.2.03.03.01.137
1447,ALAT UKUR/TEST INTELEGENSIA,PERALATAN DAN MESIN,1.3.2.03.03.02.000
1448,Test Intelegensia WPPS,PERALATAN DAN MESIN,1.3.2.03.03.02.001
1449,Test Intelegensia WISC,PERALATAN DAN MESIN,1.3.2.03.03.02.002
1450,Test Intelegensia WB,PERALATAN DAN MESIN,1.3.2.03.03.02.003
1451,Test Intelegensia WB Advence,PERALATAN DAN MESIN,1.3.2.03.03.02.004
1452,Test Intelegensia Progresive Matricaral,PERALATAN DAN MESIN,1.3.2.03.03.02.005
1453,Test Intelegensia Vineland,PERALATAN DAN MESIN,1.3.2.03.03.02.006
1454,Test Intelegensia Black Passalon,PERALATAN DAN MESIN,1.3.2.03.03.02.007
1455,alat ukur/test intelegensia  lainnya (dst),PERALATAN DAN MESIN,1.3.2.03.03.02.008
1456,ALAT UKUR/TEST ALAT KEPRIBADIAN,PERALATAN DAN MESIN,1.3.2.03.03.03.000
1457,Alat Ukur / Test Alat Kepribadian Dotcita,PERALATAN DAN MESIN,1.3.2.03.03.03.001
1458,Alat Ukur / Test Alat Kepribadian Zat,PERALATAN DAN MESIN,1.3.2.03.03.03.002
1459,Alat Ukur / Test Alat Kepribadian Warna,PERALATAN DAN MESIN,1.3.2.03.03.03.003
1460,Alat Ukur / Test Alat Kepribadian Zondi,PERALATAN DAN MESIN,1.3.2.03.03.03.004
1461,Alat Ukur / Test Alat Kepribadian Cat,PERALATAN DAN MESIN,1.3.2.03.03.03.005
1462,Alat Ukur / Test Alat Kepribadian WPPZ,PERALATAN DAN MESIN,1.3.2.03.03.03.006
1463,Alat Ukur / Test Alat Kepribadian Woinaa,PERALATAN DAN MESIN,1.3.2.03.03.03.007
1464,Alat Ukur / Test Alat Kepribadian Kudu,PERALATAN DAN MESIN,1.3.2.03.03.03.008
1465,Vidio Measurement,PERALATAN DAN MESIN,1.3.2.03.03.03.009
1466,alat ukur/test alat kepribadian  lainnya (dst),PERALATAN DAN MESIN,1.3.2.03.03.03.010
1467,ALAT UKUR/TEST KLINIS LAIN,PERALATAN DAN MESIN,1.3.2.03.03.04.000
1468,Binder Aestalt,PERALATAN DAN MESIN,1.3.2.03.03.04.001
1469,General Vocationalanpunde Tester,PERALATAN DAN MESIN,1.3.2.03.03.04.002
1470,Consoroting Tester,PERALATAN DAN MESIN,1.3.2.03.03.04.003
1471,Meroding Tester,PERALATAN DAN MESIN,1.3.2.03.03.04.004
1472,Meroding Brinding Tester,PERALATAN DAN MESIN,1.3.2.03.03.04.005
1473,Cord Briding Tester,PERALATAN DAN MESIN,1.3.2.03.03.04.006
1474,Grip Diagnannonnuter,PERALATAN DAN MESIN,1.3.2.03.03.04.007
1475,Black Anolig Muscle Dinamo Meter Jumping Meter,PERALATAN DAN MESIN,1.3.2.03.03.04.008
1476,Modulation/Jumping Meter,PERALATAN DAN MESIN,1.3.2.03.03.04.009
1477,Channel Conventer,PERALATAN DAN MESIN,1.3.2.03.03.04.010
1478,RF Analyzer,PERALATAN DAN MESIN,1.3.2.03.03.04.011
1479,Meronding Vacational Lanpunde Tester,PERALATAN DAN MESIN,1.3.2.03.03.04.012
1480,Kekuatan Otot Pinggang,PERALATAN DAN MESIN,1.3.2.03.03.04.013
1481,alat ukur/test klinis lain  lainnya (dst),PERALATAN DAN MESIN,1.3.2.03.03.04.014
1482,ALAT KALIBRASI,PERALATAN DAN MESIN,1.3.2.03.03.05.000
1483,Calibration Level Generator,PERALATAN DAN MESIN,1.3.2.03.03.05.001
1484,Color Bar Generator,PERALATAN DAN MESIN,1.3.2.03.03.05.002
1485,Grid Pattem Generator,PERALATAN DAN MESIN,1.3.2.03.03.05.003
1486,Grating Generator Unit,PERALATAN DAN MESIN,1.3.2.03.03.05.004
1487,Insection Signal Generator,PERALATAN DAN MESIN,1.3.2.03.03.05.005
1488,Insection Test Signal Generator,PERALATAN DAN MESIN,1.3.2.03.03.05.006
1489,Multiburst Generator Unit,PERALATAN DAN MESIN,1.3.2.03.03.05.007
1490,Pattem Generator,PERALATAN DAN MESIN,1.3.2.03.03.05.008
1491,Stair Stope Generator Unit,PERALATAN DAN MESIN,1.3.2.03.03.05.009
1492,Sign Wave Generator Unit,PERALATAN DAN MESIN,1.3.2.03.03.05.010
1493,Test Generator,PERALATAN DAN MESIN,1.3.2.03.03.05.011
1494,Test Line Generator,PERALATAN DAN MESIN,1.3.2.03.03.05.012
1495,TV Test Signal Generator,PERALATAN DAN MESIN,1.3.2.03.03.05.013
1496,TV IF Signal Generator,PERALATAN DAN MESIN,1.3.2.03.03.05.014
1497,PAL Test Generator,PERALATAN DAN MESIN,1.3.2.03.03.05.015
1498,Monochrome Test Generator,PERALATAN DAN MESIN,1.3.2.03.03.05.016
1499,Standard Level Generator,PERALATAN DAN MESIN,1.3.2.03.03.05.017
1500,Interval Test Generator,PERALATAN DAN MESIN,1.3.2.03.03.05.018
1501,Station Identification Generator,PERALATAN DAN MESIN,1.3.2.03.03.05.019
1502,Character Generator (Alat Kalibrasi),PERALATAN DAN MESIN,1.3.2.03.03.05.020
1503,Video Generator,PERALATAN DAN MESIN,1.3.2.03.03.05.021
1504,Waveform Generator Special Efect,PERALATAN DAN MESIN,1.3.2.03.03.05.022
1505,Test Signal Generator,PERALATAN DAN MESIN,1.3.2.03.03.05.023
1506,Special Effect,PERALATAN DAN MESIN,1.3.2.03.03.05.024
1507,Dead Weight Tester,PERALATAN DAN MESIN,1.3.2.03.03.05.025
1508,Fuel Injection Test,PERALATAN DAN MESIN,1.3.2.03.03.05.026
1509,Mater Calibrator,PERALATAN DAN MESIN,1.3.2.03.03.05.027
1510,Pulse Generator (Alat Kalibrasi),PERALATAN DAN MESIN,1.3.2.03.03.05.028
1511,Autometic Syntheisizer,PERALATAN DAN MESIN,1.3.2.03.03.05.029
1512,Pattern TV adjusment,PERALATAN DAN MESIN,1.3.2.03.03.05.030
1513,RC Generator,PERALATAN DAN MESIN,1.3.2.03.03.05.031
1514,Bantam Air Sampler,PERALATAN DAN MESIN,1.3.2.03.03.05.032
1515,Combined Vacum Pump,PERALATAN DAN MESIN,1.3.2.03.03.05.033
1516,Class Meter II,PERALATAN DAN MESIN,1.3.2.03.03.05.034
1517,Lend Brich (Timah Hitam),PERALATAN DAN MESIN,1.3.2.03.03.05.035
1518,Air Partical Tape Sampler,PERALATAN DAN MESIN,1.3.2.03.03.05.036
1519,Universal Spectometer,PERALATAN DAN MESIN,1.3.2.03.03.05.037
1520,GM Preamplifier P31,PERALATAN DAN MESIN,1.3.2.03.03.05.038
1521,Crytal for D 200,PERALATAN DAN MESIN,1.3.2.03.03.05.039
1522,Window For F 200,PERALATAN DAN MESIN,1.3.2.03.03.05.040
1523,Seintication Detector,PERALATAN DAN MESIN,1.3.2.03.03.05.041
1524,Radio Arsipe Sounde Groun,PERALATAN DAN MESIN,1.3.2.03.03.05.042
1525,Radio Arsipe Sounde Meter,PERALATAN DAN MESIN,1.3.2.03.03.05.043
1526,Regullating Transformator,PERALATAN DAN MESIN,1.3.2.03.03.05.044
1527,Radio Active Source,PERALATAN DAN MESIN,1.3.2.03.03.05.045
1528,Aloka Nuclear Instrument,PERALATAN DAN MESIN,1.3.2.03.03.05.046
1529,Electron Calculator Hewlet,PERALATAN DAN MESIN,1.3.2.03.03.05.047
1530,Packard Mini Komplit,PERALATAN DAN MESIN,1.3.2.03.03.05.048
1531,"Mica Window, Griger Tube",PERALATAN DAN MESIN,1.3.2.03.03.05.049
1532,Time Up,PERALATAN DAN MESIN,1.3.2.03.03.05.050
1533,Tehnical Drawing Machine,PERALATAN DAN MESIN,1.3.2.03.03.05.051
1534,Slide Resister,PERALATAN DAN MESIN,1.3.2.03.03.05.052
1535,Tracerlab,PERALATAN DAN MESIN,1.3.2.03.03.05.053
1536,Rapid Reading Balance,PERALATAN DAN MESIN,1.3.2.03.03.05.054
1537,Versamatic II Scaler,PERALATAN DAN MESIN,1.3.2.03.03.05.055
1538,Alpha Seintilation,PERALATAN DAN MESIN,1.3.2.03.03.05.056
1539,Field Balance,PERALATAN DAN MESIN,1.3.2.03.03.05.057
1540,Sorterak,PERALATAN DAN MESIN,1.3.2.03.03.05.058
1541,Precicheh Grainer Electronic,PERALATAN DAN MESIN,1.3.2.03.03.05.059
1542,Micromat Grainer Electonic,PERALATAN DAN MESIN,1.3.2.03.03.05.060
1543,Sun Photo Meter,PERALATAN DAN MESIN,1.3.2.03.03.05.061
1544,Epidiascome,PERALATAN DAN MESIN,1.3.2.03.03.05.062
1545,Regullating Transformator Radio Active Sound,PERALATAN DAN MESIN,1.3.2.03.03.05.063
1546,Radio Active Sound Antenna TD-2,PERALATAN DAN MESIN,1.3.2.03.03.05.064
1547,Control Verity,PERALATAN DAN MESIN,1.3.2.03.03.05.065
1548,Mechanic Setter,PERALATAN DAN MESIN,1.3.2.03.03.05.066
1549,Epanics,PERALATAN DAN MESIN,1.3.2.03.03.05.067
1550,Electronic Spear,PERALATAN DAN MESIN,1.3.2.03.03.05.068
1551,Transmitting Vacuum,PERALATAN DAN MESIN,1.3.2.03.03.05.069
1552,Automatic Emergency Lighting,PERALATAN DAN MESIN,1.3.2.03.03.05.070
1553,Preccision Laboratory Balance,PERALATAN DAN MESIN,1.3.2.03.03.05.071
1554,Moisture Determination Balance,PERALATAN DAN MESIN,1.3.2.03.03.05.072
1555,Loud And Large Converter,PERALATAN DAN MESIN,1.3.2.03.03.05.073
1556,Prim Apparat,PERALATAN DAN MESIN,1.3.2.03.03.05.074
1557,Thermostat,PERALATAN DAN MESIN,1.3.2.03.03.05.075
1558,Thermohygrostat,PERALATAN DAN MESIN,1.3.2.03.03.05.076
1559,Barostat,PERALATAN DAN MESIN,1.3.2.03.03.05.077
1560,Alat Tera Radiasi Matahari,PERALATAN DAN MESIN,1.3.2.03.03.05.078
1561,Alat Tera Kecepatan Angin,PERALATAN DAN MESIN,1.3.2.03.03.05.079
1562,Amplifier Micro Thermometer,PERALATAN DAN MESIN,1.3.2.03.03.05.080
1563,Visilight Recorder,PERALATAN DAN MESIN,1.3.2.03.03.05.081
1564,Vibrometer (Alat Kalibrasi),PERALATAN DAN MESIN,1.3.2.03.03.05.082
1565,Refracsion Seismograph,PERALATAN DAN MESIN,1.3.2.03.03.05.083
1566,Radio Sonde,PERALATAN DAN MESIN,1.3.2.03.03.05.084
1567,Hand Vibrstion Test,PERALATAN DAN MESIN,1.3.2.03.03.05.085
1568,Flaw Detector,PERALATAN DAN MESIN,1.3.2.03.03.05.086
1569,Multigas Detector,PERALATAN DAN MESIN,1.3.2.03.03.05.087
1570,Softeware Multigas Retector,PERALATAN DAN MESIN,1.3.2.03.03.05.088
1571,Caoting Thicknes Gauge,PERALATAN DAN MESIN,1.3.2.03.03.05.089
1572,Wet Film Thicknes Gauge,PERALATAN DAN MESIN,1.3.2.03.03.05.090
1573,Dual Scape Electrinic Coating Thicknes,PERALATAN DAN MESIN,1.3.2.03.03.05.091
1574,Ultrasonic Thicknes Test,PERALATAN DAN MESIN,1.3.2.03.03.05.092
1575,Oil Test Kit,PERALATAN DAN MESIN,1.3.2.03.03.05.093
1576,Coolant Test Kit,PERALATAN DAN MESIN,1.3.2.03.03.05.094
1577,Baretey Charger Test,PERALATAN DAN MESIN,1.3.2.03.03.05.095
1578,High Teck Full Face Mask,PERALATAN DAN MESIN,1.3.2.03.03.05.096
1579,Hadled Printer,PERALATAN DAN MESIN,1.3.2.03.03.05.097
1580,Colour Spectrophotometer,PERALATAN DAN MESIN,1.3.2.03.03.05.098
1581,Positest (Banana) Gauge,PERALATAN DAN MESIN,1.3.2.03.03.05.099
1582,Concrette Thickness Gauge,PERALATAN DAN MESIN,1.3.2.03.03.05.100
1583,Temperature Bath,PERALATAN DAN MESIN,1.3.2.03.03.05.101
1584,Temperature Chamber,PERALATAN DAN MESIN,1.3.2.03.03.05.102
1585,High Volume Air Sampler (HVAS) Calibration Kit,PERALATAN DAN MESIN,1.3.2.03.03.05.103
1586,Alat Kalibrator Kelistrikan,PERALATAN DAN MESIN,1.3.2.03.03.05.104
1587,Gravimeter Calibrator,PERALATAN DAN MESIN,1.3.2.03.03.05.105
1588,Calibration Table,PERALATAN DAN MESIN,1.3.2.03.03.05.106
1589,Magnetometer Kalibrator,PERALATAN DAN MESIN,1.3.2.03.03.05.107
1590,Shaking Table,PERALATAN DAN MESIN,1.3.2.03.03.05.108
1591,alat kalibrasi  lainnya (dst),PERALATAN DAN MESIN,1.3.2.03.03.05.109
1592,OSCILLOSCOPE,PERALATAN DAN MESIN,1.3.2.03.03.06.000
1593,Oscilloscope Main Frame,PERALATAN DAN MESIN,1.3.2.03.03.06.001
1594,Oscilloscope Main Frame With Variable Persistnce Strorage Tube,PERALATAN DAN MESIN,1.3.2.03.03.06.002
1595,Oscilloscope Special,PERALATAN DAN MESIN,1.3.2.03.03.06.003
1596,Oscilloscope Envelope,PERALATAN DAN MESIN,1.3.2.03.03.06.004
1597,Synchronoscope,PERALATAN DAN MESIN,1.3.2.03.03.06.005
1598,Vectorscope,PERALATAN DAN MESIN,1.3.2.03.03.06.006
1599,Waveform Monitor Set With Level And Vector Display,PERALATAN DAN MESIN,1.3.2.03.03.06.007
1600,Analyzer FN Side Band,PERALATAN DAN MESIN,1.3.2.03.03.06.008
1601,Analyzer Spektrum Display,PERALATAN DAN MESIN,1.3.2.03.03.06.009
1602,Plyscope,PERALATAN DAN MESIN,1.3.2.03.03.06.010
1603,Videoscope With Side Band Adaptor,PERALATAN DAN MESIN,1.3.2.03.03.06.011
1604,oscilloscope  lainnya (dst),PERALATAN DAN MESIN,1.3.2.03.03.06.012
1605,UNIVERSAL TESTER,PERALATAN DAN MESIN,1.3.2.03.03.07.000
1606,Frequency Counter (Universal Tester),PERALATAN DAN MESIN,1.3.2.03.03.07.001
1607,Insulation Res Meter Mod,PERALATAN DAN MESIN,1.3.2.03.03.07.002
1608,Noise & Distortion Meter,PERALATAN DAN MESIN,1.3.2.03.03.07.003
1609,Oscilator Distortion Meter,PERALATAN DAN MESIN,1.3.2.03.03.07.004
1610,Oscilator Test Signal,PERALATAN DAN MESIN,1.3.2.03.03.07.005
1611,Oscilator Widw Band,PERALATAN DAN MESIN,1.3.2.03.03.07.006
1612,Oscilator Sweep,PERALATAN DAN MESIN,1.3.2.03.03.07.007
1613,Precision Encoder Monitor,PERALATAN DAN MESIN,1.3.2.03.03.07.008
1614,Plambicon Test Unit,PERALATAN DAN MESIN,1.3.2.03.03.07.009
1615,Scanner (Universal Tester),PERALATAN DAN MESIN,1.3.2.03.03.07.010
1616,Time Interval Unit,PERALATAN DAN MESIN,1.3.2.03.03.07.011
1617,Universal Counter (Universal Tester),PERALATAN DAN MESIN,1.3.2.03.03.07.012
1618,Video Noise Meter,PERALATAN DAN MESIN,1.3.2.03.03.07.013
1619,Admintance Meter,PERALATAN DAN MESIN,1.3.2.03.03.07.014
1620,Admintance Bride,PERALATAN DAN MESIN,1.3.2.03.03.07.015
1621,Fieldstrength Meter,PERALATAN DAN MESIN,1.3.2.03.03.07.016
1622,RF Bridge,PERALATAN DAN MESIN,1.3.2.03.03.07.017
1623,RF Push Button Attenuator,PERALATAN DAN MESIN,1.3.2.03.03.07.018
1624,Vision And Sound Nyquist Demodulator AMF,PERALATAN DAN MESIN,1.3.2.03.03.07.019
1625,V.S.W.R Standing Review,PERALATAN DAN MESIN,1.3.2.03.03.07.020
1626,Digital Frequence Meter,PERALATAN DAN MESIN,1.3.2.03.03.07.021
1627,Vindicam Quick Tester,PERALATAN DAN MESIN,1.3.2.03.03.07.022
1628,Coaxial ATT,PERALATAN DAN MESIN,1.3.2.03.03.07.023
1629,Variable Coaxial ATT,PERALATAN DAN MESIN,1.3.2.03.03.07.024
1630,Logic Probe (Universal Tester),PERALATAN DAN MESIN,1.3.2.03.03.07.025
1631,Survey Meter (Universal Tester),PERALATAN DAN MESIN,1.3.2.03.03.07.026
1632,Logic Comparator,PERALATAN DAN MESIN,1.3.2.03.03.07.027
1633,universal tester  lainnya (dst),PERALATAN DAN MESIN,1.3.2.03.03.07.028
1634,ALAT UKUR/PEMBANDING,PERALATAN DAN MESIN,1.3.2.03.03.08.000
1635,Ukuran Johanson (Alat Pembanding Standar Ukuran Panjang),PERALATAN DAN MESIN,1.3.2.03.03.08.001
1636,Micro Indicator (Dengan Perlengkapan Suparto Pointers Dan Revol,PERALATAN DAN MESIN,1.3.2.03.03.08.002
1637,Perlengkapan Micro Indicator,PERALATAN DAN MESIN,1.3.2.03.03.08.003
1638,Psycometer Van lambrecht,PERALATAN DAN MESIN,1.3.2.03.03.08.004
1639,Psycometer,PERALATAN DAN MESIN,1.3.2.03.03.08.005
1640,Barometer Logam,PERALATAN DAN MESIN,1.3.2.03.03.08.006
1641,Barometer Mercury,PERALATAN DAN MESIN,1.3.2.03.03.08.007
1642,Manometer Untuk Mesin,PERALATAN DAN MESIN,1.3.2.03.03.08.008
1643,Monotor Precisi,PERALATAN DAN MESIN,1.3.2.03.03.08.009
1644,Alat Pemeriksa Manometer ( Dengan Perlengkapan ),PERALATAN DAN MESIN,1.3.2.03.03.08.010
1645,Alat Pemeriksaan Zat Cair,PERALATAN DAN MESIN,1.3.2.03.03.08.011
1646,Termometer Standar,PERALATAN DAN MESIN,1.3.2.03.03.08.012
1647,Termometer Govermen Tester 0 Derajat Sampai Dengan 100 Derajat C,PERALATAN DAN MESIN,1.3.2.03.03.08.013
1648,Thermostat ( Penguji Pemeriksaan Termometer ),PERALATAN DAN MESIN,1.3.2.03.03.08.014
1649,Jam Ukur ( Meet Lock ),PERALATAN DAN MESIN,1.3.2.03.03.08.015
1650,Hardnes Tester,PERALATAN DAN MESIN,1.3.2.03.03.08.016
1651,Stopwatch,PERALATAN DAN MESIN,1.3.2.03.03.08.017
1652,Loup,PERALATAN DAN MESIN,1.3.2.03.03.08.018
1653,Planimeter (Alat Ukur/pembanding),PERALATAN DAN MESIN,1.3.2.03.03.08.019
1654,Metra Block,PERALATAN DAN MESIN,1.3.2.03.03.08.020
1655,Lemari Baja Pengering,PERALATAN DAN MESIN,1.3.2.03.03.08.021
1656,Sanblas Unit,PERALATAN DAN MESIN,1.3.2.03.03.08.022
1657,Alat Pemeriksaan Timbangan Tekanan Beroda,PERALATAN DAN MESIN,1.3.2.03.03.08.023
1658,Stelan Instrumen Bourje,PERALATAN DAN MESIN,1.3.2.03.03.08.024
1659,Lampu Untuk Menerangi Skala Neraca Pakai Standar,PERALATAN DAN MESIN,1.3.2.03.03.08.025
1660,Avometer Su 20 - 20 K,PERALATAN DAN MESIN,1.3.2.03.03.08.026
1661,Trappo 1.000 Watt,PERALATAN DAN MESIN,1.3.2.03.03.08.027
1662,Tool Set,PERALATAN DAN MESIN,1.3.2.03.03.08.028
1663,Landasan Cap Lengkap,PERALATAN DAN MESIN,1.3.2.03.03.08.029
1664,Kaki Tiga Gantungan Dacin,PERALATAN DAN MESIN,1.3.2.03.03.08.030
1665,Alat Pendatar Takaran Bensin,PERALATAN DAN MESIN,1.3.2.03.03.08.031
1666,Tang Plombir / Segel,PERALATAN DAN MESIN,1.3.2.03.03.08.032
1667,Exicator Besar,PERALATAN DAN MESIN,1.3.2.03.03.08.033
1668,Exicator Kecil,PERALATAN DAN MESIN,1.3.2.03.03.08.034
1669,Desicator ( Size ) 3,PERALATAN DAN MESIN,1.3.2.03.03.08.035
1670,Desicator ( Size ) 4,PERALATAN DAN MESIN,1.3.2.03.03.08.036
1671,Botol Air Saling Dari 25 Liter,PERALATAN DAN MESIN,1.3.2.03.03.08.037
1672,Picnometer,PERALATAN DAN MESIN,1.3.2.03.03.08.038
1673,Desimeter ( Hidrometer ),PERALATAN DAN MESIN,1.3.2.03.03.08.039
1674,Telescope Tile Varieble,PERALATAN DAN MESIN,1.3.2.03.03.08.040
1675,Optical Strean ( Untuk Pemeriksaan Kaca ),PERALATAN DAN MESIN,1.3.2.03.03.08.041
1676,Optocal Teknis Gange ( Pengukur Tebal Dinding ),PERALATAN DAN MESIN,1.3.2.03.03.08.042
1677,Lifter Capasitas 500 Kg,PERALATAN DAN MESIN,1.3.2.03.03.08.043
1678,Taximeter Tester,PERALATAN DAN MESIN,1.3.2.03.03.08.044
1679,Spedometer Tester,PERALATAN DAN MESIN,1.3.2.03.03.08.045
1680,Standard Guage Blocks,PERALATAN DAN MESIN,1.3.2.03.03.08.046
1681,Finest Direct Reading Intern Micrometer Of Varios Range Up To 10,PERALATAN DAN MESIN,1.3.2.03.03.08.047
1682,Constant Temperature Combined Bridge Thermostat,PERALATAN DAN MESIN,1.3.2.03.03.08.048
1683,Transparan Plastic Rack Insert For 20 Test Test Tubes 75 X 17,PERALATAN DAN MESIN,1.3.2.03.03.08.049
1684,Water Bath Plexiglass Capasity 71,PERALATAN DAN MESIN,1.3.2.03.03.08.050
1685,Test Tube Rack Stainlesstel With 10 Holes 18 mm DIA,PERALATAN DAN MESIN,1.3.2.03.03.08.051
1686,Calorimeter Thermometer Aceto Bestmen Certificate,PERALATAN DAN MESIN,1.3.2.03.03.08.052
1687,Sit Of Gauge Pretition Lands Berger Thermometer,PERALATAN DAN MESIN,1.3.2.03.03.08.053
1688,Set Of 14 Hight Precision Ameral Thermometer,PERALATAN DAN MESIN,1.3.2.03.03.08.054
1689,Addition Tuner Stop Watch,PERALATAN DAN MESIN,1.3.2.03.03.08.055
1690,"Universal Clamp, Clamping Range 6 To 12 mm",PERALATAN DAN MESIN,1.3.2.03.03.08.056
1691,"Universal Clamp, Clamping Range 6 To 75 mm",PERALATAN DAN MESIN,1.3.2.03.03.08.057
1692,Venier Caliver,PERALATAN DAN MESIN,1.3.2.03.03.08.058
1693,Propile Proyektor Toyo Serie,PERALATAN DAN MESIN,1.3.2.03.03.08.059
1694,Tool Maker Microscope Magnification 30 X,PERALATAN DAN MESIN,1.3.2.03.03.08.060
1695,Microscope Multiview,PERALATAN DAN MESIN,1.3.2.03.03.08.061
1696,Stop Watch Printer,PERALATAN DAN MESIN,1.3.2.03.03.08.062
1697,alat ukur/pembanding  lainnya (dst),PERALATAN DAN MESIN,1.3.2.03.03.08.063
1698,ALAT UKUR LAIN-LAIN,PERALATAN DAN MESIN,1.3.2.03.03.09.000
1699,Meter X - 27 Dari Platina Tridium,PERALATAN DAN MESIN,1.3.2.03.03.09.001
1700,H - Meter Dari Baja Nikel,PERALATAN DAN MESIN,1.3.2.03.03.09.002
1701,Komparator,PERALATAN DAN MESIN,1.3.2.03.03.09.003
1702,Alat Pengukur Garis Tengah,PERALATAN DAN MESIN,1.3.2.03.03.09.004
1703,Ban Ukur,PERALATAN DAN MESIN,1.3.2.03.03.09.005
1704,Diameter Tape,PERALATAN DAN MESIN,1.3.2.03.03.09.006
1705,Ukuran Tinggi Orang,PERALATAN DAN MESIN,1.3.2.03.03.09.007
1706,Schuifmaat ( Ukuran Ingsut ),PERALATAN DAN MESIN,1.3.2.03.03.09.008
1707,Lifter Standard ( 1 Liter ),PERALATAN DAN MESIN,1.3.2.03.03.09.009
1708,Bejana Ukur,PERALATAN DAN MESIN,1.3.2.03.03.09.010
1709,Alat Ukur Kadar Air (Alat Ukur Lainnya),PERALATAN DAN MESIN,1.3.2.03.03.09.011
1710,Alat Ukur Pemecah Kulit Gabah,PERALATAN DAN MESIN,1.3.2.03.03.09.012
1711,Rain Gauge,PERALATAN DAN MESIN,1.3.2.03.03.09.013
1712,Needle Lift Sensor,PERALATAN DAN MESIN,1.3.2.03.03.09.014
1713,Isolab,PERALATAN DAN MESIN,1.3.2.03.03.09.015
1714,Laser Ace,PERALATAN DAN MESIN,1.3.2.03.03.09.016
1715,Mistar Rambu,PERALATAN DAN MESIN,1.3.2.03.03.09.017
1716,alat ukur lain-lain  lainnya (dst),PERALATAN DAN MESIN,1.3.2.03.03.09.018
1717,ALAT TIMBANGAN/BIARA,PERALATAN DAN MESIN,1.3.2.03.03.10.000
1718,Timbangan Jembatan Capasitas 10 Ton,PERALATAN DAN MESIN,1.3.2.03.03.10.001
1719,Timbangan Meja Capasitas 10 Kg,PERALATAN DAN MESIN,1.3.2.03.03.10.002
1720,Timbangan Meja Capasitas 5 Kg,PERALATAN DAN MESIN,1.3.2.03.03.10.003
1721,Timbangan Bbi Capasitas 100 Kg,PERALATAN DAN MESIN,1.3.2.03.03.10.004
1722,Timbangan Bbi Capasitas 25 Kg,PERALATAN DAN MESIN,1.3.2.03.03.10.005
1723,Timbangan Bbi Capasitas 15 Kg ( Timbangan Bayi ),PERALATAN DAN MESIN,1.3.2.03.03.10.006
1724,Timbangan Bbi Capasitas 10 Kg,PERALATAN DAN MESIN,1.3.2.03.03.10.007
1725,Timbangan Cepat Capasitas 10 Kg,PERALATAN DAN MESIN,1.3.2.03.03.10.008
1726,Timbangan Cepat Capasitas 25 Kg,PERALATAN DAN MESIN,1.3.2.03.03.10.009
1727,Timbangan Cepat Capasitas 200 Kg,PERALATAN DAN MESIN,1.3.2.03.03.10.010
1728,Timbangan Pegas Capasitas 10 Kg,PERALATAN DAN MESIN,1.3.2.03.03.10.011
1729,Timbangan Pegas Capasitas 50 Kg (Alat Timbangan/biara),PERALATAN DAN MESIN,1.3.2.03.03.10.012
1730,Timbangan Surat Capasitas 100 Kg,PERALATAN DAN MESIN,1.3.2.03.03.10.013
1731,Timbangan Kwadran Capasitas 100 Kg,PERALATAN DAN MESIN,1.3.2.03.03.10.014
1732,Timbangan Sentisimal Dacin Kuningan,PERALATAN DAN MESIN,1.3.2.03.03.10.015
1733,Timbangan Gula Gaveka,PERALATAN DAN MESIN,1.3.2.03.03.10.016
1734,Timbangan Gantung Capasitas 50 Gram,PERALATAN DAN MESIN,1.3.2.03.03.10.017
1735,Neraca Halus + Lemari Capasitas 500 Gram,PERALATAN DAN MESIN,1.3.2.03.03.10.018
1736,Neraca Parama E,PERALATAN DAN MESIN,1.3.2.03.03.10.019
1737,Neraca Parama D Capasitas 5 Gram,PERALATAN DAN MESIN,1.3.2.03.03.10.020
1738,Neraca Percisi Elektronik Capasitas 1 Kg.,PERALATAN DAN MESIN,1.3.2.03.03.10.021
1739,Neraca Percisi ( Single Pan ) Capasitas 20 Kg.,PERALATAN DAN MESIN,1.3.2.03.03.10.022
1740,Neraca Percisi ( Elektronik Vacum Me ),PERALATAN DAN MESIN,1.3.2.03.03.10.023
1741,Neraca Percisi 30 Kg ( Micro Balance ),PERALATAN DAN MESIN,1.3.2.03.03.10.024
1742,Neraca Percisi Capasitas 50 Gram,PERALATAN DAN MESIN,1.3.2.03.03.10.025
1743,Neraca Percisi Capasitas 1 Kg.,PERALATAN DAN MESIN,1.3.2.03.03.10.026
1744,Neraca Tera E,PERALATAN DAN MESIN,1.3.2.03.03.10.027
1745,Neraca Tera A Capasitas 75 Kg.,PERALATAN DAN MESIN,1.3.2.03.03.10.028
1746,Neraca Tera B Capasitas 10 Kg.,PERALATAN DAN MESIN,1.3.2.03.03.10.029
1747,Neraca Torsion Balance Capasitas 500 Gram,PERALATAN DAN MESIN,1.3.2.03.03.10.030
1748,Neraca Analisa Capasitas 1000 Gram,PERALATAN DAN MESIN,1.3.2.03.03.10.031
1749,Neraca Analisa Capasitas 20 Kg,PERALATAN DAN MESIN,1.3.2.03.03.10.032
1750,Neraca Capasitas 1 Kg.,PERALATAN DAN MESIN,1.3.2.03.03.10.033
1751,Neraca Capasitas 20 Kg.,PERALATAN DAN MESIN,1.3.2.03.03.10.034
1752,Moister Meter,PERALATAN DAN MESIN,1.3.2.03.03.10.035
1753,Neraca Dengan Digital Display,PERALATAN DAN MESIN,1.3.2.03.03.10.036
1754,alat timbangan/biara  lainnya (dst),PERALATAN DAN MESIN,1.3.2.03.03.10.037
1755,ANAK TIMBANGAN/BIARA,PERALATAN DAN MESIN,1.3.2.03.03.11.000
1756,Kilogram Tembaga Nasional Platina,PERALATAN DAN MESIN,1.3.2.03.03.11.001
1757,Kilogram Tembaga Bentuk Tong Bersadur Mas Murni 1 Kg.,PERALATAN DAN MESIN,1.3.2.03.03.11.002
1758,Kilogram Sepuh Mas 1 Kg. Pakai Tombol,PERALATAN DAN MESIN,1.3.2.03.03.11.003
1759,Kilogram Baja Berbentuk Tong Bersadur Croom,PERALATAN DAN MESIN,1.3.2.03.03.11.004
1760,Kilogram Dari Baja Berbentuk Slinder,PERALATAN DAN MESIN,1.3.2.03.03.11.005
1761,Kilogram Kerja Standar Tk.II,PERALATAN DAN MESIN,1.3.2.03.03.11.006
1762,Kilogram Standar,PERALATAN DAN MESIN,1.3.2.03.03.11.007
1763,Anak Timbangan Tembaga Kantor Tk.III,PERALATAN DAN MESIN,1.3.2.03.03.11.008
1764,Anak Timbangan Miligram,PERALATAN DAN MESIN,1.3.2.03.03.11.009
1765,Anak Timbangan Miligram Platina,PERALATAN DAN MESIN,1.3.2.03.03.11.010
1766,Anak Timbangan Miligram Aluminium,PERALATAN DAN MESIN,1.3.2.03.03.11.011
1767,Anak Timbangan Gram Standar 1 Gram,PERALATAN DAN MESIN,1.3.2.03.03.11.012
1768,Anak Timbangan Halus Dari 1.000 - 1 Gram,PERALATAN DAN MESIN,1.3.2.03.03.11.013
1769,Anak Timbangan Biasa Dari 1.000 - 1 Gram,PERALATAN DAN MESIN,1.3.2.03.03.11.014
1770,Anak Timbangan Bidur,PERALATAN DAN MESIN,1.3.2.03.03.11.015
1771,Anak Timbangan Dari Besi,PERALATAN DAN MESIN,1.3.2.03.03.11.016
1772,Anak Timbangan Keping ( Mulut Kecil ),PERALATAN DAN MESIN,1.3.2.03.03.11.017
1773,Anak Timbangan Keping ( Mulut Besar ),PERALATAN DAN MESIN,1.3.2.03.03.11.018
1774,anak timbangan/biara  lainnya (dst),PERALATAN DAN MESIN,1.3.2.03.03.11.019
1775,TAKARAN KERING,PERALATAN DAN MESIN,1.3.2.03.03.12.000
1776,Takaran Kering Dari 100 - 50 - 20 Liter,PERALATAN DAN MESIN,1.3.2.03.03.12.001
1777,"Takaran Kering Dari 10 S/D 0,5 Liter",PERALATAN DAN MESIN,1.3.2.03.03.12.002
1778,takaran kering  lainnya (dst),PERALATAN DAN MESIN,1.3.2.03.03.12.003
1779,TAKARAN BAHAN BANGUNAN,PERALATAN DAN MESIN,1.3.2.03.03.13.000
1780,Takaran Bahan Bangunan 2 HL Berbentuk Tong,PERALATAN DAN MESIN,1.3.2.03.03.13.001
1781,takaran bahan bangunan  lainnya (dst),PERALATAN DAN MESIN,1.3.2.03.03.13.002
1782,TAKARAN LAINNYA,PERALATAN DAN MESIN,1.3.2.03.03.14.000
1783,Takaran Latex/Getah Susu,PERALATAN DAN MESIN,1.3.2.03.03.14.001
1784,"Takaran Buah Kopi Dari 0,5 HL",PERALATAN DAN MESIN,1.3.2.03.03.14.002
1785,Takaran Kapuk Dari Kayu 2 Dan 1 HL,PERALATAN DAN MESIN,1.3.2.03.03.14.003
1786,"Takaran Minyak Dari Besi 0,5 HL",PERALATAN DAN MESIN,1.3.2.03.03.14.004
1787,"Takaran Gandum 0,5 HL",PERALATAN DAN MESIN,1.3.2.03.03.14.005
1788,Labu Takar (Volumetrik) berbagai capasitas,PERALATAN DAN MESIN,1.3.2.03.03.14.006
1789,Botol Uji Berbagai Ukuran,PERALATAN DAN MESIN,1.3.2.03.03.14.007
1790,takaran lainnya  lainnya (dst),PERALATAN DAN MESIN,1.3.2.03.03.14.008
1791,ALAT PENGUJI KENDARAAN BERMOTOR,PERALATAN DAN MESIN,1.3.2.03.03.15.000
1792,Alat Penguji Kendaraan Bermotor,PERALATAN DAN MESIN,1.3.2.03.03.15.001
1793,Flow Watch,PERALATAN DAN MESIN,1.3.2.03.03.15.002
1794,SPECIFIC SET,PERALATAN DAN MESIN,1.3.2.03.03.16.000
1795,Loadsimulator,PERALATAN DAN MESIN,1.3.2.03.03.16.001
1796,Brake Efficiency Recorder,PERALATAN DAN MESIN,1.3.2.03.03.16.002
1797,Noise Tester,PERALATAN DAN MESIN,1.3.2.03.03.16.003
1798,Nozzle Tester,PERALATAN DAN MESIN,1.3.2.03.03.16.004
1799,Smoke Tester,PERALATAN DAN MESIN,1.3.2.03.03.16.005
1800,Heat Light Tester,PERALATAN DAN MESIN,1.3.2.03.03.16.006
1801,Brake Tester,PERALATAN DAN MESIN,1.3.2.03.03.16.007
1802,Side Sleep tester,PERALATAN DAN MESIN,1.3.2.03.03.16.008
1803,Carlift/Ptlift,PERALATAN DAN MESIN,1.3.2.03.03.16.009
1804,Axle Weight Beam,PERALATAN DAN MESIN,1.3.2.03.03.16.010
1805,Chasis Lubricator,PERALATAN DAN MESIN,1.3.2.03.03.16.011
1806,Tune Up Tester (Alat Penguji Kendaraan Bermotor),PERALATAN DAN MESIN,1.3.2.03.03.16.012
1807,Compression Gauge,PERALATAN DAN MESIN,1.3.2.03.03.16.013
1808,Diesel Timing Tachometer,PERALATAN DAN MESIN,1.3.2.03.03.16.014
1809,Vernier Caliper,PERALATAN DAN MESIN,1.3.2.03.03.16.015
1810,Sound Scope,PERALATAN DAN MESIN,1.3.2.03.03.16.016
1811,Hydraulic Tester,PERALATAN DAN MESIN,1.3.2.03.03.16.017
1812,Temperature Gauge,PERALATAN DAN MESIN,1.3.2.03.03.16.018
1813,Whitsone Brigg,PERALATAN DAN MESIN,1.3.2.03.03.16.019
1814,Tire Pressure Gauge,PERALATAN DAN MESIN,1.3.2.03.03.16.020
1815,Service Lift,PERALATAN DAN MESIN,1.3.2.03.03.16.021
1816,Tachometer (Mechanical),PERALATAN DAN MESIN,1.3.2.03.03.16.022
1817,Tachometer (electric),PERALATAN DAN MESIN,1.3.2.03.03.16.023
1818,Spark Plug Cleaner,PERALATAN DAN MESIN,1.3.2.03.03.16.024
1819,Spark Plug Quick Tester,PERALATAN DAN MESIN,1.3.2.03.03.16.025
1820,Injection Pump Tester,PERALATAN DAN MESIN,1.3.2.03.03.16.026
1821,Chassis Analyzer,PERALATAN DAN MESIN,1.3.2.03.03.16.027
1822,Chassis Dynamometer,PERALATAN DAN MESIN,1.3.2.03.03.16.028
1823,Engine Analyzer,PERALATAN DAN MESIN,1.3.2.03.03.16.029
1824,Engine Dynamometer,PERALATAN DAN MESIN,1.3.2.03.03.16.030
1825,Brinell Hardness Tester,PERALATAN DAN MESIN,1.3.2.03.03.16.031
1826,specific set  lainnya (dst),PERALATAN DAN MESIN,1.3.2.03.03.16.032
1827,ALAT PENGUKUR KEADAAN ALAM,PERALATAN DAN MESIN,1.3.2.03.03.17.000
1828,Transmission Measuring Set Modulator,PERALATAN DAN MESIN,1.3.2.03.03.17.001
1829,DME Ground Station Test Set (Specific Set),PERALATAN DAN MESIN,1.3.2.03.03.17.002
1830,Communication Receiver Set,PERALATAN DAN MESIN,1.3.2.03.03.17.003
1831,ILS Calibration,PERALATAN DAN MESIN,1.3.2.03.03.17.004
1832,Measuring Set,PERALATAN DAN MESIN,1.3.2.03.03.17.005
1833,Sangkar Meteorologi,PERALATAN DAN MESIN,1.3.2.03.03.17.006
1834,Thermometer Max,PERALATAN DAN MESIN,1.3.2.03.03.17.007
1835,Thermometer Min,PERALATAN DAN MESIN,1.3.2.03.03.17.008
1836,Thermometer Apung,PERALATAN DAN MESIN,1.3.2.03.03.17.009
1837,Thermometer Tanah,PERALATAN DAN MESIN,1.3.2.03.03.17.010
1838,Thermometer Suhu Air Laut,PERALATAN DAN MESIN,1.3.2.03.03.17.011
1839,Flow Watch,PERALATAN DAN MESIN,1.3.2.03.03.17.012
1840,Portable Weather Season,PERALATAN DAN MESIN,1.3.2.03.03.17.013
1841,Psychrometer Assman,PERALATAN DAN MESIN,1.3.2.03.03.17.014
1842,Automatic Weather Station (AWS),PERALATAN DAN MESIN,1.3.2.03.03.17.015
1843,Ground Rason Receiver,PERALATAN DAN MESIN,1.3.2.03.03.17.016
1844,Automatic Weather Observing Station (AWOS),PERALATAN DAN MESIN,1.3.2.03.03.17.017
1845,Intensity Meter,PERALATAN DAN MESIN,1.3.2.03.03.17.018
1846,Sistem Informasi Meteorologi Otomatis (SIMO),PERALATAN DAN MESIN,1.3.2.03.03.17.019
1847,Seismic Borehole,PERALATAN DAN MESIN,1.3.2.03.03.17.020
1848,Low Level Wind Shear Alert System,PERALATAN DAN MESIN,1.3.2.03.03.17.021
1849,Tide Gauge Tsunami,PERALATAN DAN MESIN,1.3.2.03.03.17.022
1850,Wind Profiler,PERALATAN DAN MESIN,1.3.2.03.03.17.023
1851,Alat Monitoring Tsunami,PERALATAN DAN MESIN,1.3.2.03.03.17.024
1852,Light Detecting and Ranging (LIDAR),PERALATAN DAN MESIN,1.3.2.03.03.17.025
1853,Alat Deteksi Getaran Tanah,PERALATAN DAN MESIN,1.3.2.03.03.17.026
1854,Infrasound Meter,PERALATAN DAN MESIN,1.3.2.03.03.17.027
1855,Radiosonde,PERALATAN DAN MESIN,1.3.2.03.03.17.028
1856,Magnetograph,PERALATAN DAN MESIN,1.3.2.03.03.17.029
1857,Lightning Detector,PERALATAN DAN MESIN,1.3.2.03.03.17.030
1858,Refraksi Meter,PERALATAN DAN MESIN,1.3.2.03.03.17.031
1859,Resistivity Meter,PERALATAN DAN MESIN,1.3.2.03.03.17.032
1860,Handheld Teropong,PERALATAN DAN MESIN,1.3.2.03.03.17.033
1861,Digital Soil Thermometer,PERALATAN DAN MESIN,1.3.2.03.03.17.034
1862,Thermometer Minimum Rumput,PERALATAN DAN MESIN,1.3.2.03.03.17.035
1863,Handheld Digital Soil Moisture,PERALATAN DAN MESIN,1.3.2.03.03.17.036
1864,Wind Tunnel,PERALATAN DAN MESIN,1.3.2.03.03.17.037
1865,Alat Penakar Hujan,PERALATAN DAN MESIN,1.3.2.03.03.17.038
1866,Automatic Rain Gauge (ARG),PERALATAN DAN MESIN,1.3.2.03.03.17.039
1867,Actinograph,PERALATAN DAN MESIN,1.3.2.03.03.17.040
1868,Handheld Digital Pyranometer,PERALATAN DAN MESIN,1.3.2.03.03.17.041
1869,Solar Monitoring Station,PERALATAN DAN MESIN,1.3.2.03.03.17.042
1870,Digital Evaporimeter,PERALATAN DAN MESIN,1.3.2.03.03.17.043
1871,Precursor Gempa Bumi,PERALATAN DAN MESIN,1.3.2.03.03.17.044
1872,Digital Multi-Weather Sensors,PERALATAN DAN MESIN,1.3.2.03.03.17.045
1873,Handheld Weather Station,PERALATAN DAN MESIN,1.3.2.03.03.17.046
1874,Mobile Automatic Weather Station (MAWS),PERALATAN DAN MESIN,1.3.2.03.03.17.047
1875,Agroclimate Automatic Weather Station (AAWS),PERALATAN DAN MESIN,1.3.2.03.03.17.048
1876,Automatic Rain Water Sampler (ARWS),PERALATAN DAN MESIN,1.3.2.03.03.17.049
1877,Betha-Rays Attenuation Monitoring (BAM),PERALATAN DAN MESIN,1.3.2.03.03.17.050
1878,Air Kit Flask Sampling,PERALATAN DAN MESIN,1.3.2.03.03.17.051
1879,Green House Gas (GHG) Analyzer,PERALATAN DAN MESIN,1.3.2.03.03.17.052
1880,Aerosol Sampler,PERALATAN DAN MESIN,1.3.2.03.03.17.053
1881,Passive Air Sampler,PERALATAN DAN MESIN,1.3.2.03.03.17.054
1882,Active Air Sampler,PERALATAN DAN MESIN,1.3.2.03.03.17.055
1883,Portable Gas Sampling,PERALATAN DAN MESIN,1.3.2.03.03.17.056
1884,Pagar Taman Alat,PERALATAN DAN MESIN,1.3.2.03.03.17.057
1885,Hydrogen Generator,PERALATAN DAN MESIN,1.3.2.03.03.17.058
1886,Humidity Meter,PERALATAN DAN MESIN,1.3.2.03.03.17.059
1887,alat pengukur keadaan alam  lainnya (dst),PERALATAN DAN MESIN,1.3.2.03.03.17.060
1888,ALAT PENGUKUR PENGLIHATAN,PERALATAN DAN MESIN,1.3.2.03.03.18.000
1889,Sunshine Recorder,PERALATAN DAN MESIN,1.3.2.03.03.18.001
1890,Solarimeter (Alat Pengukur Keadaan Alam),PERALATAN DAN MESIN,1.3.2.03.03.18.002
1891,Pyranometer,PERALATAN DAN MESIN,1.3.2.03.03.18.003
1892,Pyrheliometer,PERALATAN DAN MESIN,1.3.2.03.03.18.004
1893,Net Radiometer,PERALATAN DAN MESIN,1.3.2.03.03.18.005
1894,Digital Radiometer,PERALATAN DAN MESIN,1.3.2.03.03.18.006
1895,Actinometer,PERALATAN DAN MESIN,1.3.2.03.03.18.007
1896,Integrating Actino Meter,PERALATAN DAN MESIN,1.3.2.03.03.18.008
1897,Albedometer,PERALATAN DAN MESIN,1.3.2.03.03.18.009
1898,Gun Belani,PERALATAN DAN MESIN,1.3.2.03.03.18.010
1899,Angstroom Pyrheliometer,PERALATAN DAN MESIN,1.3.2.03.03.18.011
1900,Solarigraph,PERALATAN DAN MESIN,1.3.2.03.03.18.012
1901,Pyrheliograph,PERALATAN DAN MESIN,1.3.2.03.03.18.013
1902,Actiongraph,PERALATAN DAN MESIN,1.3.2.03.03.18.014
1903,Pyranograph,PERALATAN DAN MESIN,1.3.2.03.03.18.015
1904,X-Y Recorder (Alat Pengukur Keadaan Alam),PERALATAN DAN MESIN,1.3.2.03.03.18.016
1905,Penakar Hujan,PERALATAN DAN MESIN,1.3.2.03.03.18.017
1906,Reinfall Recorder Type Bucket,PERALATAN DAN MESIN,1.3.2.03.03.18.018
1907,Leaf Area Meter,PERALATAN DAN MESIN,1.3.2.03.03.18.019
1908,Planimeter (Alat Pengukur Keadaan Alam),PERALATAN DAN MESIN,1.3.2.03.03.18.020
1909,Ceilometer,PERALATAN DAN MESIN,1.3.2.03.03.18.021
1910,Ceilograph,PERALATAN DAN MESIN,1.3.2.03.03.18.022
1911,Weather Radar,PERALATAN DAN MESIN,1.3.2.03.03.18.023
1912,Open Pan Evaporimeter,PERALATAN DAN MESIN,1.3.2.03.03.18.024
1913,Piche Evaporimeter,PERALATAN DAN MESIN,1.3.2.03.03.18.025
1914,Lysimeter,PERALATAN DAN MESIN,1.3.2.03.03.18.026
1915,Tubing Pump Drive,PERALATAN DAN MESIN,1.3.2.03.03.18.027
1916,Keshner Evaporimeter,PERALATAN DAN MESIN,1.3.2.03.03.18.028
1917,Evaporigraph,PERALATAN DAN MESIN,1.3.2.03.03.18.029
1918,Dew Recorder,PERALATAN DAN MESIN,1.3.2.03.03.18.030
1919,Dew Gauge,PERALATAN DAN MESIN,1.3.2.03.03.18.031
1920,Blue M Oven,PERALATAN DAN MESIN,1.3.2.03.03.18.032
1921,Neutron Probe,PERALATAN DAN MESIN,1.3.2.03.03.18.033
1922,Decimeter Charge,PERALATAN DAN MESIN,1.3.2.03.03.18.034
1923,Pocket Decimeter,PERALATAN DAN MESIN,1.3.2.03.03.18.035
1924,Tensiometer (Alat Pengukur Keadaan Alam),PERALATAN DAN MESIN,1.3.2.03.03.18.036
1925,Accessoris Tube,PERALATAN DAN MESIN,1.3.2.03.03.18.037
1926,Survey Meter (Alat Pengukur Keadaan Alam),PERALATAN DAN MESIN,1.3.2.03.03.18.038
1927,Percolasi Meter,PERALATAN DAN MESIN,1.3.2.03.03.18.039
1928,Bor Sample Tanah,PERALATAN DAN MESIN,1.3.2.03.03.18.040
1929,Laboratorium Cort,PERALATAN DAN MESIN,1.3.2.03.03.18.041
1930,Soil Moisture Meter,PERALATAN DAN MESIN,1.3.2.03.03.18.042
1931,Sea Water Current Meter,PERALATAN DAN MESIN,1.3.2.03.03.18.043
1932,Wave Recorder,PERALATAN DAN MESIN,1.3.2.03.03.18.044
1933,Tide Recorder,PERALATAN DAN MESIN,1.3.2.03.03.18.045
1934,Radio Winsode,PERALATAN DAN MESIN,1.3.2.03.03.18.046
1935,Radio Thedolite,PERALATAN DAN MESIN,1.3.2.03.03.18.047
1936,Optic Theodolite,PERALATAN DAN MESIN,1.3.2.03.03.18.048
1937,Radio Wind,PERALATAN DAN MESIN,1.3.2.03.03.18.049
1938,Thermometer (Alat Pengukur Keadaan Alam),PERALATAN DAN MESIN,1.3.2.03.03.18.050
1939,Barometer (Alat Pengukur Keadaan Alam),PERALATAN DAN MESIN,1.3.2.03.03.18.051
1940,Altimeter (Alat Pengukur Keadaan Alam),PERALATAN DAN MESIN,1.3.2.03.03.18.052
1941,Barograph (Alat Pengukur Keadaan Alam),PERALATAN DAN MESIN,1.3.2.03.03.18.053
1942,Surveying Barograph,PERALATAN DAN MESIN,1.3.2.03.03.18.054
1943,Anemometer (Alat Pengukur Keadaan Alam),PERALATAN DAN MESIN,1.3.2.03.03.18.055
1944,Wind Force,PERALATAN DAN MESIN,1.3.2.03.03.18.056
1945,Anemograph,PERALATAN DAN MESIN,1.3.2.03.03.18.057
1946,Vertikal Wind Speed,PERALATAN DAN MESIN,1.3.2.03.03.18.058
1947,Mechanical Wind Recorder (Alat Pengukur Keadaan Alam),PERALATAN DAN MESIN,1.3.2.03.03.18.059
1948,Wind Snear,PERALATAN DAN MESIN,1.3.2.03.03.18.060
1949,Psychometer Sling/Wherling,PERALATAN DAN MESIN,1.3.2.03.03.18.061
1950,Assman Psychrodial,PERALATAN DAN MESIN,1.3.2.03.03.18.062
1951,Hygrograph (Alat Pengukur Keadaan Alam),PERALATAN DAN MESIN,1.3.2.03.03.18.063
1952,Persentage Humidity,PERALATAN DAN MESIN,1.3.2.03.03.18.064
1953,Psychrometer Slide Rule,PERALATAN DAN MESIN,1.3.2.03.03.18.065
1954,Gas Generator,PERALATAN DAN MESIN,1.3.2.03.03.18.066
1955,Ploatting Board,PERALATAN DAN MESIN,1.3.2.03.03.18.067
1956,Fillter Ballon,PERALATAN DAN MESIN,1.3.2.03.03.18.068
1957,Pressure Ceck Box,PERALATAN DAN MESIN,1.3.2.03.03.18.069
1958,Evaluation Suhu,PERALATAN DAN MESIN,1.3.2.03.03.18.070
1959,Evaluation Titik Embun,PERALATAN DAN MESIN,1.3.2.03.03.18.071
1960,Pressure Scale,PERALATAN DAN MESIN,1.3.2.03.03.18.072
1961,Kop Gas Generator,PERALATAN DAN MESIN,1.3.2.03.03.18.073
1962,Pengukur Ketebalan Dinding,PERALATAN DAN MESIN,1.3.2.03.03.18.074
1963,Soil Heat Fluxplate,PERALATAN DAN MESIN,1.3.2.03.03.18.075
1964,Fog Visiometer,PERALATAN DAN MESIN,1.3.2.03.03.18.076
1965,Seismograph (Alat Pengukur Keadaan Alam),PERALATAN DAN MESIN,1.3.2.03.03.18.077
1966,Strongmation Accelograph,PERALATAN DAN MESIN,1.3.2.03.03.18.078
1967,Seismocope,PERALATAN DAN MESIN,1.3.2.03.03.18.079
1968,Vibration Monitor,PERALATAN DAN MESIN,1.3.2.03.03.18.080
1969,Signal Conditioner,PERALATAN DAN MESIN,1.3.2.03.03.18.081
1970,Tranducer Microtermometer,PERALATAN DAN MESIN,1.3.2.03.03.18.082
1971,Magnetograph Adz,PERALATAN DAN MESIN,1.3.2.03.03.18.083
1972,Digital Analog Magnetograph,PERALATAN DAN MESIN,1.3.2.03.03.18.084
1973,Deklinometer,PERALATAN DAN MESIN,1.3.2.03.03.18.085
1974,Inklinometer,PERALATAN DAN MESIN,1.3.2.03.03.18.086
1975,QHN Instrument,PERALATAN DAN MESIN,1.3.2.03.03.18.087
1976,BMZ Instrument,PERALATAN DAN MESIN,1.3.2.03.03.18.088
1977,Proton Magnetograph,PERALATAN DAN MESIN,1.3.2.03.03.18.089
1978,Portable Variograph,PERALATAN DAN MESIN,1.3.2.03.03.18.090
1979,Stationary Variograph,PERALATAN DAN MESIN,1.3.2.03.03.18.091
1980,Potential Gradient Meter,PERALATAN DAN MESIN,1.3.2.03.03.18.092
1981,Conductivity Meter (Alat Pengukur Keadaan Alam),PERALATAN DAN MESIN,1.3.2.03.03.18.093
1982,Air Aerth Current Meter,PERALATAN DAN MESIN,1.3.2.03.03.18.094
1983,Ligthing Counter,PERALATAN DAN MESIN,1.3.2.03.03.18.095
1984,Ionosode,PERALATAN DAN MESIN,1.3.2.03.03.18.096
1985,Satellite Positioning,PERALATAN DAN MESIN,1.3.2.03.03.18.097
1986,Transit Thedolite,PERALATAN DAN MESIN,1.3.2.03.03.18.098
1987,Astrolebe,PERALATAN DAN MESIN,1.3.2.03.03.18.099
1988,La Coste And Remberg 6523,PERALATAN DAN MESIN,1.3.2.03.03.18.100
1989,Microtremor,PERALATAN DAN MESIN,1.3.2.03.03.18.101
1990,Portable Seismograph,PERALATAN DAN MESIN,1.3.2.03.03.18.102
1991,Digital Accelerograph,PERALATAN DAN MESIN,1.3.2.03.03.18.103
1992,Digital Broadband Seismograph,PERALATAN DAN MESIN,1.3.2.03.03.18.104
1993,PC Drum,PERALATAN DAN MESIN,1.3.2.03.03.18.105
1994,Tribrach,PERALATAN DAN MESIN,1.3.2.03.03.18.106
1995,alat pengukur penglihatan  lainnya (dst),PERALATAN DAN MESIN,1.3.2.03.03.18.107
1996,ALAT PENGUKUR KETEPATAN DAN KOREKSI WAKTU,PERALATAN DAN MESIN,1.3.2.03.03.19.000
1997,Transmissimeter,PERALATAN DAN MESIN,1.3.2.03.03.19.001
1998,Teropong Hilal,PERALATAN DAN MESIN,1.3.2.03.03.19.002
1999,Jam Atom,PERALATAN DAN MESIN,1.3.2.03.03.19.003
2000,alat pengukur ketepatan dan koreksi waktu  lainnya (dst),PERALATAN DAN MESIN,1.3.2.03.03.19.004
2001,ALAT UKUR INSTRUMENT WORKSHOP,PERALATAN DAN MESIN,1.3.2.03.03.20.000
2002,Lonceng Bandul,PERALATAN DAN MESIN,1.3.2.03.03.20.001
2003,Lonceng Cecium Beam Frequence,PERALATAN DAN MESIN,1.3.2.03.03.20.002
2004,Time Transmitter,PERALATAN DAN MESIN,1.3.2.03.03.20.003
2005,Jam Waktu Bintang,PERALATAN DAN MESIN,1.3.2.03.03.20.004
2006,Lonceng Tabung Hampa,PERALATAN DAN MESIN,1.3.2.03.03.20.005
2007,"Tabung Hampa, Free Pendulum",PERALATAN DAN MESIN,1.3.2.03.03.20.006
2008,Onggo Coder Electric,PERALATAN DAN MESIN,1.3.2.03.03.20.007
2009,Chronograph,PERALATAN DAN MESIN,1.3.2.03.03.20.008
2010,Chronometer (Alat Pengukur Ketepatan Dan Koreksi Waktu),PERALATAN DAN MESIN,1.3.2.03.03.20.009
2011,Teropong Bintang Transit,PERALATAN DAN MESIN,1.3.2.03.03.20.010
2012,Time Code,PERALATAN DAN MESIN,1.3.2.03.03.20.011
2013,Alat Pengukur Ketepatan Dan Koreksi Waktu Lainnya,PERALATAN DAN MESIN,1.3.2.03.03.20.012
2014,Digital RF Watt Meter,PERALATAN DAN MESIN,1.3.2.03.03.20.013
2015,Time Dmain Reffloctometer,PERALATAN DAN MESIN,1.3.2.03.03.20.014
2016,Phone Test Set,PERALATAN DAN MESIN,1.3.2.03.03.20.015
2017,Fiber Optic Test Set,PERALATAN DAN MESIN,1.3.2.03.03.20.016
2018,Communication Analyzer,PERALATAN DAN MESIN,1.3.2.03.03.20.017
2019,Technical Toolkit,PERALATAN DAN MESIN,1.3.2.03.03.20.018
2020,RF Load Resistor,PERALATAN DAN MESIN,1.3.2.03.03.20.019
2021,Digital Spectrum Analyzer,PERALATAN DAN MESIN,1.3.2.03.03.20.020
2022,Solder IC,PERALATAN DAN MESIN,1.3.2.03.03.20.021
2023,alat ukur instrument workshop  lainnya (dst),PERALATAN DAN MESIN,1.3.2.03.03.20.022
2024,ALAT UKUR LAINNYA,PERALATAN DAN MESIN,1.3.2.03.03.21.000
2025,alat ukur lainnya  lainnya (dst),PERALATAN DAN MESIN,1.3.2.03.03.21.001
2026,ALAT PERTANIAN,PERALATAN DAN MESIN,1.3.2.04.00.00.000
2027,ALAT PENGOLAHAN,PERALATAN DAN MESIN,1.3.2.04.01.00.000
2028,ALAT PENGOLAHAN TANAH DAN TANAMAN,PERALATAN DAN MESIN,1.3.2.04.01.01.000
2029,Bajak Kayu,PERALATAN DAN MESIN,1.3.2.04.01.01.001
2030,Bajak Muara,PERALATAN DAN MESIN,1.3.2.04.01.01.002
2031,Pacul,PERALATAN DAN MESIN,1.3.2.04.01.01.003
2032,Linggis,PERALATAN DAN MESIN,1.3.2.04.01.01.004
2033,Garpu Pacul,PERALATAN DAN MESIN,1.3.2.04.01.01.005
2034,Garpu Kayu,PERALATAN DAN MESIN,1.3.2.04.01.01.006
2035,Garpu Besi,PERALATAN DAN MESIN,1.3.2.04.01.01.007
2036,Tractor Four Wheel (Dengan Kelengkapannya),PERALATAN DAN MESIN,1.3.2.04.01.01.008
2037,Tractor Tangan Dengan Perlengkapannya,PERALATAN DAN MESIN,1.3.2.04.01.01.009
2038,Madula,PERALATAN DAN MESIN,1.3.2.04.01.01.010
2039,Skap,PERALATAN DAN MESIN,1.3.2.04.01.01.011
2040,Garu,PERALATAN DAN MESIN,1.3.2.04.01.01.012
2041,alat pengolahan tanah dan tanaman  lainnya (dst),PERALATAN DAN MESIN,1.3.2.04.01.01.013
2042,ALAT PEMELIHARAAN TANAMAN/IKAN/TERNAK,PERALATAN DAN MESIN,1.3.2.04.01.02.000
2043,Kored,PERALATAN DAN MESIN,1.3.2.04.01.02.001
2044,Arit,PERALATAN DAN MESIN,1.3.2.04.01.02.002
2045,Babatan,PERALATAN DAN MESIN,1.3.2.04.01.02.003
2046,Pacul Dangir,PERALATAN DAN MESIN,1.3.2.04.01.02.004
2047,Penyemprot Otomatis (Automatic Sprayer),PERALATAN DAN MESIN,1.3.2.04.01.02.005
2048,Penyemprot Mesin (Power Sprayer),PERALATAN DAN MESIN,1.3.2.04.01.02.006
2049,Penyemprot Tangan (Hand Sprayer),PERALATAN DAN MESIN,1.3.2.04.01.02.007
2050,Alat Penyiang Tanaman,PERALATAN DAN MESIN,1.3.2.04.01.02.008
2051,alat pemeliharaan tanaman/ikan/ternak  lainnya (dst),PERALATAN DAN MESIN,1.3.2.04.01.02.009
2052,ALAT PANEN,PERALATAN DAN MESIN,1.3.2.04.01.03.000
2053,Ani-Ani,PERALATAN DAN MESIN,1.3.2.04.01.03.001
2054,Alat Perontokan (Thresser Pedal),PERALATAN DAN MESIN,1.3.2.04.01.03.002
2055,Alat Perontokan Mesin (Power Thresser),PERALATAN DAN MESIN,1.3.2.04.01.03.003
2056,Alat Pemipil Jagung,PERALATAN DAN MESIN,1.3.2.04.01.03.004
2057,Alat Pengering (Dryer),PERALATAN DAN MESIN,1.3.2.04.01.03.005
2058,Alat Pengukur Kadar Air (Moisture Tester),PERALATAN DAN MESIN,1.3.2.04.01.03.006
2059,Alat Penggiling Kopi,PERALATAN DAN MESIN,1.3.2.04.01.03.007
2060,Alat Pengolah Tepung,PERALATAN DAN MESIN,1.3.2.04.01.03.008
2061,Alat Bantu Uji Tumbuh,PERALATAN DAN MESIN,1.3.2.04.01.03.009
2062,Alat Penampi,PERALATAN DAN MESIN,1.3.2.04.01.03.010
2063,Alat Panen Lainnya,PERALATAN DAN MESIN,1.3.2.04.01.03.011
2064,ALAT PENYIMPAN HASIL PERCOBAAN PERTANIAN,PERALATAN DAN MESIN,1.3.2.04.01.04.000
2065,Oven,PERALATAN DAN MESIN,1.3.2.04.01.04.001
2066,Cold Storage (Kamar Pendingin),PERALATAN DAN MESIN,1.3.2.04.01.04.002
2067,Selo (Kotak Penyimpanan) Dengan Pengatur Temperatur,PERALATAN DAN MESIN,1.3.2.04.01.04.003
2068,Rak-Rak Penyimpan,PERALATAN DAN MESIN,1.3.2.04.01.04.004
2069,Lemari Penyimpan,PERALATAN DAN MESIN,1.3.2.04.01.04.005
2070,Alat Penyimpanan Hasil Pertanian lainnya,PERALATAN DAN MESIN,1.3.2.04.01.04.006
2071,ALAT LABORATORIUM PERTANIAN,PERALATAN DAN MESIN,1.3.2.04.01.05.000
2072,Alat Pengukur Curah Hujan,PERALATAN DAN MESIN,1.3.2.04.01.05.001
2073,Alat Pengukur Cahaya,PERALATAN DAN MESIN,1.3.2.04.01.05.002
2074,Alat Pengukur Intensitas Cahaya,PERALATAN DAN MESIN,1.3.2.04.01.05.003
2075,Alat Pengukur Temperatur,PERALATAN DAN MESIN,1.3.2.04.01.05.004
2076,Alat Pengukur P.H. Tanah (Soil Tester),PERALATAN DAN MESIN,1.3.2.04.01.05.005
2077,Alat Pengambil Sample Tanah,PERALATAN DAN MESIN,1.3.2.04.01.05.006
2078,Rice,PERALATAN DAN MESIN,1.3.2.04.01.05.007
2079,Grindding Mill,PERALATAN DAN MESIN,1.3.2.04.01.05.008
2080,Volume Test,PERALATAN DAN MESIN,1.3.2.04.01.05.009
2081,Weight,PERALATAN DAN MESIN,1.3.2.04.01.05.010
2082,Straw Facture,PERALATAN DAN MESIN,1.3.2.04.01.05.011
2083,Falling Number,PERALATAN DAN MESIN,1.3.2.04.01.05.012
2084,Electrode Ph Meter,PERALATAN DAN MESIN,1.3.2.04.01.05.013
2085,Alat Penurun Kadar Air Madu,PERALATAN DAN MESIN,1.3.2.04.01.05.014
2086,Alat Laboratorium lainnya,PERALATAN DAN MESIN,1.3.2.04.01.05.015
2087,ALAT PROSESING,PERALATAN DAN MESIN,1.3.2.04.01.06.000
2088,Unit Pengaduk,PERALATAN DAN MESIN,1.3.2.04.01.06.001
2089,Alat Pencabut Bulu Ayam,PERALATAN DAN MESIN,1.3.2.04.01.06.002
2090,Alat Pembuat Pelet/Makanan Ternak,PERALATAN DAN MESIN,1.3.2.04.01.06.003
2091,Alat Pembuat Molase Blok,PERALATAN DAN MESIN,1.3.2.04.01.06.004
2092,Mesin Tetas,PERALATAN DAN MESIN,1.3.2.04.01.06.005
2093,Mesin Perah Susu,PERALATAN DAN MESIN,1.3.2.04.01.06.006
2094,Milk Can,PERALATAN DAN MESIN,1.3.2.04.01.06.007
2095,Pengupas Kulit Ari Kedelai,PERALATAN DAN MESIN,1.3.2.04.01.06.008
2096,Pemarut Serat Serba Guna,PERALATAN DAN MESIN,1.3.2.04.01.06.009
2097,Penyawut Singkong,PERALATAN DAN MESIN,1.3.2.04.01.06.010
2098,Gilingan Beras,PERALATAN DAN MESIN,1.3.2.04.01.06.011
2099,Salina Injector,PERALATAN DAN MESIN,1.3.2.04.01.06.012
2100,Scaller Motor,PERALATAN DAN MESIN,1.3.2.04.01.06.013
2101,ULV Cabinet,PERALATAN DAN MESIN,1.3.2.04.01.06.014
2102,TLC Drayer,PERALATAN DAN MESIN,1.3.2.04.01.06.015
2103,Mesin Pencuci Alat (Miele),PERALATAN DAN MESIN,1.3.2.04.01.06.016
2104,Hydrolic Pieces,PERALATAN DAN MESIN,1.3.2.04.01.06.017
2105,Reaper,PERALATAN DAN MESIN,1.3.2.04.01.06.018
2106,Electric Disk Cutter,PERALATAN DAN MESIN,1.3.2.04.01.06.019
2107,Ragum /Catok,PERALATAN DAN MESIN,1.3.2.04.01.06.020
2108,Diesel Eggane,PERALATAN DAN MESIN,1.3.2.04.01.06.021
2109,Alat Prosesing Daging,PERALATAN DAN MESIN,1.3.2.04.01.06.022
2110,Alat Prosesing Telur,PERALATAN DAN MESIN,1.3.2.04.01.06.023
2111,Ice Cream Maker,PERALATAN DAN MESIN,1.3.2.04.01.06.024
2112,Hand Separator,PERALATAN DAN MESIN,1.3.2.04.01.06.025
2113,Mesin Penepung Beras,PERALATAN DAN MESIN,1.3.2.04.01.06.026
2114,Alat Penggiling Jagung,PERALATAN DAN MESIN,1.3.2.04.01.06.027
2115,Mesin Pengayak Tepung,PERALATAN DAN MESIN,1.3.2.04.01.06.028
2116,Pengolahan Produk Kering,PERALATAN DAN MESIN,1.3.2.04.01.06.029
2117,Penyawut Besar dan Kecil,PERALATAN DAN MESIN,1.3.2.04.01.06.030
2118,Processing Multiguna,PERALATAN DAN MESIN,1.3.2.04.01.06.031
2119,Pump for HPLC and Accessories,PERALATAN DAN MESIN,1.3.2.04.01.06.032
2120,Sausage Feeler Machine,PERALATAN DAN MESIN,1.3.2.04.01.06.033
2121,Twin Paper Roller Bearing,PERALATAN DAN MESIN,1.3.2.04.01.06.034
2122,Skinning Cradle,PERALATAN DAN MESIN,1.3.2.04.01.06.035
2123,Head Restrainer,PERALATAN DAN MESIN,1.3.2.04.01.06.036
2124,Stuning Device,PERALATAN DAN MESIN,1.3.2.04.01.06.037
2125,Penyodok Kotoran,PERALATAN DAN MESIN,1.3.2.04.01.06.038
2126,Pengarah Kepala,PERALATAN DAN MESIN,1.3.2.04.01.06.039
2127,Offal Wash,PERALATAN DAN MESIN,1.3.2.04.01.06.040
2128,Beef Splitter,PERALATAN DAN MESIN,1.3.2.04.01.06.041
2129,Alat Pengupas Biji Mete,PERALATAN DAN MESIN,1.3.2.04.01.06.042
2130,Alat Pencacah Daun,PERALATAN DAN MESIN,1.3.2.04.01.06.043
2131,Alat Prosesing lainnya,PERALATAN DAN MESIN,1.3.2.04.01.06.044
2132,ALAT PASCA PANEN,PERALATAN DAN MESIN,1.3.2.04.01.07.000
2133,Alat Pengasapan,PERALATAN DAN MESIN,1.3.2.04.01.07.001
2134,Alat Pembekuan,PERALATAN DAN MESIN,1.3.2.04.01.07.002
2135,Alat Penggiling Padi,PERALATAN DAN MESIN,1.3.2.04.01.07.003
2136,Alat Pencacah Hijauan,PERALATAN DAN MESIN,1.3.2.04.01.07.004
2137,Alat Pemecah Tapioka,PERALATAN DAN MESIN,1.3.2.04.01.07.005
2138,alat pasca panen  lainnya (dst),PERALATAN DAN MESIN,1.3.2.04.01.07.006
2139,ALAT PRODUKSI PERIKANAN,PERALATAN DAN MESIN,1.3.2.04.01.08.000
2140,Pukat,PERALATAN DAN MESIN,1.3.2.04.01.08.001
2141,Double Rig Shrimp Trawl/Pukat Udang Ganda,PERALATAN DAN MESIN,1.3.2.04.01.08.002
2142,Payang ( Termasuk Lampara ),PERALATAN DAN MESIN,1.3.2.04.01.08.003
2143,Danish Seine ( Dogol ),PERALATAN DAN MESIN,1.3.2.04.01.08.004
2144,Beach Seine ( Pukat Pantai ),PERALATAN DAN MESIN,1.3.2.04.01.08.005
2145,Drift Gill Net ( Jaring Insang Hanyut ),PERALATAN DAN MESIN,1.3.2.04.01.08.006
2146,Encircling Gill Net ( Jaring Insang Lingkar ),PERALATAN DAN MESIN,1.3.2.04.01.08.007
2147,Shrimp Gill Net ( Jaring Klitik ),PERALATAN DAN MESIN,1.3.2.04.01.08.008
2148,Set Gill Net ( Jaring Insang Tetap ),PERALATAN DAN MESIN,1.3.2.04.01.08.009
2149,Boat Raft Lift Net ( Bagan Perahu/Rakit ),PERALATAN DAN MESIN,1.3.2.04.01.08.010
2150,Bagan Tancap Berikut Kelong,PERALATAN DAN MESIN,1.3.2.04.01.08.011
2151,Scoop Net ( Serok ),PERALATAN DAN MESIN,1.3.2.04.01.08.012
2152,Jaring Angkat Lainnya,PERALATAN DAN MESIN,1.3.2.04.01.08.013
2153,Guiding Barrier ( Serok ),PERALATAN DAN MESIN,1.3.2.04.01.08.014
2154,Stow Net ( Jermal Termasuk Togo ),PERALATAN DAN MESIN,1.3.2.04.01.08.015
2155,Portable Traps ( Bubu ),PERALATAN DAN MESIN,1.3.2.04.01.08.016
2156,Perangkap Lainnya,PERALATAN DAN MESIN,1.3.2.04.01.08.017
2157,Tuna Long Line ( Rawai Tuna ),PERALATAN DAN MESIN,1.3.2.04.01.08.018
2158,Set Long Line ( Rawai Tetap ),PERALATAN DAN MESIN,1.3.2.04.01.08.019
2159,Skipjack Pole And Lines ( Huhate ),PERALATAN DAN MESIN,1.3.2.04.01.08.020
2160,Trool Line ( Pancing Tonda ),PERALATAN DAN MESIN,1.3.2.04.01.08.021
2161,Pancing Lainnya,PERALATAN DAN MESIN,1.3.2.04.01.08.022
2162,Muroami Inc. Mallalugis,PERALATAN DAN MESIN,1.3.2.04.01.08.023
2163,Jala,PERALATAN DAN MESIN,1.3.2.04.01.08.024
2164,Garpu,PERALATAN DAN MESIN,1.3.2.04.01.08.025
2165, Tombak,PERALATAN DAN MESIN,1.3.2.04.01.08.026
2166,Sea Water Reservoir,PERALATAN DAN MESIN,1.3.2.04.01.08.027
2167,Bak Pemeliharaan Sementara,PERALATAN DAN MESIN,1.3.2.04.01.08.028
2168,Bak Pengendapan,PERALATAN DAN MESIN,1.3.2.04.01.08.029
2169,Keramba ( Jaring Apung ),PERALATAN DAN MESIN,1.3.2.04.01.08.030
2170,Jaring Lingkar,PERALATAN DAN MESIN,1.3.2.04.01.08.031
2171,Pukat Tarik Berkapal,PERALATAN DAN MESIN,1.3.2.04.01.08.032
2172,Pukat Hela,PERALATAN DAN MESIN,1.3.2.04.01.08.033
2173,Pukat Dorong,PERALATAN DAN MESIN,1.3.2.04.01.08.034
2174,Penggaruk,PERALATAN DAN MESIN,1.3.2.04.01.08.035
2175,Jaring Angkat Menetap,PERALATAN DAN MESIN,1.3.2.04.01.08.036
2176,Jaring Angkat Tidak Menetap,PERALATAN DAN MESIN,1.3.2.04.01.08.037
2177,Alat yang Dijatuhkan,PERALATAN DAN MESIN,1.3.2.04.01.08.038
2178,Alat Penjepit dan Melukai,PERALATAN DAN MESIN,1.3.2.04.01.08.039
2179,Alat Produksi Perikanan lainnya,PERALATAN DAN MESIN,1.3.2.04.01.08.040
2180,ALAT-ALAT PETERNAKAN,PERALATAN DAN MESIN,1.3.2.04.01.09.000
2181,Tang Pemasang/Kar Tang,PERALATAN DAN MESIN,1.3.2.04.01.09.001
2182,Stick Pengukur Sapi,PERALATAN DAN MESIN,1.3.2.04.01.09.002
2183,Waight Band,PERALATAN DAN MESIN,1.3.2.04.01.09.003
2184,Borduzzo Tang,PERALATAN DAN MESIN,1.3.2.04.01.09.004
2185,Cap Bakar,PERALATAN DAN MESIN,1.3.2.04.01.09.005
2186,Kar Punch (Pelobang Telinga),PERALATAN DAN MESIN,1.3.2.04.01.09.006
2187,Container,PERALATAN DAN MESIN,1.3.2.04.01.09.007
2188,Conister,PERALATAN DAN MESIN,1.3.2.04.01.09.008
2189,Qoblet,PERALATAN DAN MESIN,1.3.2.04.01.09.009
2190,Insemination Gun,PERALATAN DAN MESIN,1.3.2.04.01.09.010
2191,Termos A.J,PERALATAN DAN MESIN,1.3.2.04.01.09.011
2192,Vagina Buatan,PERALATAN DAN MESIN,1.3.2.04.01.09.012
2193,Debeaker (Alat Pemotong Panah),PERALATAN DAN MESIN,1.3.2.04.01.09.013
2194,Alat Pemotong Kuku,PERALATAN DAN MESIN,1.3.2.04.01.09.014
2195,Milik Gam,PERALATAN DAN MESIN,1.3.2.04.01.09.015
2196,Tabung Tempat Susu,PERALATAN DAN MESIN,1.3.2.04.01.09.016
2197,Dehamer (Pemotong Tanduk),PERALATAN DAN MESIN,1.3.2.04.01.09.017
2198,Pemotong Bulu,PERALATAN DAN MESIN,1.3.2.04.01.09.018
2199,Eastrator (Pemotong Ekor),PERALATAN DAN MESIN,1.3.2.04.01.09.019
2200,Milcooling Tang,PERALATAN DAN MESIN,1.3.2.04.01.09.020
2201,Mesin Penetas Telur,PERALATAN DAN MESIN,1.3.2.04.01.09.021
2202,Alat Peternakan lainnya,PERALATAN DAN MESIN,1.3.2.04.01.09.022
2203,ALAT PENGOLAHAN LAINNYA,PERALATAN DAN MESIN,1.3.2.04.01.10.000
2204,Alat Pengolahan lainnya,PERALATAN DAN MESIN,1.3.2.04.01.10.001
2205,ALAT KANTOR DAN RUMAH TANGGA,PERALATAN DAN MESIN,1.3.2.05.00.00.000
2206,ALAT KANTOR,PERALATAN DAN MESIN,1.3.2.05.01.00.000
2207,MESIN KETIK,PERALATAN DAN MESIN,1.3.2.05.01.01.000
2208,Mesin Ketik Manual Portable (11-13 Inci),PERALATAN DAN MESIN,1.3.2.05.01.01.001
2209,Mesin Ketik Manual Standard (14-16 Inci),PERALATAN DAN MESIN,1.3.2.05.01.01.002
2210,Mesin Ketik Manual Langewagon (18-27 Inci),PERALATAN DAN MESIN,1.3.2.05.01.01.003
2211,Mesin Ketik Listrik,PERALATAN DAN MESIN,1.3.2.05.01.01.004
2212,Mesin Ketik Listrik Potable (11-13 Inci),PERALATAN DAN MESIN,1.3.2.05.01.01.005
2213,Mesin Ketik Listrik Standard (14-16 Inci),PERALATAN DAN MESIN,1.3.2.05.01.01.006
2214,Mesin Ketik Listrik Langewagon (18-27 Inci),PERALATAN DAN MESIN,1.3.2.05.01.01.007
2215,Mesin Ketik Elektronik/Selektrik,PERALATAN DAN MESIN,1.3.2.05.01.01.008
2216,Mesin Ketik Braille,PERALATAN DAN MESIN,1.3.2.05.01.01.009
2217,Mesin Phromosons,PERALATAN DAN MESIN,1.3.2.05.01.01.010
2218,Mesin Cetak Stereo Piper (Braille),PERALATAN DAN MESIN,1.3.2.05.01.01.011
2219,mesin ketik  lainnya (dst),PERALATAN DAN MESIN,1.3.2.05.01.01.012
2220,MESIN HITUNG/MESIN JUMLAH,PERALATAN DAN MESIN,1.3.2.05.01.02.000
2221,Mesin Hitung Manual,PERALATAN DAN MESIN,1.3.2.05.01.02.001
2222,Mesin Hitung Listrik,PERALATAN DAN MESIN,1.3.2.05.01.02.002
2223,Mesin Hitung Elektronik/Calculator,PERALATAN DAN MESIN,1.3.2.05.01.02.003
2224,Mesin Kas Register,PERALATAN DAN MESIN,1.3.2.05.01.02.004
2225,Abakus (Alat Hitung),PERALATAN DAN MESIN,1.3.2.05.01.02.005
2226,Blokycs (Mesin Hitung Braille),PERALATAN DAN MESIN,1.3.2.05.01.02.006
2227,Mesin Penghitung Uang,PERALATAN DAN MESIN,1.3.2.05.01.02.007
2228,Mesin Pembukuan,PERALATAN DAN MESIN,1.3.2.05.01.02.008
2229,Mesin Penghitung Kertas/Pita Cukai,PERALATAN DAN MESIN,1.3.2.05.01.02.009
2230,Mesin Absen (Time Recorder),PERALATAN DAN MESIN,1.3.2.05.01.02.010
2231,Mesin Kontrol Jaga,PERALATAN DAN MESIN,1.3.2.05.01.02.011
2232,Mesin Penghitung Uang,PERALATAN DAN MESIN,1.3.2.05.01.02.012
2233,mesin hitung/mesin jumlah  lainnya (dst),PERALATAN DAN MESIN,1.3.2.05.01.02.013
2234,ALAT REPRODUKSI (PENGGANDAAN),PERALATAN DAN MESIN,1.3.2.05.01.03.000
2235,Mesin Stensil Manual Folio,PERALATAN DAN MESIN,1.3.2.05.01.03.001
2236,Mesin Stensil Manual Double Folio,PERALATAN DAN MESIN,1.3.2.05.01.03.002
2237,Mesin Stensil Listrik Folio,PERALATAN DAN MESIN,1.3.2.05.01.03.003
2238,Mesin Stensil Listrik Double Folio,PERALATAN DAN MESIN,1.3.2.05.01.03.004
2239,Mesin Stensil Spiritus Manual,PERALATAN DAN MESIN,1.3.2.05.01.03.005
2240,Mesin Stensil Spiritus Listrik,PERALATAN DAN MESIN,1.3.2.05.01.03.006
2241,Mesin Fotocopy Folio,PERALATAN DAN MESIN,1.3.2.05.01.03.007
2242,Mesin Fotocopy Double Folio,PERALATAN DAN MESIN,1.3.2.05.01.03.008
2243,Mesin Fotocopy Electronic,PERALATAN DAN MESIN,1.3.2.05.01.03.009
2244,Mesin Thermoforn,PERALATAN DAN MESIN,1.3.2.05.01.03.010
2245,Mesin Fotocopy Lainnya,PERALATAN DAN MESIN,1.3.2.05.01.03.011
2246,Risograf,PERALATAN DAN MESIN,1.3.2.05.01.03.012
2247,Mesin Perekam Stensil Folio,PERALATAN DAN MESIN,1.3.2.05.01.03.013
2248,Mesin Perekam Stensil Double Folio,PERALATAN DAN MESIN,1.3.2.05.01.03.014
2249,Mesin Plate Folio,PERALATAN DAN MESIN,1.3.2.05.01.03.015
2250,Mesin Plate Double Folio,PERALATAN DAN MESIN,1.3.2.05.01.03.016
2251,Alat Reproduksi lainnya,PERALATAN DAN MESIN,1.3.2.05.01.03.017
2252,ALAT PENYIMPAN PERLENGKAPAN KANTOR,PERALATAN DAN MESIN,1.3.2.05.01.04.000
2253,Lemari Besi/Metal,PERALATAN DAN MESIN,1.3.2.05.01.04.001
2254,Lemari Kayu,PERALATAN DAN MESIN,1.3.2.05.01.04.002
2255,Rak Besi,PERALATAN DAN MESIN,1.3.2.05.01.04.003
2256,Rak Kayu,PERALATAN DAN MESIN,1.3.2.05.01.04.004
2257,Filing Cabinet Besi,PERALATAN DAN MESIN,1.3.2.05.01.04.005
2258,Filing Cabinet Kayu,PERALATAN DAN MESIN,1.3.2.05.01.04.006
2259,Brandkas,PERALATAN DAN MESIN,1.3.2.05.01.04.007
2260,Peti Uang/Cash Box/Coin Box,PERALATAN DAN MESIN,1.3.2.05.01.04.008
2261,Kardex Besi,PERALATAN DAN MESIN,1.3.2.05.01.04.009
2262,Kardex Kayu,PERALATAN DAN MESIN,1.3.2.05.01.04.010
2263,Rotary Filling,PERALATAN DAN MESIN,1.3.2.05.01.04.011
2264,Compact Rolling,PERALATAN DAN MESIN,1.3.2.05.01.04.012
2265,Buffet,PERALATAN DAN MESIN,1.3.2.05.01.04.013
2266,Mobile File,PERALATAN DAN MESIN,1.3.2.05.01.04.014
2267,Locker,PERALATAN DAN MESIN,1.3.2.05.01.04.015
2268,Roll Opek,PERALATAN DAN MESIN,1.3.2.05.01.04.016
2269,Tempat Menyimpan Gambar,PERALATAN DAN MESIN,1.3.2.05.01.04.017
2270,Kontainer,PERALATAN DAN MESIN,1.3.2.05.01.04.018
2271,Coin Box,PERALATAN DAN MESIN,1.3.2.05.01.04.019
2272,Lemari Display,PERALATAN DAN MESIN,1.3.2.05.01.04.020
2273,Water Proof Box,PERALATAN DAN MESIN,1.3.2.05.01.04.021
2274,Folding Container Box,PERALATAN DAN MESIN,1.3.2.05.01.04.022
2275,Box Truck,PERALATAN DAN MESIN,1.3.2.05.01.04.023
2276,Laci Box,PERALATAN DAN MESIN,1.3.2.05.01.04.024
2277,Lemari Katalog,PERALATAN DAN MESIN,1.3.2.05.01.04.025
2278,Lemari Sorok,PERALATAN DAN MESIN,1.3.2.05.01.04.026
2279,Lemari Kaca,PERALATAN DAN MESIN,1.3.2.05.01.04.027
2280,Lemari Makan,PERALATAN DAN MESIN,1.3.2.05.01.04.028
2281,Alat Penyimpanan Kantor lainnya,PERALATAN DAN MESIN,1.3.2.05.01.04.029
2282,ALAT KANTOR LAINNYA,PERALATAN DAN MESIN,1.3.2.05.01.05.000
2283,Narkotik Test,PERALATAN DAN MESIN,1.3.2.05.01.05.001
2284,CCTV - Camera Control Television System,PERALATAN DAN MESIN,1.3.2.05.01.05.002
2285,Papan Visual/Papan Nama,PERALATAN DAN MESIN,1.3.2.05.01.05.003
2286,Movitex Board,PERALATAN DAN MESIN,1.3.2.05.01.05.004
2287,White Board,PERALATAN DAN MESIN,1.3.2.05.01.05.005
2288,Alat Detektor Uang Palsu,PERALATAN DAN MESIN,1.3.2.05.01.05.006
2289,Alat Detektor Barang Terlarang/X Ray,PERALATAN DAN MESIN,1.3.2.05.01.05.007
2290,Copy Board/Elektric White Board,PERALATAN DAN MESIN,1.3.2.05.01.05.008
2291,Peta,PERALATAN DAN MESIN,1.3.2.05.01.05.009
2292,Alat Penghancur Kertas,PERALATAN DAN MESIN,1.3.2.05.01.05.010
2293,Globe,PERALATAN DAN MESIN,1.3.2.05.01.05.011
2294,Mesin Absensi,PERALATAN DAN MESIN,1.3.2.05.01.05.012
2295,Dry Seal,PERALATAN DAN MESIN,1.3.2.05.01.05.013
2296,Fergulator,PERALATAN DAN MESIN,1.3.2.05.01.05.014
2297,Cream Polisher,PERALATAN DAN MESIN,1.3.2.05.01.05.015
2298,Mesin Perangko,PERALATAN DAN MESIN,1.3.2.05.01.05.016
2299,Check Writer,PERALATAN DAN MESIN,1.3.2.05.01.05.017
2300,Numerator,PERALATAN DAN MESIN,1.3.2.05.01.05.018
2301,Alat Pemotong Kertas,PERALATAN DAN MESIN,1.3.2.05.01.05.019
2302,Headmachine Besar,PERALATAN DAN MESIN,1.3.2.05.01.05.020
2303,Perforator Besar,PERALATAN DAN MESIN,1.3.2.05.01.05.021
2304,Alat Pencetak Label,PERALATAN DAN MESIN,1.3.2.05.01.05.022
2305,Overhead Projector,PERALATAN DAN MESIN,1.3.2.05.01.05.023
2306,Hand Metal Detector,PERALATAN DAN MESIN,1.3.2.05.01.05.024
2307,Walkman Detector,PERALATAN DAN MESIN,1.3.2.05.01.05.025
2308,Panel Pameran,PERALATAN DAN MESIN,1.3.2.05.01.05.026
2309,Alat Pengaman / Sinyal,PERALATAN DAN MESIN,1.3.2.05.01.05.027
2310,Board Modulux,PERALATAN DAN MESIN,1.3.2.05.01.05.028
2311,Porto Safe Travel Cose,PERALATAN DAN MESIN,1.3.2.05.01.05.029
2312,Disk Prime,PERALATAN DAN MESIN,1.3.2.05.01.05.030
2313,Megashow,PERALATAN DAN MESIN,1.3.2.05.01.05.031
2314,White Board Electronic,PERALATAN DAN MESIN,1.3.2.05.01.05.032
2315,Laser Pointer,PERALATAN DAN MESIN,1.3.2.05.01.05.033
2316,Display,PERALATAN DAN MESIN,1.3.2.05.01.05.034
2317,Exhauster Form,PERALATAN DAN MESIN,1.3.2.05.01.05.035
2318,Rubu Mujayyab,PERALATAN DAN MESIN,1.3.2.05.01.05.036
2319,Electric Dumper,PERALATAN DAN MESIN,1.3.2.05.01.05.037
2320,Mesin Teraan,PERALATAN DAN MESIN,1.3.2.05.01.05.038
2321,Mesin Laminating,PERALATAN DAN MESIN,1.3.2.05.01.05.039
2322,Penangkal Petir,PERALATAN DAN MESIN,1.3.2.05.01.05.040
2323,Stempel Timbul/Bulat,PERALATAN DAN MESIN,1.3.2.05.01.05.041
2324,Lampu-lampu Kristal,PERALATAN DAN MESIN,1.3.2.05.01.05.042
2325,LCD Projector/Infocus,PERALATAN DAN MESIN,1.3.2.05.01.05.043
2326,Flip Chart,PERALATAN DAN MESIN,1.3.2.05.01.05.044
2327,Binding Machine,PERALATAN DAN MESIN,1.3.2.05.01.05.045
2328,Softboard,PERALATAN DAN MESIN,1.3.2.05.01.05.046
2329,Alat Perekam Suara (Voice Pen),PERALATAN DAN MESIN,1.3.2.05.01.05.047
2330,Acces Control System,PERALATAN DAN MESIN,1.3.2.05.01.05.048
2331,Intruction Detector,PERALATAN DAN MESIN,1.3.2.05.01.05.049
2332,Monitor Panel With Mimic Board,PERALATAN DAN MESIN,1.3.2.05.01.05.050
2333,"Panic Button System, Alarm Indicator",PERALATAN DAN MESIN,1.3.2.05.01.05.051
2334,Pintu Elektrik (yang Memakai Akses),PERALATAN DAN MESIN,1.3.2.05.01.05.052
2335,Focusing Screen/Layar LCD Projector,PERALATAN DAN MESIN,1.3.2.05.01.05.053
2336,Alat Detektor Barang Terlarang,PERALATAN DAN MESIN,1.3.2.05.01.05.054
2337,Proyector Spider Bracket,PERALATAN DAN MESIN,1.3.2.05.01.05.055
2338,Papan Gambar,PERALATAN DAN MESIN,1.3.2.05.01.05.056
2339,Bel,PERALATAN DAN MESIN,1.3.2.05.01.05.057
2340,Electric Pressing Machine,PERALATAN DAN MESIN,1.3.2.05.01.05.058
2341,Encapsulator (Jarasonic welder),PERALATAN DAN MESIN,1.3.2.05.01.05.059
2342,Deacidificator Unit (Non Aquas),PERALATAN DAN MESIN,1.3.2.05.01.05.060
2343,Full Automatic Leaf Caster,PERALATAN DAN MESIN,1.3.2.05.01.05.061
2344,Conservation Tools,PERALATAN DAN MESIN,1.3.2.05.01.05.062
2345,Board Stan,PERALATAN DAN MESIN,1.3.2.05.01.05.063
2346,Vacum Freeze Dry Chamber,PERALATAN DAN MESIN,1.3.2.05.01.05.064
2347,Kotak Surat,PERALATAN DAN MESIN,1.3.2.05.01.05.065
2348,Gembok,PERALATAN DAN MESIN,1.3.2.05.01.05.066
2349,Compact Hand Projector,PERALATAN DAN MESIN,1.3.2.05.01.05.067
2350,Alat Sidik Jari,PERALATAN DAN MESIN,1.3.2.05.01.05.068
2351,Alat Penghancur Jarum,PERALATAN DAN MESIN,1.3.2.05.01.05.069
2352,Walkthrough/ Portal Metal Detector,PERALATAN DAN MESIN,1.3.2.05.01.05.070
2353,Handheld Trace Detector,PERALATAN DAN MESIN,1.3.2.05.01.05.071
2354,Alat Deteksi Pita Cukai Palsu/ Video Spectral Comparator,PERALATAN DAN MESIN,1.3.2.05.01.05.072
2355,Mesin Packing/ Starpping Machine,PERALATAN DAN MESIN,1.3.2.05.01.05.073
2356,Television Control Operasional Lift,PERALATAN DAN MESIN,1.3.2.05.01.05.074
2357,Mesin Antrian,PERALATAN DAN MESIN,1.3.2.05.01.05.075
2358,Papan Nama Instansi,PERALATAN DAN MESIN,1.3.2.05.01.05.076
2359,Papan Pengumuman,PERALATAN DAN MESIN,1.3.2.05.01.05.077
2360,Papan Tulis,PERALATAN DAN MESIN,1.3.2.05.01.05.078
2361,Papan Absen,PERALATAN DAN MESIN,1.3.2.05.01.05.079
2362,Mesin Fogging,PERALATAN DAN MESIN,1.3.2.05.01.05.080
2363,Teralis,PERALATAN DAN MESIN,1.3.2.05.01.05.081
2364,Alat Penerjemah,PERALATAN DAN MESIN,1.3.2.05.01.05.082
2365,Alat Penghancur Plastik,PERALATAN DAN MESIN,1.3.2.05.01.05.083
2366,Proteksi Petir Terpadu,PERALATAN DAN MESIN,1.3.2.05.01.05.084
2367,Pakaian Toga,PERALATAN DAN MESIN,1.3.2.05.01.05.085
2368,Sirine,PERALATAN DAN MESIN,1.3.2.05.01.05.086
2369,Tongkat Pedel,PERALATAN DAN MESIN,1.3.2.05.01.05.087
2370,Alat Kantor Lainnya,PERALATAN DAN MESIN,1.3.2.05.01.05.088
2371,ALAT RUMAH TANGGA,PERALATAN DAN MESIN,1.3.2.05.02.00.000
2372,MEUBELAIR,PERALATAN DAN MESIN,1.3.2.05.02.01.000
2373,Meja Kerja Besi/Metal,PERALATAN DAN MESIN,1.3.2.05.02.01.001
2374,Meja Kerja Kayu,PERALATAN DAN MESIN,1.3.2.05.02.01.002
2375,Kursi Besi/Metal,PERALATAN DAN MESIN,1.3.2.05.02.01.003
2376,Kursi Kayu,PERALATAN DAN MESIN,1.3.2.05.02.01.004
2377,Sice,PERALATAN DAN MESIN,1.3.2.05.02.01.005
2378,Bangku Panjang Besi/Metal,PERALATAN DAN MESIN,1.3.2.05.02.01.006
2379,Bangku Panjang Kayu,PERALATAN DAN MESIN,1.3.2.05.02.01.007
2380,Meja Rapat,PERALATAN DAN MESIN,1.3.2.05.02.01.008
2381,Tempat Tidur Besi,PERALATAN DAN MESIN,1.3.2.05.02.01.009
2382,Tempat Tidur Kayu,PERALATAN DAN MESIN,1.3.2.05.02.01.010
2383,Meja Ketik,PERALATAN DAN MESIN,1.3.2.05.02.01.011
2384,Meja Telepon,PERALATAN DAN MESIN,1.3.2.05.02.01.012
2385,Meja Podium,PERALATAN DAN MESIN,1.3.2.05.02.01.013
2386,Meja Resepsionis,PERALATAN DAN MESIN,1.3.2.05.02.01.014
2387,Meja Marmer,PERALATAN DAN MESIN,1.3.2.05.02.01.015
2388,Meja Tambahan,PERALATAN DAN MESIN,1.3.2.05.02.01.016
2389,Meja Panjang,PERALATAN DAN MESIN,1.3.2.05.02.01.017
2390,Meja Bundar,PERALATAN DAN MESIN,1.3.2.05.02.01.018
2391,Meja Periksa Pasien,PERALATAN DAN MESIN,1.3.2.05.02.01.019
2392,Meja Obat,PERALATAN DAN MESIN,1.3.2.05.02.01.020
2393,Meja Kartu,PERALATAN DAN MESIN,1.3.2.05.02.01.021
2394,Meja Bayi,PERALATAN DAN MESIN,1.3.2.05.02.01.022
2395,Meja Sekolah,PERALATAN DAN MESIN,1.3.2.05.02.01.023
2396,Meja 1/2 Biro,PERALATAN DAN MESIN,1.3.2.05.02.01.024
2397,Kasur/Spring Bed,PERALATAN DAN MESIN,1.3.2.05.02.01.025
2398,Sketsel,PERALATAN DAN MESIN,1.3.2.05.02.01.026
2399,Meja Makan Besi,PERALATAN DAN MESIN,1.3.2.05.02.01.027
2400,Meja Makan Kayu,PERALATAN DAN MESIN,1.3.2.05.02.01.028
2401,Kursi Fiber Glas/Plastik,PERALATAN DAN MESIN,1.3.2.05.02.01.029
2402,Kursi Rapat,PERALATAN DAN MESIN,1.3.2.05.02.01.030
2403,Kursi Tamu,PERALATAN DAN MESIN,1.3.2.05.02.01.031
2404,Kursi Putar,PERALATAN DAN MESIN,1.3.2.05.02.01.032
2405,Kursi Biasa,PERALATAN DAN MESIN,1.3.2.05.02.01.033
2406,Bangku Sekolah,PERALATAN DAN MESIN,1.3.2.05.02.01.034
2407,Bangku Tunggu,PERALATAN DAN MESIN,1.3.2.05.02.01.035
2408,Kursi Lipat,PERALATAN DAN MESIN,1.3.2.05.02.01.036
2409,Bangku Injak,PERALATAN DAN MESIN,1.3.2.05.02.01.037
2410,Meja Cetakan,PERALATAN DAN MESIN,1.3.2.05.02.01.038
2411,Meja Komputer,PERALATAN DAN MESIN,1.3.2.05.02.01.039
2412,Pot Bunga,PERALATAN DAN MESIN,1.3.2.05.02.01.040
2413,Partisi,PERALATAN DAN MESIN,1.3.2.05.02.01.041
2414,Publik Astari (Pembatas Antrian),PERALATAN DAN MESIN,1.3.2.05.02.01.042
2415,Rak Sepatu ( Almunium ),PERALATAN DAN MESIN,1.3.2.05.02.01.043
2416,Gantungan Jas,PERALATAN DAN MESIN,1.3.2.05.02.01.044
2417,Nakas,PERALATAN DAN MESIN,1.3.2.05.02.01.045
2418,Cubikal,PERALATAN DAN MESIN,1.3.2.05.02.01.046
2419,Workstation,PERALATAN DAN MESIN,1.3.2.05.02.01.047
2420,Sofa,PERALATAN DAN MESIN,1.3.2.05.02.01.048
2421,Meja Rias,PERALATAN DAN MESIN,1.3.2.05.02.01.049
2422,Meubeleur lainnya,PERALATAN DAN MESIN,1.3.2.05.02.01.050
2423,ALAT PENGUKUR WAKTU,PERALATAN DAN MESIN,1.3.2.05.02.02.000
2424,Jam Mekanis,PERALATAN DAN MESIN,1.3.2.05.02.02.001
2425,Jam Listrik,PERALATAN DAN MESIN,1.3.2.05.02.02.002
2426,Jam Elektronik,PERALATAN DAN MESIN,1.3.2.05.02.02.003
2427,Control Clock,PERALATAN DAN MESIN,1.3.2.05.02.02.004
2428,Alat Pengukur Waktu lainnya,PERALATAN DAN MESIN,1.3.2.05.02.02.005
2429,ALAT PEMBERSIH,PERALATAN DAN MESIN,1.3.2.05.02.03.000
2430,Mesin Penghisap Debu/Vacuum Cleaner,PERALATAN DAN MESIN,1.3.2.05.02.03.001
2431,Mesin Pel/Poles,PERALATAN DAN MESIN,1.3.2.05.02.03.002
2432,Mesin Pemotong Rumput,PERALATAN DAN MESIN,1.3.2.05.02.03.003
2433,Mesin Cuci,PERALATAN DAN MESIN,1.3.2.05.02.03.004
2434,Air Cleaner,PERALATAN DAN MESIN,1.3.2.05.02.03.005
2435,Alat Pembersih Salju,PERALATAN DAN MESIN,1.3.2.05.02.03.006
2436,Alat Pembersih lainnya,PERALATAN DAN MESIN,1.3.2.05.02.03.007
2437,ALAT PENDINGIN,PERALATAN DAN MESIN,1.3.2.05.02.04.000
2438,Lemari Es,PERALATAN DAN MESIN,1.3.2.05.02.04.001
2439,A.C. Sentral,PERALATAN DAN MESIN,1.3.2.05.02.04.002
2440,A.C. Window,PERALATAN DAN MESIN,1.3.2.05.02.04.003
2441,A.C. Split,PERALATAN DAN MESIN,1.3.2.05.02.04.004
2442,Portable Air Conditioner (Alat Pendingin),PERALATAN DAN MESIN,1.3.2.05.02.04.005
2443,Kipas Angin,PERALATAN DAN MESIN,1.3.2.05.02.04.006
2444,Exhause Fan,PERALATAN DAN MESIN,1.3.2.05.02.04.007
2445,Cold Storage (Alat Pendingin),PERALATAN DAN MESIN,1.3.2.05.02.04.008
2446,Reach In Frezzer,PERALATAN DAN MESIN,1.3.2.05.02.04.009
2447,Reach In Chiller,PERALATAN DAN MESIN,1.3.2.05.02.04.010
2448,Up Right Chiller/Frezzer,PERALATAN DAN MESIN,1.3.2.05.02.04.011
2449,Cold Room Frezzer,PERALATAN DAN MESIN,1.3.2.05.02.04.012
2450,Air Curtain,PERALATAN DAN MESIN,1.3.2.05.02.04.013
2451,Air Handling Unit,PERALATAN DAN MESIN,1.3.2.05.02.04.014
2452,Alat Pendingin lainnya,PERALATAN DAN MESIN,1.3.2.05.02.04.015
2453,ALAT DAPUR,PERALATAN DAN MESIN,1.3.2.05.02.05.000
2454,Kompor Listrik (Alat Dapur),PERALATAN DAN MESIN,1.3.2.05.02.05.001
2455,Kompor Gas (Alat Dapur),PERALATAN DAN MESIN,1.3.2.05.02.05.002
2456,Kompor Minyak,PERALATAN DAN MESIN,1.3.2.05.02.05.003
2457,Teko Listrik,PERALATAN DAN MESIN,1.3.2.05.02.05.004
2458,Rice Cooker (Alat Dapur),PERALATAN DAN MESIN,1.3.2.05.02.05.005
2459,Oven Listrik,PERALATAN DAN MESIN,1.3.2.05.02.05.006
2460,Rice Warmer,PERALATAN DAN MESIN,1.3.2.05.02.05.007
2461,Kitchen Set,PERALATAN DAN MESIN,1.3.2.05.02.05.008
2462,Tabung Gas,PERALATAN DAN MESIN,1.3.2.05.02.05.009
2463,Mesin Giling Bumbu,PERALATAN DAN MESIN,1.3.2.05.02.05.010
2464,Treng Air/Tandon Air,PERALATAN DAN MESIN,1.3.2.05.02.05.011
2465,Mesin Parutan Kelapa,PERALATAN DAN MESIN,1.3.2.05.02.05.012
2466,Kompor Kompresor,PERALATAN DAN MESIN,1.3.2.05.02.05.013
2467,Alat Pemanggang Roti/Sate,PERALATAN DAN MESIN,1.3.2.05.02.05.014
2468,Rak Piring Alumunium,PERALATAN DAN MESIN,1.3.2.05.02.05.015
2469,Alat Penyimpan Beras,PERALATAN DAN MESIN,1.3.2.05.02.05.016
2470,Panci,PERALATAN DAN MESIN,1.3.2.05.02.05.017
2471,Blender,PERALATAN DAN MESIN,1.3.2.05.02.05.018
2472,Mixer,PERALATAN DAN MESIN,1.3.2.05.02.05.019
2473,Oven Gas,PERALATAN DAN MESIN,1.3.2.05.02.05.020
2474,Presto Cooker,PERALATAN DAN MESIN,1.3.2.05.02.05.021
2475,Wonder Pan,PERALATAN DAN MESIN,1.3.2.05.02.05.022
2476,Mesin Giling Daging,PERALATAN DAN MESIN,1.3.2.05.02.05.023
2477,Heating Set,PERALATAN DAN MESIN,1.3.2.05.02.05.024
2478,Thermos Air,PERALATAN DAN MESIN,1.3.2.05.02.05.025
2479,Alat Dapur lainnya,PERALATAN DAN MESIN,1.3.2.05.02.05.026
2480,ALAT RUMAH TANGGA LAINNYA (HOME USE),PERALATAN DAN MESIN,1.3.2.05.02.06.000
2481,Radio,PERALATAN DAN MESIN,1.3.2.05.02.06.001
2482,Televisi,PERALATAN DAN MESIN,1.3.2.05.02.06.002
2483,Video Cassette,PERALATAN DAN MESIN,1.3.2.05.02.06.003
2484,Tape Recorder (Alat Rumah Tangga Lainnya ( Home Use ),PERALATAN DAN MESIN,1.3.2.05.02.06.004
2485,Amplifier,PERALATAN DAN MESIN,1.3.2.05.02.06.005
2486,Equalizer,PERALATAN DAN MESIN,1.3.2.05.02.06.006
2487,Loudspeaker,PERALATAN DAN MESIN,1.3.2.05.02.06.007
2488,Sound System,PERALATAN DAN MESIN,1.3.2.05.02.06.008
2489,Compact Disc,PERALATAN DAN MESIN,1.3.2.05.02.06.009
2490,Laser Disc,PERALATAN DAN MESIN,1.3.2.05.02.06.010
2491,Karaoke,PERALATAN DAN MESIN,1.3.2.05.02.06.011
2492,Wireless,PERALATAN DAN MESIN,1.3.2.05.02.06.012
2493,Megaphone,PERALATAN DAN MESIN,1.3.2.05.02.06.013
2494,Microphone,PERALATAN DAN MESIN,1.3.2.05.02.06.014
2495,Microphone Floor Stand,PERALATAN DAN MESIN,1.3.2.05.02.06.015
2496,Microphone Table Stand,PERALATAN DAN MESIN,1.3.2.05.02.06.016
2497,Mic Conference,PERALATAN DAN MESIN,1.3.2.05.02.06.017
2498,Unit Power Supply,PERALATAN DAN MESIN,1.3.2.05.02.06.018
2499,Step Up/Down (Alat Rumah Tangga Lainnya ( Home Use ),PERALATAN DAN MESIN,1.3.2.05.02.06.019
2500,Stabilisator,PERALATAN DAN MESIN,1.3.2.05.02.06.020
2501,Camera Video,PERALATAN DAN MESIN,1.3.2.05.02.06.021
2502,Camera film,PERALATAN DAN MESIN,1.3.2.05.02.06.022
2503,Tustel,PERALATAN DAN MESIN,1.3.2.05.02.06.023
2504,Mesin Jahit,PERALATAN DAN MESIN,1.3.2.05.02.06.024
2505,Timbangan Orang,PERALATAN DAN MESIN,1.3.2.05.02.06.025
2506,Timbangan Barang,PERALATAN DAN MESIN,1.3.2.05.02.06.026
2507,Alat Hiasan,PERALATAN DAN MESIN,1.3.2.05.02.06.027
2508,Lambang Garuda Pancasila,PERALATAN DAN MESIN,1.3.2.05.02.06.028
2509,Gambar Presiden/Wakil Presiden,PERALATAN DAN MESIN,1.3.2.05.02.06.029
2510,Lambang Korpri/Dharma Wanita,PERALATAN DAN MESIN,1.3.2.05.02.06.030
2511,Aquarium (Alat Rumah Tangga Lainnya ( Home Use ),PERALATAN DAN MESIN,1.3.2.05.02.06.031
2512,Tiang Bendera,PERALATAN DAN MESIN,1.3.2.05.02.06.032
2513,Pataka,PERALATAN DAN MESIN,1.3.2.05.02.06.033
2514,Seterika,PERALATAN DAN MESIN,1.3.2.05.02.06.034
2515,Water Filter,PERALATAN DAN MESIN,1.3.2.05.02.06.035
2516,Tangga Aluminium,PERALATAN DAN MESIN,1.3.2.05.02.06.036
2517,Kaca Hias,PERALATAN DAN MESIN,1.3.2.05.02.06.037
2518,Dispenser,PERALATAN DAN MESIN,1.3.2.05.02.06.038
2519,Mimbar/Podium,PERALATAN DAN MESIN,1.3.2.05.02.06.039
2520,Gucci,PERALATAN DAN MESIN,1.3.2.05.02.06.040
2521,Tangga Hidrolik,PERALATAN DAN MESIN,1.3.2.05.02.06.041
2522,Palu Sidang,PERALATAN DAN MESIN,1.3.2.05.02.06.042
2523,Mesin Pengering Pakaian,PERALATAN DAN MESIN,1.3.2.05.02.06.043
2524,Lambang Instansi,PERALATAN DAN MESIN,1.3.2.05.02.06.044
2525,Lonceng/Genta,PERALATAN DAN MESIN,1.3.2.05.02.06.045
2526,Mesin Pemotong Keramik,PERALATAN DAN MESIN,1.3.2.05.02.06.046
2527,Coffee Maker,PERALATAN DAN MESIN,1.3.2.05.02.06.047
2528,Handy Cam,PERALATAN DAN MESIN,1.3.2.05.02.06.048
2529,Mesin Obras,PERALATAN DAN MESIN,1.3.2.05.02.06.049
2530,Mesin Potong Kain,PERALATAN DAN MESIN,1.3.2.05.02.06.050
2531,Mesin Pelubang Kancing,PERALATAN DAN MESIN,1.3.2.05.02.06.051
2532,Meja Potong,PERALATAN DAN MESIN,1.3.2.05.02.06.052
2533,Rader,PERALATAN DAN MESIN,1.3.2.05.02.06.053
2534,Manequin (Boneka),PERALATAN DAN MESIN,1.3.2.05.02.06.054
2535,Mini Compo,PERALATAN DAN MESIN,1.3.2.05.02.06.055
2536,Heater (Alat Rumah Tangga Lainnya ( Home Use ),PERALATAN DAN MESIN,1.3.2.05.02.06.056
2537,Karpet,PERALATAN DAN MESIN,1.3.2.05.02.06.057
2538,Vertikal Blind,PERALATAN DAN MESIN,1.3.2.05.02.06.058
2539,Gordyin/Kray,PERALATAN DAN MESIN,1.3.2.05.02.06.059
2540,Asbak Tinggi,PERALATAN DAN MESIN,1.3.2.05.02.06.060
2541,Sun Screen,PERALATAN DAN MESIN,1.3.2.05.02.06.061
2542,Alat Pemanas Ruangan,PERALATAN DAN MESIN,1.3.2.05.02.06.062
2543,Lemari Plastik,PERALATAN DAN MESIN,1.3.2.05.02.06.063
2544,Mesin Pengering Tangan,PERALATAN DAN MESIN,1.3.2.05.02.06.064
2545,Panggung,PERALATAN DAN MESIN,1.3.2.05.02.06.065
2546,Mesin Pedding,PERALATAN DAN MESIN,1.3.2.05.02.06.066
2547,DVD Player,PERALATAN DAN MESIN,1.3.2.05.02.06.067
2548,Tangga,PERALATAN DAN MESIN,1.3.2.05.02.06.068
2549,Lampu,PERALATAN DAN MESIN,1.3.2.05.02.06.069
2550,Jemuran,PERALATAN DAN MESIN,1.3.2.05.02.06.070
2551,Patung Peraga Pakaian,PERALATAN DAN MESIN,1.3.2.05.02.06.071
2552,Gendola,PERALATAN DAN MESIN,1.3.2.05.02.06.072
2553,Alat Pangkas Rambut Listrik,PERALATAN DAN MESIN,1.3.2.05.02.06.073
2554,Bracket Standing Peralatan,PERALATAN DAN MESIN,1.3.2.05.02.06.074
2555,Tangki Air,PERALATAN DAN MESIN,1.3.2.05.02.06.075
2556,Home Theater,PERALATAN DAN MESIN,1.3.2.05.02.06.076
2557,Alat Rumah Tangga Lain-lain,PERALATAN DAN MESIN,1.3.2.05.02.06.077
2558,ALAT PEMADAM KEBAKARAN,PERALATAN DAN MESIN,1.3.2.05.02.07.000
2559,Alat Pemadam/Portable,PERALATAN DAN MESIN,1.3.2.05.02.07.001
2560,Pompa Kebakaran/Portable,PERALATAN DAN MESIN,1.3.2.05.02.07.002
2561,Generator Busa,PERALATAN DAN MESIN,1.3.2.05.02.07.003
2562,Detektor Kebakaran,PERALATAN DAN MESIN,1.3.2.05.02.07.004
2563,Alat Spinker,PERALATAN DAN MESIN,1.3.2.05.02.07.005
2564,Panel Pengontrol Kebakaran,PERALATAN DAN MESIN,1.3.2.05.02.07.006
2565,Tombol Kebakaran/Alarm,PERALATAN DAN MESIN,1.3.2.05.02.07.007
2566,Hidran Kebakaran,PERALATAN DAN MESIN,1.3.2.05.02.07.008
2567,Pipa Pemancar Kebakaran,PERALATAN DAN MESIN,1.3.2.05.02.07.009
2568,Pakaian Panas/Lengkap,PERALATAN DAN MESIN,1.3.2.05.02.07.010
2569,Topeng (masker) Oxigen,PERALATAN DAN MESIN,1.3.2.05.02.07.011
2570,Topeng (masker) Gas,PERALATAN DAN MESIN,1.3.2.05.02.07.012
2571,Alat Pelencur Kebakaran,PERALATAN DAN MESIN,1.3.2.05.02.07.013
2572,Lemari Slang,PERALATAN DAN MESIN,1.3.2.05.02.07.014
2573,Lonceng Kebakaran,PERALATAN DAN MESIN,1.3.2.05.02.07.015
2574,Alat Pembantu Kebakaran,PERALATAN DAN MESIN,1.3.2.05.02.07.016
2575,Alat Pemadam Kebakaran lainnya,PERALATAN DAN MESIN,1.3.2.05.02.07.017
2576,MEJA DAN KURSI KERJA/RAPAT PEJABAT,PERALATAN DAN MESIN,1.3.2.05.03.00.000
2577,MEJA KERJA PEJABAT,PERALATAN DAN MESIN,1.3.2.05.03.01.000
2578,Meja Kerja Menteri/Gubernur/Bupati/Walikota,PERALATAN DAN MESIN,1.3.2.05.03.01.001
2579,Meja Kerja Pejabat Eselon I/Wakil Gubernur/Wakil Bupati/Wakil Walikota,PERALATAN DAN MESIN,1.3.2.05.03.01.002
2580,Meja Kerja Ketua/Wakil Ketua DPRD,PERALATAN DAN MESIN,1.3.2.05.03.01.003
2581,Meja Kerja Pejabat Eselon II,PERALATAN DAN MESIN,1.3.2.05.03.01.004
2582,Meja Kerja Pejabat Eselon III,PERALATAN DAN MESIN,1.3.2.05.03.01.005
2583,Meja Kerja Pejabat Eselon IV,PERALATAN DAN MESIN,1.3.2.05.03.01.006
2584,Meja Kerja Pejabat Eselon V,PERALATAN DAN MESIN,1.3.2.05.03.01.007
2585,Meja Kerja Pegawai Non Struktural,PERALATAN DAN MESIN,1.3.2.05.03.01.008
2586,Meja Kerja Pejabat lain-lain,PERALATAN DAN MESIN,1.3.2.05.03.01.009
2587,MEJA RAPAT PEJABAT,PERALATAN DAN MESIN,1.3.2.05.03.02.000
2588,Meja Rapat Menteri/Gubernur/Bupati/Walikota,PERALATAN DAN MESIN,1.3.2.05.03.02.001
2589,Meja Rapat Pejabat Eselon I/Wakil Gubernur/Wakil Bupati/Wakil Walikota,PERALATAN DAN MESIN,1.3.2.05.03.02.002
2590,Meja Rapat Ketua/Wakil Ketua DPRD,PERALATAN DAN MESIN,1.3.2.05.03.02.003
2591,Meja Rapat Pejabat Eselon II,PERALATAN DAN MESIN,1.3.2.05.03.02.004
2592,Meja Rapat Pejabat Eselon III,PERALATAN DAN MESIN,1.3.2.05.03.02.005
2593,Meja Tamu Ruangan Tunggu Menteri/Gubernur/Bupati/Walikota,PERALATAN DAN MESIN,1.3.2.05.03.02.006
2594,Meja Tamu Ruangan Tunggu Pejabat Eselon I/Wakil Gubernur/Wakil Bupati/Wakil Walikota,PERALATAN DAN MESIN,1.3.2.05.03.02.007
2595,Meja Tamu Ruangan Tunggu Ketua/Wakil Ketua DPRD,PERALATAN DAN MESIN,1.3.2.05.03.02.008
2596,Meja Tamu Ruangan Tunggu Pejabat Eselon II,PERALATAN DAN MESIN,1.3.2.05.03.02.009
2597,Meja Tamu Ruangan Tunggu Pejabat Eselon III,PERALATAN DAN MESIN,1.3.2.05.03.02.010
2598,Meja Tamu Biasa,PERALATAN DAN MESIN,1.3.2.05.03.02.011
2599,Meja Maket/Peta,PERALATAN DAN MESIN,1.3.2.05.03.02.012
2600,Meja Operator,PERALATAN DAN MESIN,1.3.2.05.03.02.013
2601,Meja Rapat Pejabat lainnya,PERALATAN DAN MESIN,1.3.2.05.03.02.014
2602,KURSI KERJA PEJABAT,PERALATAN DAN MESIN,1.3.2.05.03.03.000
2603,Kursi Kerja Menteri/Gubernur/Bupati/Walikota,PERALATAN DAN MESIN,1.3.2.05.03.03.001
2604,Kursi Kerja Pejabat Eselon I/Wakil Gubernur/Wakil Bupati/Wakil Walikota,PERALATAN DAN MESIN,1.3.2.05.03.03.002
2605,Kursi Kerja Ketua/Wakil Ketua DPRD,PERALATAN DAN MESIN,1.3.2.05.03.03.003
2606,Kursi Kerja Pejabat Eselon II,PERALATAN DAN MESIN,1.3.2.05.03.03.004
2607,Kursi Kerja Pejabat Eselon III,PERALATAN DAN MESIN,1.3.2.05.03.03.005
2608,Kursi Kerja Pejabat Eselon IV,PERALATAN DAN MESIN,1.3.2.05.03.03.006
2609,Kursi Kerja Pejabat Eselon V,PERALATAN DAN MESIN,1.3.2.05.03.03.007
2610,Kursi Kerja Pegawai Non Struktural,PERALATAN DAN MESIN,1.3.2.05.03.03.008
2611,Kursi Kerja Pejabat lainnya,PERALATAN DAN MESIN,1.3.2.05.03.03.009
2612,KURSI RAPAT PEJABAT,PERALATAN DAN MESIN,1.3.2.05.03.04.000
2613,Kursi Rapat Menteri/Gubernur/Bupati/Walikota,PERALATAN DAN MESIN,1.3.2.05.03.04.001
2614,Kursi Rapat Ruangan Rapat Pejabat Eselon I/Wakil Gubernur/Wakil Bupati/Wakil Walikota,PERALATAN DAN MESIN,1.3.2.05.03.04.002
2615,Kursi Rapat Ruangan Rapat Ketua/Wakil Ketua DPRD,PERALATAN DAN MESIN,1.3.2.05.03.04.003
2616,Kursi Rapat Ruangan Rapat Pejabat Eselon II,PERALATAN DAN MESIN,1.3.2.05.03.04.004
2617,Kursi Rapat Ruangan Rapat Pejabat Eselon III,PERALATAN DAN MESIN,1.3.2.05.03.04.005
2618,Kursi Rapat Ruangan Data,PERALATAN DAN MESIN,1.3.2.05.03.04.006
2619,Kursi Rapat Ruangan Rapat Staf,PERALATAN DAN MESIN,1.3.2.05.03.04.007
2620,Kursi Rapat Pejabat lainnya,PERALATAN DAN MESIN,1.3.2.05.03.04.008
2621,KURSI HADAP DEPAN MEJA KERJA PEJABAT,PERALATAN DAN MESIN,1.3.2.05.03.05.000
2622,Kursi Hadap Depan Meja Kerja Menteri/Gubernur/Bupati/Walikota,PERALATAN DAN MESIN,1.3.2.05.03.05.001
2623,Kursi Hadap Depan Meja Kerja Pejabat Eselon I/Wakil Gubernur/Wakil Bupati/Wakil Walikota,PERALATAN DAN MESIN,1.3.2.05.03.05.002
2624,Kursi Hadap Depan Meja Kerja Ketua/Wakil Ketua DPRD,PERALATAN DAN MESIN,1.3.2.05.03.05.003
2625,Kursi Hadap Depan Meja Kerja Pejabat Eselon II,PERALATAN DAN MESIN,1.3.2.05.03.05.004
2626,Kursi Hadap Depan Meja Kerja Pejabat Eselon III,PERALATAN DAN MESIN,1.3.2.05.03.05.005
2627,Kursi Hadap Depan Meja Kerja Pejabat Eselon IV,PERALATAN DAN MESIN,1.3.2.05.03.05.006
2628,Kursi Hadap Depan Meja Kerja Pejabat Eselon V,PERALATAN DAN MESIN,1.3.2.05.03.05.007
2629,Kursi Hadap Depan Meja Kerja lainnya,PERALATAN DAN MESIN,1.3.2.05.03.05.008
2630,KURSI TAMU DI RUANGAN PEJABAT,PERALATAN DAN MESIN,1.3.2.05.03.06.000
2631,Kursi Tamu di Ruangan Menteri/Gubernur/Bupati/Walikota,PERALATAN DAN MESIN,1.3.2.05.03.06.001
2632,Kursi Tamu di Ruangan Eselon I/Wakil Gubernur/Wakil Bupati/Wakil Walikota,PERALATAN DAN MESIN,1.3.2.05.03.06.002
2633,Kursi Tamu di Ruangan Ketua/Wakil Ketua DPRD,PERALATAN DAN MESIN,1.3.2.05.03.06.003
2634,Kursi Tamu di Ruangan Pejabat Eselon II,PERALATAN DAN MESIN,1.3.2.05.03.06.004
2635,Kursi Tamu di Ruangan Pejabat Eselon III,PERALATAN DAN MESIN,1.3.2.05.03.06.005
2636,Kursi Tamu di Ruangan Tunggu Menteri/Gubernur/Bupati/Walikota,PERALATAN DAN MESIN,1.3.2.05.03.06.006
2637,Meja Tamu Ruangan Tunggu Pejabat Eselon I/Wakil Gubernur/Wakil Bupati/Wakil Walikota,PERALATAN DAN MESIN,1.3.2.05.03.06.007
2638,Kursi Tamu di Ruangan Tunggu Ketua/Wakil Ketua DPRD,PERALATAN DAN MESIN,1.3.2.05.03.06.008
2639,Kursi Tamu di Ruangan Tunggu Pejabat Eselon I,PERALATAN DAN MESIN,1.3.2.05.03.06.009
2640,Kursi Tamu di Ruangan Tunggu Pejabat Eselon II,PERALATAN DAN MESIN,1.3.2.05.03.06.010
2641,Kursi Tamu di Depan Ajudan Menteri/Gubernur/Bupati/Walikota,PERALATAN DAN MESIN,1.3.2.05.03.06.011
2642,Kursi Tamu di Depan Ajudan Eselon I/Wakil Gubernur/Wakil Bupati/Wakil Walikota,PERALATAN DAN MESIN,1.3.2.05.03.06.012
2643,Kursi Tamu di Ruangan Pejabat lainnya,PERALATAN DAN MESIN,1.3.2.05.03.06.013
2644,LEMARI DAN ARSIP PEJABAT,PERALATAN DAN MESIN,1.3.2.05.03.07.000
2645,Lemari Buku Untuk Menteri/Gubernur/Bupati/Walikota,PERALATAN DAN MESIN,1.3.2.05.03.07.001
2646,Lemari Buku Untuk Pejabat Eselon I/Wakil Gubernur/Wakil Bupati/Wakil Walikota,PERALATAN DAN MESIN,1.3.2.05.03.07.002
2647,Lemari Buku Untuk Ketua/Wakil Ketua DPRD,PERALATAN DAN MESIN,1.3.2.05.03.07.003
2648,Lemari Buku Untuk Pejabat Eselon II,PERALATAN DAN MESIN,1.3.2.05.03.07.004
2649,Lemari Buku Untuk Pejabat Eselon III,PERALATAN DAN MESIN,1.3.2.05.03.07.005
2650,Lemari Buku Untuk Perpustakaan,PERALATAN DAN MESIN,1.3.2.05.03.07.006
2651,Lemari Buku Arsip Untuk Arsip Dinamis,PERALATAN DAN MESIN,1.3.2.05.03.07.007
2652,Buffet Kayu,PERALATAN DAN MESIN,1.3.2.05.03.07.008
2653,Buffet Kaca,PERALATAN DAN MESIN,1.3.2.05.03.07.009
2654,Lemari Arsip Pejabat lainnya,PERALATAN DAN MESIN,1.3.2.05.03.07.010
2655,"ALAT STUDIO, KOMUNIKASI DAN PEMANCAR",PERALATAN DAN MESIN,1.3.2.06.00.00.000
2656,ALAT STUDIO,PERALATAN DAN MESIN,1.3.2.06.01.00.000
2657,PERALATAN STUDIO AUDIO,PERALATAN DAN MESIN,1.3.2.06.01.01.000
2658,Audio Mixing Console,PERALATAN DAN MESIN,1.3.2.06.01.01.001
2659,Audio Mixing Portable,PERALATAN DAN MESIN,1.3.2.06.01.01.002
2660,Audio Mixing Stationer,PERALATAN DAN MESIN,1.3.2.06.01.01.003
2661,Audio Attenuator,PERALATAN DAN MESIN,1.3.2.06.01.01.004
2662,Audio Amplifier,PERALATAN DAN MESIN,1.3.2.06.01.01.005
2663,Audio Erase Unit,PERALATAN DAN MESIN,1.3.2.06.01.01.006
2664,Audio Video Selector (Peralatan Studio Audio),PERALATAN DAN MESIN,1.3.2.06.01.01.007
2665,Audio Monitor Active,PERALATAN DAN MESIN,1.3.2.06.01.01.008
2666,Audio Monitor Passive,PERALATAN DAN MESIN,1.3.2.06.01.01.009
2667,Audio Reverberation,PERALATAN DAN MESIN,1.3.2.06.01.01.010
2668,Audio Patch Panel,PERALATAN DAN MESIN,1.3.2.06.01.01.011
2669,Audio Distribution,PERALATAN DAN MESIN,1.3.2.06.01.01.012
2670,Audio Tone Generator,PERALATAN DAN MESIN,1.3.2.06.01.01.013
2671,Audio Catridge Recorder,PERALATAN DAN MESIN,1.3.2.06.01.01.014
2672,Audio Logging Recorder,PERALATAN DAN MESIN,1.3.2.06.01.01.015
2673,Compact Disc Player,PERALATAN DAN MESIN,1.3.2.06.01.01.016
2674,Cassette Duplicator,PERALATAN DAN MESIN,1.3.2.06.01.01.017
2675,Disc Record Player,PERALATAN DAN MESIN,1.3.2.06.01.01.018
2676,Multitrack Recorder,PERALATAN DAN MESIN,1.3.2.06.01.01.019
2677,Reel Tape Duplicator,PERALATAN DAN MESIN,1.3.2.06.01.01.020
2678,Compact Disc Juke Box System,PERALATAN DAN MESIN,1.3.2.06.01.01.021
2679,Telephone Hybrid,PERALATAN DAN MESIN,1.3.2.06.01.01.022
2680,Audio Phone In,PERALATAN DAN MESIN,1.3.2.06.01.01.023
2681,Profanity Delay System,PERALATAN DAN MESIN,1.3.2.06.01.01.024
2682,Audio Visual,PERALATAN DAN MESIN,1.3.2.06.01.01.025
2683,Audio Filter,PERALATAN DAN MESIN,1.3.2.06.01.01.026
2684,Audio Limiter,PERALATAN DAN MESIN,1.3.2.06.01.01.027
2685,Audio Compressor,PERALATAN DAN MESIN,1.3.2.06.01.01.028
2686,Turn Table,PERALATAN DAN MESIN,1.3.2.06.01.01.029
2687,Talk Back Unit,PERALATAN DAN MESIN,1.3.2.06.01.01.030
2688,Intercom Unit,PERALATAN DAN MESIN,1.3.2.06.01.01.031
2689,Buzzer,PERALATAN DAN MESIN,1.3.2.06.01.01.032
2690,Set Studio Light Signal,PERALATAN DAN MESIN,1.3.2.06.01.01.033
2691,Dolby Noise Reduction,PERALATAN DAN MESIN,1.3.2.06.01.01.034
2692,Modulation Monitor Speaker Kabaret,PERALATAN DAN MESIN,1.3.2.06.01.01.035
2693,Microphone/Wireless MIC,PERALATAN DAN MESIN,1.3.2.06.01.01.036
2694,Microphone/Boom Stand,PERALATAN DAN MESIN,1.3.2.06.01.01.037
2695,Microphone Connector Box,PERALATAN DAN MESIN,1.3.2.06.01.01.038
2696,Light Signal,PERALATAN DAN MESIN,1.3.2.06.01.01.039
2697,Power Supply Microphone,PERALATAN DAN MESIN,1.3.2.06.01.01.040
2698,Professional Sound System,PERALATAN DAN MESIN,1.3.2.06.01.01.041
2699,Audio Master Control Unit,PERALATAN DAN MESIN,1.3.2.06.01.01.042
2700,Time Indetification Unit,PERALATAN DAN MESIN,1.3.2.06.01.01.043
2701,Audio Announcer Desk,PERALATAN DAN MESIN,1.3.2.06.01.01.044
2702,Master Clock (Peralatan Studio Audio),PERALATAN DAN MESIN,1.3.2.06.01.01.045
2703,Slave Clock (Peralatan Studio Audio),PERALATAN DAN MESIN,1.3.2.06.01.01.046
2704,Audio Command Desk,PERALATAN DAN MESIN,1.3.2.06.01.01.047
2705,Uninterruptible Power Supply (UPS),PERALATAN DAN MESIN,1.3.2.06.01.01.048
2706,Master Control Desk,PERALATAN DAN MESIN,1.3.2.06.01.01.049
2707,Head Compensator,PERALATAN DAN MESIN,1.3.2.06.01.01.050
2708,Automatic Voltage Regulator (AVR),PERALATAN DAN MESIN,1.3.2.06.01.01.051
2709,HUM/Cable Conpensator,PERALATAN DAN MESIN,1.3.2.06.01.01.052
2710,Editing & Dubbing System,PERALATAN DAN MESIN,1.3.2.06.01.01.053
2711,Analog Delay (Peralatan Studio Audio),PERALATAN DAN MESIN,1.3.2.06.01.01.054
2712,Battery Charger (Peralatan Studio Audio),PERALATAN DAN MESIN,1.3.2.06.01.01.055
2713,Blank Panel,PERALATAN DAN MESIN,1.3.2.06.01.01.056
2714,Control Unit HF,PERALATAN DAN MESIN,1.3.2.06.01.01.057
2715,Delay Unit,PERALATAN DAN MESIN,1.3.2.06.01.01.058
2716,Power Amplifier,PERALATAN DAN MESIN,1.3.2.06.01.01.059
2717,Paging Mic,PERALATAN DAN MESIN,1.3.2.06.01.01.060
2718,Compact Monitor Panel For Stereo,PERALATAN DAN MESIN,1.3.2.06.01.01.061
2719,Pistol Grip,PERALATAN DAN MESIN,1.3.2.06.01.01.062
2720,Mounting Breaken,PERALATAN DAN MESIN,1.3.2.06.01.01.063
2721,Chairman/Audio Conference,PERALATAN DAN MESIN,1.3.2.06.01.01.064
2722,Time Switching,PERALATAN DAN MESIN,1.3.2.06.01.01.065
2723,Terminal Board,PERALATAN DAN MESIN,1.3.2.06.01.01.066
2724,Encoder/Decoder,PERALATAN DAN MESIN,1.3.2.06.01.01.067
2725,Wind Shield,PERALATAN DAN MESIN,1.3.2.06.01.01.068
2726,Receiver HF/LF,PERALATAN DAN MESIN,1.3.2.06.01.01.069
2727,Receiver VHF/FM,PERALATAN DAN MESIN,1.3.2.06.01.01.070
2728,Audio Tape Reel Recorder,PERALATAN DAN MESIN,1.3.2.06.01.01.071
2729,Audio Cassette Recorder,PERALATAN DAN MESIN,1.3.2.06.01.01.072
2730,Compact Disc Recorder,PERALATAN DAN MESIN,1.3.2.06.01.01.073
2731,Digital Audio Storage System,PERALATAN DAN MESIN,1.3.2.06.01.01.074
2732,Digital Audio Taperecorder,PERALATAN DAN MESIN,1.3.2.06.01.01.075
2733,Blitzzer,PERALATAN DAN MESIN,1.3.2.06.01.01.076
2734,Audio Maximizer,PERALATAN DAN MESIN,1.3.2.06.01.01.077
2735,Microphone Cable,PERALATAN DAN MESIN,1.3.2.06.01.01.078
2736,Signal Instrument Switcer,PERALATAN DAN MESIN,1.3.2.06.01.01.079
2737,Celling Mount Bracket,PERALATAN DAN MESIN,1.3.2.06.01.01.080
2738,Interfaceboard,PERALATAN DAN MESIN,1.3.2.06.01.01.081
2739,Video Presenter,PERALATAN DAN MESIN,1.3.2.06.01.01.082
2740,Multiscan Proyector,PERALATAN DAN MESIN,1.3.2.06.01.01.083
2741,Cable,PERALATAN DAN MESIN,1.3.2.06.01.01.084
2742,"Scanner Coir, Presst",PERALATAN DAN MESIN,1.3.2.06.01.01.085
2743,Komp. Interface Boar,PERALATAN DAN MESIN,1.3.2.06.01.01.086
2744,Voice Recorder,PERALATAN DAN MESIN,1.3.2.06.01.01.087
2745,AM/FM Measurement,PERALATAN DAN MESIN,1.3.2.06.01.01.088
2746,Signal On Air,PERALATAN DAN MESIN,1.3.2.06.01.01.089
2747,Digital LED Running Text,PERALATAN DAN MESIN,1.3.2.06.01.01.090
2748,Analog/Digital Receiver,PERALATAN DAN MESIN,1.3.2.06.01.01.091
2749,Digital Keyboard Technics,PERALATAN DAN MESIN,1.3.2.06.01.01.092
2750,Explorist 600,PERALATAN DAN MESIN,1.3.2.06.01.01.093
2751,Paging System,PERALATAN DAN MESIN,1.3.2.06.01.01.094
2752,Stand Partitur,PERALATAN DAN MESIN,1.3.2.06.01.01.095
2753,peralatan studio audio  lainnya (dst),PERALATAN DAN MESIN,1.3.2.06.01.01.096
2754,PERALATAN STUDIO VIDEO DAN FILM,PERALATAN DAN MESIN,1.3.2.06.01.02.000
2755,Assignment Switcher,PERALATAN DAN MESIN,1.3.2.06.01.02.001
2756,Off Air TV Monitor,PERALATAN DAN MESIN,1.3.2.06.01.02.002
2757,Camera Electronic,PERALATAN DAN MESIN,1.3.2.06.01.02.003
2758,Pulse Generator (Peralatan Studio Video Dan Film),PERALATAN DAN MESIN,1.3.2.06.01.02.004
2759,Pulse Distribution Amplifier,PERALATAN DAN MESIN,1.3.2.06.01.02.005
2760,Pulse Switcher,PERALATAN DAN MESIN,1.3.2.06.01.02.006
2761,Pulse Delay Line,PERALATAN DAN MESIN,1.3.2.06.01.02.007
2762,Character Generator (Peralatan Studio Video Dan Film),PERALATAN DAN MESIN,1.3.2.06.01.02.008
2763,Caption Generator,PERALATAN DAN MESIN,1.3.2.06.01.02.009
2764,Telecine,PERALATAN DAN MESIN,1.3.2.06.01.02.010
2765,Video Distribution Amplifier,PERALATAN DAN MESIN,1.3.2.06.01.02.011
2766,Video Monitor,PERALATAN DAN MESIN,1.3.2.06.01.02.012
2767,Video Tape Recorder Portable,PERALATAN DAN MESIN,1.3.2.06.01.02.013
2768,Video Tape Recorder Stationer,PERALATAN DAN MESIN,1.3.2.06.01.02.014
2769,Video Mixer,PERALATAN DAN MESIN,1.3.2.06.01.02.015
2770,Video Switcher,PERALATAN DAN MESIN,1.3.2.06.01.02.016
2771,Video Equalizer Amplifier,PERALATAN DAN MESIN,1.3.2.06.01.02.017
2772,Video Color Bar Generator,PERALATAN DAN MESIN,1.3.2.06.01.02.018
2773,Video Cross Bar Switch,PERALATAN DAN MESIN,1.3.2.06.01.02.019
2774,Video Test Signal Generator,PERALATAN DAN MESIN,1.3.2.06.01.02.020
2775,Video Corrector,PERALATAN DAN MESIN,1.3.2.06.01.02.021
2776,Video Caption Adder,PERALATAN DAN MESIN,1.3.2.06.01.02.022
2777,Video Hum Compensator,PERALATAN DAN MESIN,1.3.2.06.01.02.023
2778,Video Processor,PERALATAN DAN MESIN,1.3.2.06.01.02.024
2779,Video Station Id Generator,PERALATAN DAN MESIN,1.3.2.06.01.02.025
2780,Video Patch Panel,PERALATAN DAN MESIN,1.3.2.06.01.02.026
2781,Video Delay Unit,PERALATAN DAN MESIN,1.3.2.06.01.02.027
2782,Video Processing Amplifier,PERALATAN DAN MESIN,1.3.2.06.01.02.028
2783,Video Equalizer,PERALATAN DAN MESIN,1.3.2.06.01.02.029
2784,Video Tape Evaluator,PERALATAN DAN MESIN,1.3.2.06.01.02.030
2785,Video Effect Generator,PERALATAN DAN MESIN,1.3.2.06.01.02.031
2786,VITS Inserter Generator,PERALATAN DAN MESIN,1.3.2.06.01.02.032
2787,Camera Wall Box,PERALATAN DAN MESIN,1.3.2.06.01.02.033
2788,Teleprompter,PERALATAN DAN MESIN,1.3.2.06.01.02.034
2789,Time Base Corrector,PERALATAN DAN MESIN,1.3.2.06.01.02.035
2790,Gun Smoke,PERALATAN DAN MESIN,1.3.2.06.01.02.036
2791,Automatic Editing Control (Peralatan Studio Video Dan Film),PERALATAN DAN MESIN,1.3.2.06.01.02.037
2792,Power Supply (Peralatan Studio Video Dan Film),PERALATAN DAN MESIN,1.3.2.06.01.02.038
2793,Editing Electronic,PERALATAN DAN MESIN,1.3.2.06.01.02.039
2794,Rectifier Unit,PERALATAN DAN MESIN,1.3.2.06.01.02.040
2795,Remote Control Unit,PERALATAN DAN MESIN,1.3.2.06.01.02.041
2796,Rak Peralatan,PERALATAN DAN MESIN,1.3.2.06.01.02.042
2797,Stabilizing Amplifier,PERALATAN DAN MESIN,1.3.2.06.01.02.043
2798,Digital Video Effect,PERALATAN DAN MESIN,1.3.2.06.01.02.044
2799,Tripod Camera,PERALATAN DAN MESIN,1.3.2.06.01.02.045
2800,Dimmer,PERALATAN DAN MESIN,1.3.2.06.01.02.046
2801,Chiller,PERALATAN DAN MESIN,1.3.2.06.01.02.047
2802,Slave Clock (Peralatan Studio Video Dan Film),PERALATAN DAN MESIN,1.3.2.06.01.02.048
2803,Master Clock (Peralatan Studio Video Dan Film),PERALATAN DAN MESIN,1.3.2.06.01.02.049
2804,Teledyne,PERALATAN DAN MESIN,1.3.2.06.01.02.050
2805,Flying Spot Scanner,PERALATAN DAN MESIN,1.3.2.06.01.02.051
2806,Synchronizing Pulse Generator,PERALATAN DAN MESIN,1.3.2.06.01.02.052
2807,DC Converter,PERALATAN DAN MESIN,1.3.2.06.01.02.053
2808,Black Burst Generator,PERALATAN DAN MESIN,1.3.2.06.01.02.054
2809,Lighting Stand Tripod,PERALATAN DAN MESIN,1.3.2.06.01.02.055
2810,Film Projector,PERALATAN DAN MESIN,1.3.2.06.01.02.056
2811,Slide Projector,PERALATAN DAN MESIN,1.3.2.06.01.02.057
2812,Command Desk,PERALATAN DAN MESIN,1.3.2.06.01.02.058
2813,Announcer Desk,PERALATAN DAN MESIN,1.3.2.06.01.02.059
2814,Camera Film,PERALATAN DAN MESIN,1.3.2.06.01.02.060
2815,Lensa Kamera,PERALATAN DAN MESIN,1.3.2.06.01.02.061
2816,Film Magazine,PERALATAN DAN MESIN,1.3.2.06.01.02.062
2817,Claper,PERALATAN DAN MESIN,1.3.2.06.01.02.063
2818,Changing Bag,PERALATAN DAN MESIN,1.3.2.06.01.02.064
2819,Conditioner,PERALATAN DAN MESIN,1.3.2.06.01.02.065
2820,Colour Film Analyzer,PERALATAN DAN MESIN,1.3.2.06.01.02.066
2821,Film Sound Recorder,PERALATAN DAN MESIN,1.3.2.06.01.02.067
2822,Tele Recorder,PERALATAN DAN MESIN,1.3.2.06.01.02.068
2823,Camera View Finder,PERALATAN DAN MESIN,1.3.2.06.01.02.069
2824,Servo Zoom Lens,PERALATAN DAN MESIN,1.3.2.06.01.02.070
2825,Camera Adaptor,PERALATAN DAN MESIN,1.3.2.06.01.02.071
2826,Photo Processing Set,PERALATAN DAN MESIN,1.3.2.06.01.02.072
2827,Micro Film,PERALATAN DAN MESIN,1.3.2.06.01.02.073
2828,Mixer PVC,PERALATAN DAN MESIN,1.3.2.06.01.02.074
2829,Unit Replenieser Tank,PERALATAN DAN MESIN,1.3.2.06.01.02.075
2830,Horizontal Motorized Film Rewinder,PERALATAN DAN MESIN,1.3.2.06.01.02.076
2831,Vertical Motorized Film Rewinder,PERALATAN DAN MESIN,1.3.2.06.01.02.077
2832,Manual Film Rewinder,PERALATAN DAN MESIN,1.3.2.06.01.02.078
2833,Mesin Prosesing Film Negatif,PERALATAN DAN MESIN,1.3.2.06.01.02.079
2834,Mesin Prosesing Film Positif,PERALATAN DAN MESIN,1.3.2.06.01.02.080
2835,Mesin Prosesing Film Warna Negatif (ECN),PERALATAN DAN MESIN,1.3.2.06.01.02.081
2836,Mesin Prosesing Film Warna Positif (ECP),PERALATAN DAN MESIN,1.3.2.06.01.02.082
2837,Mesin Film Color Analyzer,PERALATAN DAN MESIN,1.3.2.06.01.02.083
2838,Analitical Balance (Peralatan Studio Video Dan Film),PERALATAN DAN MESIN,1.3.2.06.01.02.084
2839,Alat Pemanas Prosesing ( Water Heater ),PERALATAN DAN MESIN,1.3.2.06.01.02.085
2840,Stapler Film,PERALATAN DAN MESIN,1.3.2.06.01.02.086
2841,Magnetic Stip,PERALATAN DAN MESIN,1.3.2.06.01.02.087
2842,Splitzer Tape,PERALATAN DAN MESIN,1.3.2.06.01.02.088
2843,Meja Editing Film,PERALATAN DAN MESIN,1.3.2.06.01.02.089
2844,Digital Tbc,PERALATAN DAN MESIN,1.3.2.06.01.02.090
2845,Titanium Tank Single Shaft,PERALATAN DAN MESIN,1.3.2.06.01.02.091
2846,Temperatur Control C/W,PERALATAN DAN MESIN,1.3.2.06.01.02.092
2847,Gear Box Sun Assy,PERALATAN DAN MESIN,1.3.2.06.01.02.093
2848,Tacho Generator For Drive Motor Raching,PERALATAN DAN MESIN,1.3.2.06.01.02.094
2849,Circulation System Complet,PERALATAN DAN MESIN,1.3.2.06.01.02.095
2850,Chiller Water Complet,PERALATAN DAN MESIN,1.3.2.06.01.02.096
2851,Video Audio Jack Panel,PERALATAN DAN MESIN,1.3.2.06.01.02.097
2852,Automatic Emergency Light,PERALATAN DAN MESIN,1.3.2.06.01.02.098
2853,Film Chain Multiplier,PERALATAN DAN MESIN,1.3.2.06.01.02.099
2854,Photo Tustel,PERALATAN DAN MESIN,1.3.2.06.01.02.100
2855,Photo Tustel Polaroid,PERALATAN DAN MESIN,1.3.2.06.01.02.101
2856,Betacam Recorder/Player,PERALATAN DAN MESIN,1.3.2.06.01.02.102
2857,Slide Rail,PERALATAN DAN MESIN,1.3.2.06.01.02.103
2858,Weapon & Metal Detector ( Check Gate ),PERALATAN DAN MESIN,1.3.2.06.01.02.104
2859,Layar Film/Projector,PERALATAN DAN MESIN,1.3.2.06.01.02.105
2860,Camera Tune Simulator,PERALATAN DAN MESIN,1.3.2.06.01.02.106
2861,Dry Splitzer Film,PERALATAN DAN MESIN,1.3.2.06.01.02.107
2862,Video Tone Cleaner,PERALATAN DAN MESIN,1.3.2.06.01.02.108
2863,Mini Viewer,PERALATAN DAN MESIN,1.3.2.06.01.02.109
2864,Push Button Control Panel,PERALATAN DAN MESIN,1.3.2.06.01.02.110
2865,Rak Terminal Vencing,PERALATAN DAN MESIN,1.3.2.06.01.02.111
2866,Standard True Signal/Master Rack,PERALATAN DAN MESIN,1.3.2.06.01.02.112
2867,Motor Driver,PERALATAN DAN MESIN,1.3.2.06.01.02.113
2868,Analog Delay (Peralatan Studio Video Dan Film),PERALATAN DAN MESIN,1.3.2.06.01.02.114
2869,Standard Point Animation,PERALATAN DAN MESIN,1.3.2.06.01.02.115
2870,Head Set,PERALATAN DAN MESIN,1.3.2.06.01.02.116
2871,Character Effect Interface,PERALATAN DAN MESIN,1.3.2.06.01.02.117
2872,Lighting Head Body,PERALATAN DAN MESIN,1.3.2.06.01.02.118
2873,Lighting Mechanic,PERALATAN DAN MESIN,1.3.2.06.01.02.119
2874,Alos 321 Fiche Reader,PERALATAN DAN MESIN,1.3.2.06.01.02.120
2875,Alos 321 Alos Reader,PERALATAN DAN MESIN,1.3.2.06.01.02.121
2876,Inserter Jacket Filmnes Model Frf-160 & 3500,PERALATAN DAN MESIN,1.3.2.06.01.02.122
2877,"Diaso Printer, 404",PERALATAN DAN MESIN,1.3.2.06.01.02.123
2878,Diaso Processor 404 dan 404 D,PERALATAN DAN MESIN,1.3.2.06.01.02.124
2879,Camera Under Water,PERALATAN DAN MESIN,1.3.2.06.01.02.125
2880,Camera Digital,PERALATAN DAN MESIN,1.3.2.06.01.02.126
2881,Tas Kamera,PERALATAN DAN MESIN,1.3.2.06.01.02.127
2882,Lampu Blitz Kamera,PERALATAN DAN MESIN,1.3.2.06.01.02.128
2883,Lensa Filter,PERALATAN DAN MESIN,1.3.2.06.01.02.129
2884,Video Conference,PERALATAN DAN MESIN,1.3.2.06.01.02.130
2885,Turbo IDDR (Intelligent Digital Disk Recorder),PERALATAN DAN MESIN,1.3.2.06.01.02.131
2886,Video Router,PERALATAN DAN MESIN,1.3.2.06.01.02.132
2887,LCD Monitor,PERALATAN DAN MESIN,1.3.2.06.01.02.133
2888,Sdi Rasteriser,PERALATAN DAN MESIN,1.3.2.06.01.02.134
2889,Audio Monitoring Unit,PERALATAN DAN MESIN,1.3.2.06.01.02.135
2890,Frame Synchronizer,PERALATAN DAN MESIN,1.3.2.06.01.02.136
2891,Audio Transcoder,PERALATAN DAN MESIN,1.3.2.06.01.02.137
2892,Audio Converter,PERALATAN DAN MESIN,1.3.2.06.01.02.138
2893,Automation Main,PERALATAN DAN MESIN,1.3.2.06.01.02.139
2894,Recording Workstation,PERALATAN DAN MESIN,1.3.2.06.01.02.140
2895,Editor Workstation,PERALATAN DAN MESIN,1.3.2.06.01.02.141
2896,On Air Recording,PERALATAN DAN MESIN,1.3.2.06.01.02.142
2897,Connectors,PERALATAN DAN MESIN,1.3.2.06.01.02.143
2898,Patch Cord,PERALATAN DAN MESIN,1.3.2.06.01.02.144
2899,Audio Embedder,PERALATAN DAN MESIN,1.3.2.06.01.02.145
2900,VTR Recorder,PERALATAN DAN MESIN,1.3.2.06.01.02.146
2901,Analog Video Router,PERALATAN DAN MESIN,1.3.2.06.01.02.147
2902,Broadband Amlifier,PERALATAN DAN MESIN,1.3.2.06.01.02.148
2903,Splitter,PERALATAN DAN MESIN,1.3.2.06.01.02.149
2904,RF Cable,PERALATAN DAN MESIN,1.3.2.06.01.02.150
2905,F Connector,PERALATAN DAN MESIN,1.3.2.06.01.02.151
2906,TV Connector,PERALATAN DAN MESIN,1.3.2.06.01.02.152
2907,Thermo Bind Machine,PERALATAN DAN MESIN,1.3.2.06.01.02.153
2908,Kamera Stile,PERALATAN DAN MESIN,1.3.2.06.01.02.154
2909,Mini DV,PERALATAN DAN MESIN,1.3.2.06.01.02.155
2910,Monopod,PERALATAN DAN MESIN,1.3.2.06.01.02.156
2911,Clipp On,PERALATAN DAN MESIN,1.3.2.06.01.02.157
2912,Computer Editing,PERALATAN DAN MESIN,1.3.2.06.01.02.158
2913,Cut Editing,PERALATAN DAN MESIN,1.3.2.06.01.02.159
2914,Duplicator VCD,PERALATAN DAN MESIN,1.3.2.06.01.02.160
2915,Duplicator DVD,PERALATAN DAN MESIN,1.3.2.06.01.02.161
2916,Video Splitter,PERALATAN DAN MESIN,1.3.2.06.01.02.162
2917,Camera Conference,PERALATAN DAN MESIN,1.3.2.06.01.02.163
2918,Alat Studio Video Lainnya,PERALATAN DAN MESIN,1.3.2.06.01.02.164
2919,PERALATAN STUDIO GAMBAR,PERALATAN DAN MESIN,1.3.2.06.01.03.000
2920,Meja Gambar,PERALATAN DAN MESIN,1.3.2.06.01.03.001
2921,Lichdruck Apparaat,PERALATAN DAN MESIN,1.3.2.06.01.03.002
2922,Sablon Set,PERALATAN DAN MESIN,1.3.2.06.01.03.003
2923,Alat Tulis Gambar,PERALATAN DAN MESIN,1.3.2.06.01.03.004
2924,Busur Gambar,PERALATAN DAN MESIN,1.3.2.06.01.03.005
2925,Jangka Gambar,PERALATAN DAN MESIN,1.3.2.06.01.03.006
2926,peralatan studio gambar  lainnya (dst),PERALATAN DAN MESIN,1.3.2.06.01.03.007
2927,PERALATAN CETAK,PERALATAN DAN MESIN,1.3.2.06.01.04.000
2928,Meja Membuat Klise,PERALATAN DAN MESIN,1.3.2.06.01.04.001
2929,Meja Cetak Tangan,PERALATAN DAN MESIN,1.3.2.06.01.04.002
2930,Mesin Cetak Listrik Sheet,PERALATAN DAN MESIN,1.3.2.06.01.04.003
2931,Mesin Cetak Listrik Roll,PERALATAN DAN MESIN,1.3.2.06.01.04.004
2932,Mesin Cetak Elektronik,PERALATAN DAN MESIN,1.3.2.06.01.04.005
2933,Mesin Cetak,PERALATAN DAN MESIN,1.3.2.06.01.04.006
2934,Mesin Cetak Offset Sheet,PERALATAN DAN MESIN,1.3.2.06.01.04.007
2935,Mesin Cetak Offset Roll,PERALATAN DAN MESIN,1.3.2.06.01.04.008
2936,Mesin Cetak Offset Mini,PERALATAN DAN MESIN,1.3.2.06.01.04.009
2937,Mesin Pemotong Biasa,PERALATAN DAN MESIN,1.3.2.06.01.04.010
2938,Mesin Pemotong Biasa Tiga Pisau,PERALATAN DAN MESIN,1.3.2.06.01.04.011
2939,Mesin Jilid Bundar,PERALATAN DAN MESIN,1.3.2.06.01.04.012
2940,Mesin Jilid Besar,PERALATAN DAN MESIN,1.3.2.06.01.04.013
2941,Mesin Jilid,PERALATAN DAN MESIN,1.3.2.06.01.04.014
2942,Mesin Lipat,PERALATAN DAN MESIN,1.3.2.06.01.04.015
2943,Mesin Pembuat Huruf,PERALATAN DAN MESIN,1.3.2.06.01.04.016
2944,Mesin Penyusun Huruf Biasa,PERALATAN DAN MESIN,1.3.2.06.01.04.017
2945,Mesin Penyusun Huruf Foto (Foto Type Setting),PERALATAN DAN MESIN,1.3.2.06.01.04.018
2946,Mesin Pelubang (Peralatan Cetak),PERALATAN DAN MESIN,1.3.2.06.01.04.019
2947,Mesin Proof,PERALATAN DAN MESIN,1.3.2.06.01.04.020
2948,Camera Vertical,PERALATAN DAN MESIN,1.3.2.06.01.04.021
2949,Mesin Pres,PERALATAN DAN MESIN,1.3.2.06.01.04.022
2950,Mesin Jahit Kawat,PERALATAN DAN MESIN,1.3.2.06.01.04.023
2951,Mesin Jahit Benang,PERALATAN DAN MESIN,1.3.2.06.01.04.024
2952,Mesin Pilung,PERALATAN DAN MESIN,1.3.2.06.01.04.025
2953,Mesin Garis,PERALATAN DAN MESIN,1.3.2.06.01.04.026
2954,Mesin Perekam Stensil Folio,PERALATAN DAN MESIN,1.3.2.06.01.04.027
2955,Mesin Perekam Stensil Double Folio,PERALATAN DAN MESIN,1.3.2.06.01.04.028
2956,Mesin Plate Maker Folio,PERALATAN DAN MESIN,1.3.2.06.01.04.029
2957,Mesin Plate Maker Double Folio,PERALATAN DAN MESIN,1.3.2.06.01.04.030
2958,Mesin Potong,PERALATAN DAN MESIN,1.3.2.06.01.04.031
2959,Mesin Handpress,PERALATAN DAN MESIN,1.3.2.06.01.04.032
2960,Mesin Stahd,PERALATAN DAN MESIN,1.3.2.06.01.04.033
2961,Mesin Kertas,PERALATAN DAN MESIN,1.3.2.06.01.04.034
2962,Kacip Potong Sudut,PERALATAN DAN MESIN,1.3.2.06.01.04.035
2963,Alat Pembuat Vormstand,PERALATAN DAN MESIN,1.3.2.06.01.04.036
2964,Mesin Paset,PERALATAN DAN MESIN,1.3.2.06.01.04.037
2965,Mesin Prasise Klise,PERALATAN DAN MESIN,1.3.2.06.01.04.038
2966,Mesin Pembolong Film Setengah Plano,PERALATAN DAN MESIN,1.3.2.06.01.04.039
2967,Mesin Cetak Mas,PERALATAN DAN MESIN,1.3.2.06.01.04.040
2968,Mesin Cetak Stereo Typer,PERALATAN DAN MESIN,1.3.2.06.01.04.041
2969,Mesin Cetak Braille,PERALATAN DAN MESIN,1.3.2.06.01.04.042
2970,Mesin Fonds,PERALATAN DAN MESIN,1.3.2.06.01.04.043
2971,Mesin Folding,PERALATAN DAN MESIN,1.3.2.06.01.04.044
2972,Mesin Barcode,PERALATAN DAN MESIN,1.3.2.06.01.04.045
2973,Mesin Profesional Velobinder,PERALATAN DAN MESIN,1.3.2.06.01.04.046
2974,Mesin Cacah,PERALATAN DAN MESIN,1.3.2.06.01.04.047
2975,Image Setter,PERALATAN DAN MESIN,1.3.2.06.01.04.048
2976,Mesin Sparasi,PERALATAN DAN MESIN,1.3.2.06.01.04.049
2977,Camera Horizontal,PERALATAN DAN MESIN,1.3.2.06.01.04.050
2978,Alat Cover Creasing,PERALATAN DAN MESIN,1.3.2.06.01.04.051
2979,Mesin Pembuat ID Card,PERALATAN DAN MESIN,1.3.2.06.01.04.052
2980,Peralatan Cetak lainnya,PERALATAN DAN MESIN,1.3.2.06.01.04.053
2981,PERALATAN STUDIO PEMETAAN/PERALATAN UKUR TANAH,PERALATAN DAN MESIN,1.3.2.06.01.05.000
2982,Autograph Unit,PERALATAN DAN MESIN,1.3.2.06.01.05.001
2983,Aviograph Plus Ploting Table,PERALATAN DAN MESIN,1.3.2.06.01.05.002
2984,Planitop,PERALATAN DAN MESIN,1.3.2.06.01.05.003
2985,Point Tranter Device,PERALATAN DAN MESIN,1.3.2.06.01.05.004
2986,Trestirial Camera,PERALATAN DAN MESIN,1.3.2.06.01.05.005
2987,Slohed Temlet,PERALATAN DAN MESIN,1.3.2.06.01.05.006
2988,Sketch Master,PERALATAN DAN MESIN,1.3.2.06.01.05.007
2989,Rectifier (Peralatan Studio Pemetaan/peralatan Ukur Tanah),PERALATAN DAN MESIN,1.3.2.06.01.05.008
2990,Optical Pantograph,PERALATAN DAN MESIN,1.3.2.06.01.05.009
2991,Contact Printer,PERALATAN DAN MESIN,1.3.2.06.01.05.010
2992,Pengering Photo,PERALATAN DAN MESIN,1.3.2.06.01.05.011
2993,Vacum Frame,PERALATAN DAN MESIN,1.3.2.06.01.05.012
2994,Coordinatograph,PERALATAN DAN MESIN,1.3.2.06.01.05.013
2995,Pemotong Film,PERALATAN DAN MESIN,1.3.2.06.01.05.014
2996,Streoscope Tanah,PERALATAN DAN MESIN,1.3.2.06.01.05.015
2997,Waterpas,PERALATAN DAN MESIN,1.3.2.06.01.05.016
2998,Theodolite (Peralatan Studio Pemetaan/peralatan Ukur Tanah),PERALATAN DAN MESIN,1.3.2.06.01.05.017
2999,Distomat,PERALATAN DAN MESIN,1.3.2.06.01.05.018
3000,B.T.M,PERALATAN DAN MESIN,1.3.2.06.01.05.019
3001,Level,PERALATAN DAN MESIN,1.3.2.06.01.05.020
3002,Jalon,PERALATAN DAN MESIN,1.3.2.06.01.05.021
3003,Rambu/Bak Ukur,PERALATAN DAN MESIN,1.3.2.06.01.05.022
3004,Kompas Geologi,PERALATAN DAN MESIN,1.3.2.06.01.05.023
3005,Clinometer,PERALATAN DAN MESIN,1.3.2.06.01.05.024
3006,Altimeter (Peralatan Studio Pemetaan/peralatan Ukur Tanah),PERALATAN DAN MESIN,1.3.2.06.01.05.025
3007,Holiometer,PERALATAN DAN MESIN,1.3.2.06.01.05.026
3008,Telescope (Peralatan Studio Pemetaan/peralatan Ukur Tanah),PERALATAN DAN MESIN,1.3.2.06.01.05.027
3009,Passer Doss,PERALATAN DAN MESIN,1.3.2.06.01.05.028
3010,Curvermeter,PERALATAN DAN MESIN,1.3.2.06.01.05.029
3011,Rollmeter,PERALATAN DAN MESIN,1.3.2.06.01.05.030
3012,Meet Band,PERALATAN DAN MESIN,1.3.2.06.01.05.031
3013,Busur Derajat,PERALATAN DAN MESIN,1.3.2.06.01.05.032
3014,Chronometer (Peralatan Studio Pemetaan/peralatan Ukur Tanah),PERALATAN DAN MESIN,1.3.2.06.01.05.033
3015,Gawang Lokasi,PERALATAN DAN MESIN,1.3.2.06.01.05.034
3016,Kompas (Peralatan Studio Pemetaan/peralatan Ukur Tanah),PERALATAN DAN MESIN,1.3.2.06.01.05.035
3017,Sextant,PERALATAN DAN MESIN,1.3.2.06.01.05.036
3018,Teropong/Keker,PERALATAN DAN MESIN,1.3.2.06.01.05.037
3019,GPS Receiver,PERALATAN DAN MESIN,1.3.2.06.01.05.038
3020,Ground Paretrating Radar,PERALATAN DAN MESIN,1.3.2.06.01.05.039
3021,Teken Schaal/Jangka Tusuk,PERALATAN DAN MESIN,1.3.2.06.01.05.040
3022,Pantograph,PERALATAN DAN MESIN,1.3.2.06.01.05.041
3023,Plani Meter,PERALATAN DAN MESIN,1.3.2.06.01.05.042
3024,Prisma Roelak,PERALATAN DAN MESIN,1.3.2.06.01.05.043
3025,Prisma Meter,PERALATAN DAN MESIN,1.3.2.06.01.05.044
3026,Prisma Ukur,PERALATAN DAN MESIN,1.3.2.06.01.05.045
3027,Ruiter Plaat,PERALATAN DAN MESIN,1.3.2.06.01.05.046
3028,Kamera Udara,PERALATAN DAN MESIN,1.3.2.06.01.05.047
3029,Stereoplotter,PERALATAN DAN MESIN,1.3.2.06.01.05.048
3030,Planicomp,PERALATAN DAN MESIN,1.3.2.06.01.05.049
3031,Meja Sinar,PERALATAN DAN MESIN,1.3.2.06.01.05.050
3032,Graver,PERALATAN DAN MESIN,1.3.2.06.01.05.051
3033,Pen Holder,PERALATAN DAN MESIN,1.3.2.06.01.05.052
3034,Alat Studio Pemetaan lainnya,PERALATAN DAN MESIN,1.3.2.06.01.05.053
3035,ALAT STUDIO LAINNYA,PERALATAN DAN MESIN,1.3.2.06.01.06.000
3036,Alat Studio Lainnya,PERALATAN DAN MESIN,1.3.2.06.01.06.001
3037,ALAT KOMUNIKASI,PERALATAN DAN MESIN,1.3.2.06.02.00.000
3038,ALAT KOMUNIKASI TELEPHONE,PERALATAN DAN MESIN,1.3.2.06.02.01.000
3039,Telephone (PABX),PERALATAN DAN MESIN,1.3.2.06.02.01.001
3040,Intermediate Telephone/Key Telephone,PERALATAN DAN MESIN,1.3.2.06.02.01.002
3041,Pesawat Telephone,PERALATAN DAN MESIN,1.3.2.06.02.01.003
3042,Telephone Mobile,PERALATAN DAN MESIN,1.3.2.06.02.01.004
3043,Pager,PERALATAN DAN MESIN,1.3.2.06.02.01.005
3044,Handy Talky (HT),PERALATAN DAN MESIN,1.3.2.06.02.01.006
3045,Telex,PERALATAN DAN MESIN,1.3.2.06.02.01.007
3046,Selective Colling,PERALATAN DAN MESIN,1.3.2.06.02.01.008
3047,Peralatan Spech Plas,PERALATAN DAN MESIN,1.3.2.06.02.01.009
3048,Facsimile,PERALATAN DAN MESIN,1.3.2.06.02.01.010
3049,Bidding Pit,PERALATAN DAN MESIN,1.3.2.06.02.01.011
3050,Local Battery Telephone,PERALATAN DAN MESIN,1.3.2.06.02.01.012
3051,Senhub Fixed,PERALATAN DAN MESIN,1.3.2.06.02.01.013
3052,Senhub Mobile,PERALATAN DAN MESIN,1.3.2.06.02.01.014
3053,Telepon Lapangan,PERALATAN DAN MESIN,1.3.2.06.02.01.015
3054,Sentral Telepon Lapangan,PERALATAN DAN MESIN,1.3.2.06.02.01.016
3055,Telepon Satelit,PERALATAN DAN MESIN,1.3.2.06.02.01.017
3056,Kom Data,PERALATAN DAN MESIN,1.3.2.06.02.01.018
3057,PDA,PERALATAN DAN MESIN,1.3.2.06.02.01.019
3058,Telepon Digital,PERALATAN DAN MESIN,1.3.2.06.02.01.020
3059,Telepon Analog,PERALATAN DAN MESIN,1.3.2.06.02.01.021
3060,alat komunikasi telephone  lainnya (dst),PERALATAN DAN MESIN,1.3.2.06.02.01.022
3061,ALAT KOMUNIKASI RADIO SSB,PERALATAN DAN MESIN,1.3.2.06.02.02.000
3062,Unit Tranceiver Ssb Portable,PERALATAN DAN MESIN,1.3.2.06.02.02.001
3063,Unit Tranceiver Ssb Transportable,PERALATAN DAN MESIN,1.3.2.06.02.02.002
3064,Unit Tranceiver Ssb Stationery,PERALATAN DAN MESIN,1.3.2.06.02.02.003
3065,alat komunikasi radio ssb  lainnya (dst),PERALATAN DAN MESIN,1.3.2.06.02.02.004
3066,ALAT KOMUNIKASI RADIO HF/FM,PERALATAN DAN MESIN,1.3.2.06.02.03.000
3067,Unit Tranceiver HF Portable,PERALATAN DAN MESIN,1.3.2.06.02.03.001
3068,Unit Tranceiver HF Transportable,PERALATAN DAN MESIN,1.3.2.06.02.03.002
3069,Unit Tranceiver HF Stationery,PERALATAN DAN MESIN,1.3.2.06.02.03.003
3070,Unit Tranceiver FM,PERALATAN DAN MESIN,1.3.2.06.02.03.004
3071,alat komunikasi radio hf/fm  lainnya (dst),PERALATAN DAN MESIN,1.3.2.06.02.03.005
3072,ALAT KOMUNIKASI RADIO VHF,PERALATAN DAN MESIN,1.3.2.06.02.04.000
3073,Unit Tranceiver VHF Portable,PERALATAN DAN MESIN,1.3.2.06.02.04.001
3074,Unit Tranceiver VHF Transportable,PERALATAN DAN MESIN,1.3.2.06.02.04.002
3075,Unit Tranceiver VHF Stationary,PERALATAN DAN MESIN,1.3.2.06.02.04.003
3076,alat komunikasi radio vhf  lainnya (dst),PERALATAN DAN MESIN,1.3.2.06.02.04.004
3077,ALAT KOMUNIKASI RADIO UHF,PERALATAN DAN MESIN,1.3.2.06.02.05.000
3078,Unit Tranceiver UHF Portable,PERALATAN DAN MESIN,1.3.2.06.02.05.001
3079,Unit Tranceiver UHF Transportable,PERALATAN DAN MESIN,1.3.2.06.02.05.002
3080,Unit Tranceiver UHF Stationary,PERALATAN DAN MESIN,1.3.2.06.02.05.003
3081,alat komunikasi radio uhf  lainnya (dst),PERALATAN DAN MESIN,1.3.2.06.02.05.004
3082,ALAT KOMUNIKASI SOSIAL,PERALATAN DAN MESIN,1.3.2.06.02.06.000
3083,Publik Address (Lapangan),PERALATAN DAN MESIN,1.3.2.06.02.06.001
3084,Wireless Amplifier,PERALATAN DAN MESIN,1.3.2.06.02.06.002
3085,Slide Projector (Lapangan),PERALATAN DAN MESIN,1.3.2.06.02.06.003
3086,Multiplex System,PERALATAN DAN MESIN,1.3.2.06.02.06.004
3087,Frequency Systhesizer Unit,PERALATAN DAN MESIN,1.3.2.06.02.06.005
3088,Patching Board,PERALATAN DAN MESIN,1.3.2.06.02.06.006
3089,alat komunikasi sosial  lainnya (dst),PERALATAN DAN MESIN,1.3.2.06.02.06.007
3090,ALAT-ALAT SANDI,PERALATAN DAN MESIN,1.3.2.06.02.07.000
3091,Morse Keyer,PERALATAN DAN MESIN,1.3.2.06.02.07.001
3092,Automatic Deorse Keyer,PERALATAN DAN MESIN,1.3.2.06.02.07.002
3093,Alat Semboyan,PERALATAN DAN MESIN,1.3.2.06.02.07.003
3094,Mesin Sandi dan Kelengkapannya,PERALATAN DAN MESIN,1.3.2.06.02.07.004
3095,Finger Printer Time and Attandance Acces Control System,PERALATAN DAN MESIN,1.3.2.06.02.07.005
3096,Mesin Sandi Teks,PERALATAN DAN MESIN,1.3.2.06.02.07.006
3097,Mesin Sandi Suara,PERALATAN DAN MESIN,1.3.2.06.02.07.007
3098,Mesin Sandi Data,PERALATAN DAN MESIN,1.3.2.06.02.07.008
3099,Mesin Sandi Berbasis Software,PERALATAN DAN MESIN,1.3.2.06.02.07.009
3100,Mesin Sandi Berbasis Hardware,PERALATAN DAN MESIN,1.3.2.06.02.07.010
3101,Mesin Sandi Berbasis Software dan Hardware,PERALATAN DAN MESIN,1.3.2.06.02.07.011
3102,Alat Pembangkit Kunci,PERALATAN DAN MESIN,1.3.2.06.02.07.012
3103,Alat Pendistribusi Kunci,PERALATAN DAN MESIN,1.3.2.06.02.07.013
3104,Crypthopone,PERALATAN DAN MESIN,1.3.2.06.02.07.014
3105,Crytofax,PERALATAN DAN MESIN,1.3.2.06.02.07.015
3106,Server Encription,PERALATAN DAN MESIN,1.3.2.06.02.07.016
3107,Handphone Encription,PERALATAN DAN MESIN,1.3.2.06.02.07.017
3108,GSM Jammer,PERALATAN DAN MESIN,1.3.2.06.02.07.018
3109,CDMA Jammer,PERALATAN DAN MESIN,1.3.2.06.02.07.019
3110,alat-alat sandi  lainnya (dst),PERALATAN DAN MESIN,1.3.2.06.02.07.020
3111,ALAT KOMUNIKASI KHUSUS,PERALATAN DAN MESIN,1.3.2.06.02.08.000
3112,Alat DF Radio SSB,PERALATAN DAN MESIN,1.3.2.06.02.08.001
3113,Super Broom,PERALATAN DAN MESIN,1.3.2.06.02.08.002
3114,Alat DF Radio HF/FM,PERALATAN DAN MESIN,1.3.2.06.02.08.003
3115,Scanlock Plus Ceberus,PERALATAN DAN MESIN,1.3.2.06.02.08.004
3116,Alat DF Radio VHF,PERALATAN DAN MESIN,1.3.2.06.02.08.005
3117,Stelath Digital Repeater,PERALATAN DAN MESIN,1.3.2.06.02.08.006
3118,Alat DF Radio UHF,PERALATAN DAN MESIN,1.3.2.06.02.08.007
3119,Tranking,PERALATAN DAN MESIN,1.3.2.06.02.08.008
3120,Telepon Taping,PERALATAN DAN MESIN,1.3.2.06.02.08.009
3121,Stelath,PERALATAN DAN MESIN,1.3.2.06.02.08.010
3122,Visatelit,PERALATAN DAN MESIN,1.3.2.06.02.08.011
3123,Mainframe (Alat Komunikasi Khusus),PERALATAN DAN MESIN,1.3.2.06.02.08.012
3124,Safe Light Filter,PERALATAN DAN MESIN,1.3.2.06.02.08.013
3125,Anti Sadap Telepon (Scanbler),PERALATAN DAN MESIN,1.3.2.06.02.08.014
3126,Billinf System,PERALATAN DAN MESIN,1.3.2.06.02.08.015
3127,Room Monitoring MC06,PERALATAN DAN MESIN,1.3.2.06.02.08.016
3128,Watch Transmiter,PERALATAN DAN MESIN,1.3.2.06.02.08.017
3129,Ashtray,PERALATAN DAN MESIN,1.3.2.06.02.08.018
3130,Non Direction Beacon (NDB),PERALATAN DAN MESIN,1.3.2.06.02.08.019
3131,Radio Link,PERALATAN DAN MESIN,1.3.2.06.02.08.020
3132,Localizer,PERALATAN DAN MESIN,1.3.2.06.02.08.021
3133,Glade Path,PERALATAN DAN MESIN,1.3.2.06.02.08.022
3134,Midle Marker,PERALATAN DAN MESIN,1.3.2.06.02.08.023
3135,Radio Communication Matching Switch (RCMS),PERALATAN DAN MESIN,1.3.2.06.02.08.024
3136,Direction Very Omni Range (DVOR),PERALATAN DAN MESIN,1.3.2.06.02.08.025
3137,Integrated Ground Caommunication System (SGRS),PERALATAN DAN MESIN,1.3.2.06.02.08.026
3138,Switching Ground Receiver System (SGRS),PERALATAN DAN MESIN,1.3.2.06.02.08.027
3139,Alat Rx Radio SSb,PERALATAN DAN MESIN,1.3.2.06.02.08.028
3140,Alat Rx Radio HF/FM,PERALATAN DAN MESIN,1.3.2.06.02.08.029
3141,Alat Rx Radio VHF,PERALATAN DAN MESIN,1.3.2.06.02.08.030
3142,Alat Rx Radio UHF,PERALATAN DAN MESIN,1.3.2.06.02.08.031
3143,Alat Jamming Radio SSB,PERALATAN DAN MESIN,1.3.2.06.02.08.032
3144,Alat Jamming Radio HF/FM,PERALATAN DAN MESIN,1.3.2.06.02.08.033
3145,Alat Jamming Radio VHF,PERALATAN DAN MESIN,1.3.2.06.02.08.034
3146,Alat Jamming Radio UHF,PERALATAN DAN MESIN,1.3.2.06.02.08.035
3147,Alat Spektrum Frek Monitor SSB,PERALATAN DAN MESIN,1.3.2.06.02.08.036
3148,Alat Spektrum Frek Monitor HF/FM,PERALATAN DAN MESIN,1.3.2.06.02.08.037
3149,Alat Spektrum Frek Monitor VHF,PERALATAN DAN MESIN,1.3.2.06.02.08.038
3150,Alat Spektrum Frek Monitor UHF,PERALATAN DAN MESIN,1.3.2.06.02.08.039
3151,Alat Traffic Analysis,PERALATAN DAN MESIN,1.3.2.06.02.08.040
3152,Alat Countersurveillance,PERALATAN DAN MESIN,1.3.2.06.02.08.041
3153,Alat Surveillance,PERALATAN DAN MESIN,1.3.2.06.02.08.042
3154,Alat Jamming Frekuensi,PERALATAN DAN MESIN,1.3.2.06.02.08.043
3155,Alat Pengendali Pancaran Gelombang Elektromagnetik (Tempest),PERALATAN DAN MESIN,1.3.2.06.02.08.044
3156,Maritim Communication (Marcom),PERALATAN DAN MESIN,1.3.2.06.02.08.045
3157,Navigation Telex (NAVTEX),PERALATAN DAN MESIN,1.3.2.06.02.08.046
3158,alat komunikasi khusus  lainnya (dst),PERALATAN DAN MESIN,1.3.2.06.02.08.047
3159,ALAT KOMUNIKASI DIGITAL DAN KONVENSIONAL,PERALATAN DAN MESIN,1.3.2.06.02.09.000
3160,System Control Node Multi Site System,PERALATAN DAN MESIN,1.3.2.06.02.09.001
3161,Site Base stataion Multi Site System,PERALATAN DAN MESIN,1.3.2.06.02.09.002
3162,Controll Center,PERALATAN DAN MESIN,1.3.2.06.02.09.003
3163,E2EEncryption Management Tools,PERALATAN DAN MESIN,1.3.2.06.02.09.004
3164,Network Monitoring System,PERALATAN DAN MESIN,1.3.2.06.02.09.005
3165,Switching Matrix and Server,PERALATAN DAN MESIN,1.3.2.06.02.09.006
3166,Digital Recording System,PERALATAN DAN MESIN,1.3.2.06.02.09.007
3167,Official Pheripheral,PERALATAN DAN MESIN,1.3.2.06.02.09.008
3168,Mobile Unit,PERALATAN DAN MESIN,1.3.2.06.02.09.009
3169,Mobile Gateway,PERALATAN DAN MESIN,1.3.2.06.02.09.010
3170,Convert Body,PERALATAN DAN MESIN,1.3.2.06.02.09.011
3171,Repeater RX/TX,PERALATAN DAN MESIN,1.3.2.06.02.09.012
3172,Repeater Multiband Combiner 4 in 4out,PERALATAN DAN MESIN,1.3.2.06.02.09.013
3173,Repeater Multiband Combiner 4 in 2out,PERALATAN DAN MESIN,1.3.2.06.02.09.014
3174,Repeater Multiband Combiner 2 in 2out,PERALATAN DAN MESIN,1.3.2.06.02.09.015
3175,Repeater CDMA 80PO MHz,PERALATAN DAN MESIN,1.3.2.06.02.09.016
3176,Repeater CDS 1800 MHz,PERALATAN DAN MESIN,1.3.2.06.02.09.017
3177,alat komunikasi digital dan konvensional  lainnya (dst),PERALATAN DAN MESIN,1.3.2.06.02.09.018
3178,ALAT KOMUNIKASI SATELIT,PERALATAN DAN MESIN,1.3.2.06.02.10.000
3179,Fully System HUB,PERALATAN DAN MESIN,1.3.2.06.02.10.001
3180,VSAT System for Remote Terminal,PERALATAN DAN MESIN,1.3.2.06.02.10.002
3181,Commob (Communication Mobile) VSAT,PERALATAN DAN MESIN,1.3.2.06.02.10.003
3182,Wireless Base Station + Surveillance Manpack Kit,PERALATAN DAN MESIN,1.3.2.06.02.10.004
3183,Flyaway,PERALATAN DAN MESIN,1.3.2.06.02.10.005
3184,Encryption,PERALATAN DAN MESIN,1.3.2.06.02.10.006
3185,Remote Data Connection Distribution,PERALATAN DAN MESIN,1.3.2.06.02.10.007
3186,Remote VoIP Gateway E1 Card Interface,PERALATAN DAN MESIN,1.3.2.06.02.10.008
3187,Spectrum Analyzer for HUB Station,PERALATAN DAN MESIN,1.3.2.06.02.10.009
3188,Spectrum Analyzer Portable for Field Use,PERALATAN DAN MESIN,1.3.2.06.02.10.010
3189,UPS 15 KVA for HUB Station,PERALATAN DAN MESIN,1.3.2.06.02.10.011
3190,UPS 1 KVA for Remote Station,PERALATAN DAN MESIN,1.3.2.06.02.10.012
3191,alat komunikasi satelit  lainnya (dst),PERALATAN DAN MESIN,1.3.2.06.02.10.013
3192,ALAT KOMUNIKASI LAINNYA,PERALATAN DAN MESIN,1.3.2.06.02.11.000
3193,alat komunikasi lainnya  lainnya (dst),PERALATAN DAN MESIN,1.3.2.06.02.11.001
3194,PERALATAN PEMANCAR,PERALATAN DAN MESIN,1.3.2.06.03.00.000
3195,PERALATAN PEMANCAR MF/MW,PERALATAN DAN MESIN,1.3.2.06.03.01.000
3196,Unit Pemancar MF/MW Portable,PERALATAN DAN MESIN,1.3.2.06.03.01.001
3197,Unit Pemancar MF/MW Transportable,PERALATAN DAN MESIN,1.3.2.06.03.01.002
3198,Unit Pemancar MF/MW Stationary,PERALATAN DAN MESIN,1.3.2.06.03.01.003
3199,peralatan pemancar mf/mw  lainnya (dst),PERALATAN DAN MESIN,1.3.2.06.03.01.004
3200,PERALATAN PEMANCAR HF/SW,PERALATAN DAN MESIN,1.3.2.06.03.02.000
3201,Unit Pemancar HF/SW Portable,PERALATAN DAN MESIN,1.3.2.06.03.02.001
3202,Unit Pemancar HF/SW Transportable,PERALATAN DAN MESIN,1.3.2.06.03.02.002
3203,Unit Pemancar HF/SW Stationary,PERALATAN DAN MESIN,1.3.2.06.03.02.003
3204,peralatan pemancar hf/sw  lainnya (dst),PERALATAN DAN MESIN,1.3.2.06.03.02.004
3205,PERALATAN PEMANCAR VHF/FM,PERALATAN DAN MESIN,1.3.2.06.03.03.000
3206,Unit Pemancar VHF/FM Portable,PERALATAN DAN MESIN,1.3.2.06.03.03.001
3207,Unit Pemancar VHF/FM Transportable,PERALATAN DAN MESIN,1.3.2.06.03.03.002
3208,Unit Pemancar VHF/FM Stationary,PERALATAN DAN MESIN,1.3.2.06.03.03.003
3209,peralatan pemancar vhf/fm  lainnya (dst),PERALATAN DAN MESIN,1.3.2.06.03.03.004
3210,PERALATAN PEMANCAR UHF,PERALATAN DAN MESIN,1.3.2.06.03.04.000
3211,Unit Pemancar UHF Portable,PERALATAN DAN MESIN,1.3.2.06.03.04.001
3212,Unit Pemancar UHF Transportable,PERALATAN DAN MESIN,1.3.2.06.03.04.002
3213,Unit Pemancar UHF Stationary,PERALATAN DAN MESIN,1.3.2.06.03.04.003
3214,Portable Reporter Link,PERALATAN DAN MESIN,1.3.2.06.03.04.004
3215,peralatan pemancar uhf  lainnya (dst),PERALATAN DAN MESIN,1.3.2.06.03.04.005
3216,PERALATAN PEMANCAR SHF,PERALATAN DAN MESIN,1.3.2.06.03.05.000
3217,Unit Pemancar SHF Portable,PERALATAN DAN MESIN,1.3.2.06.03.05.001
3218,Unit Pemancar SHF Transportable,PERALATAN DAN MESIN,1.3.2.06.03.05.002
3219,Unit Pemancar SHF Stationary,PERALATAN DAN MESIN,1.3.2.06.03.05.003
3220,Satellite Link ( Up/Down Link ),PERALATAN DAN MESIN,1.3.2.06.03.05.004
3221,peralatan pemancar shf  lainnya (dst),PERALATAN DAN MESIN,1.3.2.06.03.05.005
3222,PERALATAN ANTENA MF/MW,PERALATAN DAN MESIN,1.3.2.06.03.06.000
3223,Antene MF/MW Portable,PERALATAN DAN MESIN,1.3.2.06.03.06.001
3224,Antene MF/MW Transportable,PERALATAN DAN MESIN,1.3.2.06.03.06.002
3225,Antene MF/MW Stationary,PERALATAN DAN MESIN,1.3.2.06.03.06.003
3226,peralatan antena mf/mw  lainnya (dst),PERALATAN DAN MESIN,1.3.2.06.03.06.004
3227,PERALATAN ANTENA HF/SW,PERALATAN DAN MESIN,1.3.2.06.03.07.000
3228,Antene HF/SW Portable,PERALATAN DAN MESIN,1.3.2.06.03.07.001
3229,Antene HF/SW Transportable,PERALATAN DAN MESIN,1.3.2.06.03.07.002
3230,Antene HF/SW Stationary,PERALATAN DAN MESIN,1.3.2.06.03.07.003
3231,peralatan antena hf/sw  lainnya (dst),PERALATAN DAN MESIN,1.3.2.06.03.07.004
3232,PERALATAN ANTENA VHF/FM,PERALATAN DAN MESIN,1.3.2.06.03.08.000
3233,Antene VHF/FM Portable,PERALATAN DAN MESIN,1.3.2.06.03.08.001
3234,Antene VHF/FM Transportable,PERALATAN DAN MESIN,1.3.2.06.03.08.002
3235,Antene VHF/FM Stationary,PERALATAN DAN MESIN,1.3.2.06.03.08.003
3236,peralatan antena vhf/fm  lainnya (dst),PERALATAN DAN MESIN,1.3.2.06.03.08.004
3237,PERALATAN ANTENA UHF,PERALATAN DAN MESIN,1.3.2.06.03.09.000
3238,Antene UHF Portable,PERALATAN DAN MESIN,1.3.2.06.03.09.001
3239,Antene UHF Transportable,PERALATAN DAN MESIN,1.3.2.06.03.09.002
3240,Antene UHF Stationary,PERALATAN DAN MESIN,1.3.2.06.03.09.003
3241,peralatan antena uhf  lainnya (dst),PERALATAN DAN MESIN,1.3.2.06.03.09.004
3242,PEERALATAN ANTENA SHF/PARABOLA,PERALATAN DAN MESIN,1.3.2.06.03.10.000
3243,Antene SHF Portable,PERALATAN DAN MESIN,1.3.2.06.03.10.001
3244,Antene SHF Transportable,PERALATAN DAN MESIN,1.3.2.06.03.10.002
3245,Antene SHF Stationary,PERALATAN DAN MESIN,1.3.2.06.03.10.003
3246,Antena All Band,PERALATAN DAN MESIN,1.3.2.06.03.10.004
3247,Antena SSB,PERALATAN DAN MESIN,1.3.2.06.03.10.005
3248,peeralatan antena shf/parabola  lainnya (dst),PERALATAN DAN MESIN,1.3.2.06.03.10.006
3249,PERALATAN TRANSLATOR VHF/VHF,PERALATAN DAN MESIN,1.3.2.06.03.11.000
3250,Translator VHF/VHF Portable,PERALATAN DAN MESIN,1.3.2.06.03.11.001
3251,Translator VHF/VHF Transportable,PERALATAN DAN MESIN,1.3.2.06.03.11.002
3252,Translator VHF/VHF Stationary,PERALATAN DAN MESIN,1.3.2.06.03.11.003
3253,peralatan translator vhf/vhf  lainnya (dst),PERALATAN DAN MESIN,1.3.2.06.03.11.004
3254,PERALATAN TRANSLATOR UHF/UHF,PERALATAN DAN MESIN,1.3.2.06.03.12.000
3255,Translator UHF/UHF Portable,PERALATAN DAN MESIN,1.3.2.06.03.12.001
3256,Translator UHF/UHF Transportable,PERALATAN DAN MESIN,1.3.2.06.03.12.002
3257,Translator UHF/UHF Stationary,PERALATAN DAN MESIN,1.3.2.06.03.12.003
3258,peralatan translator uhf/uhf  lainnya (dst),PERALATAN DAN MESIN,1.3.2.06.03.12.004
3259,PERALATAN TRANSLATOR VHF/UHF,PERALATAN DAN MESIN,1.3.2.06.03.13.000
3260,Translator VHF/UHF Portable,PERALATAN DAN MESIN,1.3.2.06.03.13.001
3261,Translator VHF/UHF Transportable,PERALATAN DAN MESIN,1.3.2.06.03.13.002
3262,Translator VHF/UHF Stationary,PERALATAN DAN MESIN,1.3.2.06.03.13.003
3263,peralatan translator vhf/uhf  lainnya (dst),PERALATAN DAN MESIN,1.3.2.06.03.13.004
3264,PERALATAN TRANSLATOR UHF/VHF,PERALATAN DAN MESIN,1.3.2.06.03.14.000
3265,Translator UHF/VHF Portable,PERALATAN DAN MESIN,1.3.2.06.03.14.001
3266,Translator UHF/VHF Transportable,PERALATAN DAN MESIN,1.3.2.06.03.14.002
3267,Translator UHF/VHF Stationary,PERALATAN DAN MESIN,1.3.2.06.03.14.003
3268,peralatan translator uhf/vhf  lainnya (dst),PERALATAN DAN MESIN,1.3.2.06.03.14.004
3269,PERALATAN MICROWAVE F P U,PERALATAN DAN MESIN,1.3.2.06.03.15.000
3270,Microwave F P U Portable,PERALATAN DAN MESIN,1.3.2.06.03.15.001
3271,Microwave F P U Transportable,PERALATAN DAN MESIN,1.3.2.06.03.15.002
3272,Microwave F P U Stationary,PERALATAN DAN MESIN,1.3.2.06.03.15.003
3273,peralatan microwave f p u  lainnya (dst),PERALATAN DAN MESIN,1.3.2.06.03.15.004
3274,PERALATAN MICROWAVE TERESTRIAL,PERALATAN DAN MESIN,1.3.2.06.03.16.000
3275,Microwave Terestrial Portable,PERALATAN DAN MESIN,1.3.2.06.03.16.001
3276,Microwave Terestrial Transportable,PERALATAN DAN MESIN,1.3.2.06.03.16.002
3277,Microwave Terestrial Stationary,PERALATAN DAN MESIN,1.3.2.06.03.16.003
3278,peralatan microwave terestrial  lainnya (dst),PERALATAN DAN MESIN,1.3.2.06.03.16.004
3279,PERALATAN MICROWAVE TVRO,PERALATAN DAN MESIN,1.3.2.06.03.17.000
3280,Microwave TVRO Portable,PERALATAN DAN MESIN,1.3.2.06.03.17.001
3281,Microwave TVRO Transportable,PERALATAN DAN MESIN,1.3.2.06.03.17.002
3282,Microwave TVRO Stationary,PERALATAN DAN MESIN,1.3.2.06.03.17.003
3283,peralatan microwave tvro  lainnya (dst),PERALATAN DAN MESIN,1.3.2.06.03.17.004
3284,PERALATAN DUMMY LOAD,PERALATAN DAN MESIN,1.3.2.06.03.18.000
3285,Dummy Load Pendingin Udara,PERALATAN DAN MESIN,1.3.2.06.03.18.001
3286,Dummy Load Pendingin Air,PERALATAN DAN MESIN,1.3.2.06.03.18.002
3287,Dummy Load Pendingin Minyak,PERALATAN DAN MESIN,1.3.2.06.03.18.003
3288,Dummy Load Pendingin Gas,PERALATAN DAN MESIN,1.3.2.06.03.18.004
3289,peralatan dummy load  lainnya (dst),PERALATAN DAN MESIN,1.3.2.06.03.18.005
3290,SWITCHER ANTENA,PERALATAN DAN MESIN,1.3.2.06.03.19.000
3291,Switcher Combination,PERALATAN DAN MESIN,1.3.2.06.03.19.001
3292,Switcher Manual,PERALATAN DAN MESIN,1.3.2.06.03.19.002
3293,Switcher Automatic Motor,PERALATAN DAN MESIN,1.3.2.06.03.19.003
3294,switcher antena  lainnya (dst),PERALATAN DAN MESIN,1.3.2.06.03.19.004
3295,SWITCHER/MENARA ANTENA,PERALATAN DAN MESIN,1.3.2.06.03.20.000
3296,Self Supporting Tower,PERALATAN DAN MESIN,1.3.2.06.03.20.001
3297,Guy Tower,PERALATAN DAN MESIN,1.3.2.06.03.20.002
3298,Mast Tower,PERALATAN DAN MESIN,1.3.2.06.03.20.003
3299,Concrete Tower,PERALATAN DAN MESIN,1.3.2.06.03.20.004
3300,switcher/menara antena  lainnya (dst),PERALATAN DAN MESIN,1.3.2.06.03.20.005
3301,FEEDER,PERALATAN DAN MESIN,1.3.2.06.03.21.000
3302,Open Wire,PERALATAN DAN MESIN,1.3.2.06.03.21.001
3303,Coaxial Feeder,PERALATAN DAN MESIN,1.3.2.06.03.21.002
3304,Antenna Tuning Unit,PERALATAN DAN MESIN,1.3.2.06.03.21.003
3305,Dehydrator,PERALATAN DAN MESIN,1.3.2.06.03.21.004
3306,feeder  lainnya (dst),PERALATAN DAN MESIN,1.3.2.06.03.21.005
3307,HUMIDITY CONTROL,PERALATAN DAN MESIN,1.3.2.06.03.22.000
3308,Dehumidifier (Humidity Control),PERALATAN DAN MESIN,1.3.2.06.03.22.001
3309,humidity control  lainnya (dst),PERALATAN DAN MESIN,1.3.2.06.03.22.002
3310,PROGRAM INPUT EQUIPMENT,PERALATAN DAN MESIN,1.3.2.06.03.23.000
3311,Receiver STL/VHF ( FM),PERALATAN DAN MESIN,1.3.2.06.03.23.001
3312,Receiver STL/UHF,PERALATAN DAN MESIN,1.3.2.06.03.23.002
3313,Receiver STL/SHF,PERALATAN DAN MESIN,1.3.2.06.03.23.003
3314,TVRO,PERALATAN DAN MESIN,1.3.2.06.03.23.004
3315,Line Amplifier,PERALATAN DAN MESIN,1.3.2.06.03.23.005
3316,S R O,PERALATAN DAN MESIN,1.3.2.06.03.23.006
3317,Line Equalizer,PERALATAN DAN MESIN,1.3.2.06.03.23.007
3318,Automatic Gain Control,PERALATAN DAN MESIN,1.3.2.06.03.23.008
3319,Compressor Amplifier,PERALATAN DAN MESIN,1.3.2.06.03.23.009
3320,Expander Amplifier,PERALATAN DAN MESIN,1.3.2.06.03.23.010
3321,Attenuator,PERALATAN DAN MESIN,1.3.2.06.03.23.011
3322,Audio Processor Am,PERALATAN DAN MESIN,1.3.2.06.03.23.012
3323,Stereo Generator Fm,PERALATAN DAN MESIN,1.3.2.06.03.23.013
3324,Distributor Amplifier,PERALATAN DAN MESIN,1.3.2.06.03.23.014
3325,Switcher/Patch Panel,PERALATAN DAN MESIN,1.3.2.06.03.23.015
3326,Audio Monitor,PERALATAN DAN MESIN,1.3.2.06.03.23.016
3327,AM Monitor,PERALATAN DAN MESIN,1.3.2.06.03.23.017
3328,FM Monitor,PERALATAN DAN MESIN,1.3.2.06.03.23.018
3329,Power Distribution Board,PERALATAN DAN MESIN,1.3.2.06.03.23.019
3330,Lightning Protector,PERALATAN DAN MESIN,1.3.2.06.03.23.020
3331,All Band Receiver,PERALATAN DAN MESIN,1.3.2.06.03.23.021
3332,Change Over Switch,PERALATAN DAN MESIN,1.3.2.06.03.23.022
3333,program input equipment  lainnya (dst),PERALATAN DAN MESIN,1.3.2.06.03.23.023
3334,PERALATAN ANTENA PENERIMA VHF,PERALATAN DAN MESIN,1.3.2.06.03.24.000
3335,Antene Penerima VHF,PERALATAN DAN MESIN,1.3.2.06.03.24.001
3336,Peralatan Antena Penerima LF,PERALATAN DAN MESIN,1.3.2.06.03.24.002
3337,Peralatan Antena Penerima MF,PERALATAN DAN MESIN,1.3.2.06.03.24.003
3338,Peralatan Antena Penerima HF,PERALATAN DAN MESIN,1.3.2.06.03.24.004
3339,Peralatan Antena Penerima MF+HF,PERALATAN DAN MESIN,1.3.2.06.03.24.005
3340,Peralatan Antena Penerima VHF,PERALATAN DAN MESIN,1.3.2.06.03.24.006
3341,Peralatan Antena Penerima UHF,PERALATAN DAN MESIN,1.3.2.06.03.24.007
3342,Peralatan Antena Penerima SSHF,PERALATAN DAN MESIN,1.3.2.06.03.24.008
3343,peralatan antena penerima vhf  lainnya (dst),PERALATAN DAN MESIN,1.3.2.06.03.24.009
3344,PERALATAN PEMANCAR LF,PERALATAN DAN MESIN,1.3.2.06.03.25.000
3345,Peralatan Pemancar LF Transportable,PERALATAN DAN MESIN,1.3.2.06.03.25.001
3346,Peralatan Pemancar LF Portable,PERALATAN DAN MESIN,1.3.2.06.03.25.002
3347,Peralatan Pemancar LF Stationary,PERALATAN DAN MESIN,1.3.2.06.03.25.003
3348,peralatan pemancar lf  lainnya (dst),PERALATAN DAN MESIN,1.3.2.06.03.25.004
3349,UNIT PEMANCAR MF+HF,PERALATAN DAN MESIN,1.3.2.06.03.26.000
3350,Unit Pemancar MF+HF Transportable,PERALATAN DAN MESIN,1.3.2.06.03.26.001
3351,Unit Pemancar MF+HF Portable,PERALATAN DAN MESIN,1.3.2.06.03.26.002
3352,Unit Pemancar MF+HF Stationary,PERALATAN DAN MESIN,1.3.2.06.03.26.003
3353,unit pemancar mf+hf  lainnya (dst),PERALATAN DAN MESIN,1.3.2.06.03.26.004
3354,PERALATAN ANTENA PEMANCAR MF+HF,PERALATAN DAN MESIN,1.3.2.06.03.27.000
3355,Peralatan Antena Pemancar MF+HF Transportable,PERALATAN DAN MESIN,1.3.2.06.03.27.001
3356,Peralatan Antena Pemancar MF+HF Portable,PERALATAN DAN MESIN,1.3.2.06.03.27.002
3357,Peralatan Antena Pemancar MF+HF Stationary,PERALATAN DAN MESIN,1.3.2.06.03.27.003
3358,peralatan antena pemancar mf+hf  lainnya (dst),PERALATAN DAN MESIN,1.3.2.06.03.27.004
3359,PERALATAN PENERIMA,PERALATAN DAN MESIN,1.3.2.06.03.28.000
3360,Peralatan Penerima LF,PERALATAN DAN MESIN,1.3.2.06.03.28.001
3361,Peralatan Penerima MF,PERALATAN DAN MESIN,1.3.2.06.03.28.002
3362,Peralatan Penerima HF,PERALATAN DAN MESIN,1.3.2.06.03.28.003
3363,Peralatan Penerima MF+HF,PERALATAN DAN MESIN,1.3.2.06.03.28.004
3364,Peralatan Penerima UHF,PERALATAN DAN MESIN,1.3.2.06.03.28.005
3365,Peralatan Penerima SHF,PERALATAN DAN MESIN,1.3.2.06.03.28.006
3366,peralatan penerima  lainnya (dst),PERALATAN DAN MESIN,1.3.2.06.03.28.007
3367,PERALATAN PEMANCAR DAN PENERIMA LF,PERALATAN DAN MESIN,1.3.2.06.03.29.000
3368,Unit Transceiver LF Transportable,PERALATAN DAN MESIN,1.3.2.06.03.29.001
3369,Unit Transceiver LF Portable,PERALATAN DAN MESIN,1.3.2.06.03.29.002
3370,Unit Transceiver LF Stationary,PERALATAN DAN MESIN,1.3.2.06.03.29.003
3371,peralatan pemancar dan penerima lf  lainnya (dst),PERALATAN DAN MESIN,1.3.2.06.03.29.004
3372,PERALATAN PEMANCAR DAN PENERIMA MF,PERALATAN DAN MESIN,1.3.2.06.03.30.000
3373,Unit Transceiver MF Transportable,PERALATAN DAN MESIN,1.3.2.06.03.30.001
3374,Unit Transceiver MF Portable,PERALATAN DAN MESIN,1.3.2.06.03.30.002
3375,Unit Transceiver MF Stationary,PERALATAN DAN MESIN,1.3.2.06.03.30.003
3376,peralatan pemancar dan penerima mf  lainnya (dst),PERALATAN DAN MESIN,1.3.2.06.03.30.004
3377,PERALATAN PEMANCAR DAN PENERIMA HF,PERALATAN DAN MESIN,1.3.2.06.03.31.000
3378,Unit Transceiver HF Transportable,PERALATAN DAN MESIN,1.3.2.06.03.31.001
3379,Unit Transceiver HF Portable,PERALATAN DAN MESIN,1.3.2.06.03.31.002
3380,Unit Transceiver HF Stationary,PERALATAN DAN MESIN,1.3.2.06.03.31.003
3381,Rs Ssb Tranciever,PERALATAN DAN MESIN,1.3.2.06.03.31.004
3382,Mini Ranger,PERALATAN DAN MESIN,1.3.2.06.03.31.005
3383,Artemis,PERALATAN DAN MESIN,1.3.2.06.03.31.006
3384,Telerometer,PERALATAN DAN MESIN,1.3.2.06.03.31.007
3385,peralatan pemancar dan penerima hf  lainnya (dst),PERALATAN DAN MESIN,1.3.2.06.03.31.008
3386,PERALATAN PEMANCAR DAN PENERIMA MF+HF,PERALATAN DAN MESIN,1.3.2.06.03.32.000
3387,Unit Transceiver MF+HF Transportable,PERALATAN DAN MESIN,1.3.2.06.03.32.001
3388,Unit Transceiver MF+HF Portable,PERALATAN DAN MESIN,1.3.2.06.03.32.002
3389,Unit Transceiver MF+HF Stationary,PERALATAN DAN MESIN,1.3.2.06.03.32.003
3390,Differential Omega (Peralatan Pemancar Dan Penerima Mf+hf),PERALATAN DAN MESIN,1.3.2.06.03.32.004
3391,peralatan pemancar dan penerima mf+hf  lainnya (dst),PERALATAN DAN MESIN,1.3.2.06.03.32.005
3392,PERALATAN PEMANCAR DAN PENERIMA VHF,PERALATAN DAN MESIN,1.3.2.06.03.33.000
3393,Unit Transceiver VHF Transportable,PERALATAN DAN MESIN,1.3.2.06.03.33.001
3394,Unit Transceiver VHF Portable,PERALATAN DAN MESIN,1.3.2.06.03.33.002
3395,Unit Transceiver VHF Stationary,PERALATAN DAN MESIN,1.3.2.06.03.33.003
3396,peralatan pemancar dan penerima vhf  lainnya (dst),PERALATAN DAN MESIN,1.3.2.06.03.33.004
3397,PERALATAN PEMANCAR DAN PENERIMA UHF,PERALATAN DAN MESIN,1.3.2.06.03.34.000
3398,Unit Transceiver UHF Transportable,PERALATAN DAN MESIN,1.3.2.06.03.34.001
3399,Unit Transceiver UHF Portable,PERALATAN DAN MESIN,1.3.2.06.03.34.002
3400,Unit Transceiver UHF Stationary,PERALATAN DAN MESIN,1.3.2.06.03.34.003
3401,Ultra Hight Frequence Link,PERALATAN DAN MESIN,1.3.2.06.03.34.004
3402,Auto Alarm Tustel (AAT),PERALATAN DAN MESIN,1.3.2.06.03.34.005
3403,Distribution Board and Signal Unit,PERALATAN DAN MESIN,1.3.2.06.03.34.006
3404,Remote Terminal Unit,PERALATAN DAN MESIN,1.3.2.06.03.34.007
3405,Multiplex Terminal Equipment,PERALATAN DAN MESIN,1.3.2.06.03.34.008
3406,Signal Velvoger Grounding,PERALATAN DAN MESIN,1.3.2.06.03.34.009
3407,Bridge Merger Testing,PERALATAN DAN MESIN,1.3.2.06.03.34.010
3408,Message Repeater,PERALATAN DAN MESIN,1.3.2.06.03.34.011
3409,Electric Cleaner,PERALATAN DAN MESIN,1.3.2.06.03.34.012
3410,Aotomatic Aerlale,PERALATAN DAN MESIN,1.3.2.06.03.34.013
3411,Power and Awr Meter Round,PERALATAN DAN MESIN,1.3.2.06.03.34.014
3412,Voltage Regulator,PERALATAN DAN MESIN,1.3.2.06.03.34.015
3413,Gyro Compass,PERALATAN DAN MESIN,1.3.2.06.03.34.016
3414,Frequence Synthesizer Unit,PERALATAN DAN MESIN,1.3.2.06.03.34.017
3415,Vodas (Voice Devise Anti Singing),PERALATAN DAN MESIN,1.3.2.06.03.34.018
3416,Anemometer (Peralatan Pemancar Dan Penerima UHF),PERALATAN DAN MESIN,1.3.2.06.03.34.019
3417,Clear View Screen,PERALATAN DAN MESIN,1.3.2.06.03.34.020
3418,Arq unit,PERALATAN DAN MESIN,1.3.2.06.03.34.021
3419,Radio Direction Finder,PERALATAN DAN MESIN,1.3.2.06.03.34.022
3420,Power transmitter,PERALATAN DAN MESIN,1.3.2.06.03.34.023
3421,Tele Controller,PERALATAN DAN MESIN,1.3.2.06.03.34.024
3422,Local Terminal,PERALATAN DAN MESIN,1.3.2.06.03.34.025
3423,Digital Selective Calling (DSC),PERALATAN DAN MESIN,1.3.2.06.03.34.026
3424,peralatan pemancar dan penerima uhf  lainnya (dst),PERALATAN DAN MESIN,1.3.2.06.03.34.027
3425,PERALATAN PEMANCAR DAN PENERIMA SHF,PERALATAN DAN MESIN,1.3.2.06.03.35.000
3426,Unit Transceiver SHF Transportable,PERALATAN DAN MESIN,1.3.2.06.03.35.001
3427,Unit Transceiver SHF Portable,PERALATAN DAN MESIN,1.3.2.06.03.35.002
3428,Unit Transceiver SHF Stationary,PERALATAN DAN MESIN,1.3.2.06.03.35.003
3429,peralatan pemancar dan penerima shf  lainnya (dst),PERALATAN DAN MESIN,1.3.2.06.03.35.004
3430,PERALATAN ANTENA PEMANCAR DAN PENERIMA LF,PERALATAN DAN MESIN,1.3.2.06.03.36.000
3431,Unit Antena Transceiver LF Transportable,PERALATAN DAN MESIN,1.3.2.06.03.36.001
3432,Unit Antena Transceiver LF Portable,PERALATAN DAN MESIN,1.3.2.06.03.36.002
3433,Unit Antena Transceiver LF Stationary,PERALATAN DAN MESIN,1.3.2.06.03.36.003
3434,peralatan antena pemancar dan penerima lf  lainnya (dst),PERALATAN DAN MESIN,1.3.2.06.03.36.004
3435,PERALATAN ANTENA PEMANCAR DAN PENERIMA MF,PERALATAN DAN MESIN,1.3.2.06.03.37.000
3436,Unit Antena Transceiver MF Transportable,PERALATAN DAN MESIN,1.3.2.06.03.37.001
3437,Unit Antena Transceiver MF Portable,PERALATAN DAN MESIN,1.3.2.06.03.37.002
3438,Unit Antena Transceiver MF Stationary,PERALATAN DAN MESIN,1.3.2.06.03.37.003
3439,peralatan antena pemancar dan penerima mf  lainnya (dst),PERALATAN DAN MESIN,1.3.2.06.03.37.004
3440,PERALATAN ANTENA PEMANCAR DAN PENERIMA HF,PERALATAN DAN MESIN,1.3.2.06.03.38.000
3441,Unit Antena Transceiver HF Transportable,PERALATAN DAN MESIN,1.3.2.06.03.38.001
3442,Unit Antena Transceiver HF Portable,PERALATAN DAN MESIN,1.3.2.06.03.38.002
3443,Unit Antena Transceiver HF Stationary,PERALATAN DAN MESIN,1.3.2.06.03.38.003
3444,peralatan antena pemancar dan penerima hf  lainnya (dst),PERALATAN DAN MESIN,1.3.2.06.03.38.004
3445,PERALATAN ANTENA PEMANCAR DAN PENERIMA MF+HF,PERALATAN DAN MESIN,1.3.2.06.03.39.000
3446,Unit Antena Transceiver MF+ HF Transportable,PERALATAN DAN MESIN,1.3.2.06.03.39.001
3447,Unit Antena Transceiver MF+HF Portable,PERALATAN DAN MESIN,1.3.2.06.03.39.002
3448,Unit Antena Transceiver MF+HF Stationary,PERALATAN DAN MESIN,1.3.2.06.03.39.003
3449,peralatan antena pemancar dan penerima mf+hf  lainnya (dst),PERALATAN DAN MESIN,1.3.2.06.03.39.004
3450,PERALATAN ANTENA PEMANCAR DAN PENERIMA VHF,PERALATAN DAN MESIN,1.3.2.06.03.40.000
3451,Unit Antena Transceiver VHF Transportable,PERALATAN DAN MESIN,1.3.2.06.03.40.001
3452,Unit Antena Transceiver VHF Portable,PERALATAN DAN MESIN,1.3.2.06.03.40.002
3453,Unit Antena Transceiver VHF Stationary,PERALATAN DAN MESIN,1.3.2.06.03.40.003
3454,peralatan antena pemancar dan penerima vhf  lainnya (dst),PERALATAN DAN MESIN,1.3.2.06.03.40.004
3455,PERALATAN ANTENA PEMANCAR DAN PENERIMA UHF,PERALATAN DAN MESIN,1.3.2.06.03.41.000
3456,Unit Antena Transceiver UHF Transportable,PERALATAN DAN MESIN,1.3.2.06.03.41.001
3457,Unit Antena Transceiver UHF Portable,PERALATAN DAN MESIN,1.3.2.06.03.41.002
3458,Unit Antena Transceiver UHF Stationary,PERALATAN DAN MESIN,1.3.2.06.03.41.003
3459,peralatan antena pemancar dan penerima uhf  lainnya (dst),PERALATAN DAN MESIN,1.3.2.06.03.41.004
3460,PERALATAN ANTENA PEMANCAR DAN PENERIMASHF,PERALATAN DAN MESIN,1.3.2.06.03.42.000
3461,Unit Antena Transceiver SHF Transportable,PERALATAN DAN MESIN,1.3.2.06.03.42.001
3462,Unit Antena Transceiver SHF Portable,PERALATAN DAN MESIN,1.3.2.06.03.42.002
3463,Unit Antena Transceiver SHF Stationary,PERALATAN DAN MESIN,1.3.2.06.03.42.003
3464,peralatan antena pemancar dan penerimashf  lainnya (dst),PERALATAN DAN MESIN,1.3.2.06.03.42.004
3465,PERALATAN PENERIMA CUACA CITRA SATELITE RESOLUSI RENDAH,PERALATAN DAN MESIN,1.3.2.06.03.43.000
3466,Alat Penerima Satelite Cuaca,PERALATAN DAN MESIN,1.3.2.06.03.43.001
3467,peralatan penerima cuaca citra satelite resolusi rendah  lainnya (dst),PERALATAN DAN MESIN,1.3.2.06.03.43.002
3468,PERALATAN PENERIMA CUACA CITRA SATELITE RESOLUSI TINGGI,PERALATAN DAN MESIN,1.3.2.06.03.44.000
3469,Alat Penerima Satelite Cuaca Geo Stasimeter,PERALATAN DAN MESIN,1.3.2.06.03.44.001
3470,Alat Penerima Satelite Cuaca Orbit Polar,PERALATAN DAN MESIN,1.3.2.06.03.44.002
3471,peralatan penerima cuaca citra satelite resolusi tinggi  lainnya (dst),PERALATAN DAN MESIN,1.3.2.06.03.44.003
3472,PERALATAN PENERIMA DAN PENGIRIM GAMBAR KE PERMUKAAN,PERALATAN DAN MESIN,1.3.2.06.03.45.000
3473,Scanner Facsimile,PERALATAN DAN MESIN,1.3.2.06.03.45.001
3474,Alden Minifax Recorder,PERALATAN DAN MESIN,1.3.2.06.03.45.002
3475,Universal Graphic Recorder,PERALATAN DAN MESIN,1.3.2.06.03.45.003
3476,Weather Chart Recorder,PERALATAN DAN MESIN,1.3.2.06.03.45.004
3477,peralatan penerima dan pengirim gambar ke permukaan  lainnya (dst),PERALATAN DAN MESIN,1.3.2.06.03.45.005
3478,PERALATAN PERLENGKAPAN RADIO,PERALATAN DAN MESIN,1.3.2.06.03.46.000
3479,Box Battery,PERALATAN DAN MESIN,1.3.2.06.03.46.001
3480,Cutton Duck,PERALATAN DAN MESIN,1.3.2.06.03.46.002
3481,Carring Case,PERALATAN DAN MESIN,1.3.2.06.03.46.003
3482,Hand Set,PERALATAN DAN MESIN,1.3.2.06.03.46.004
3483,Conecctor,PERALATAN DAN MESIN,1.3.2.06.03.46.005
3484,peralatan perlengkapan radio  lainnya (dst),PERALATAN DAN MESIN,1.3.2.06.03.46.006
3485,SUMBER TENAGA,PERALATAN DAN MESIN,1.3.2.06.03.47.000
3486,BA-30,PERALATAN DAN MESIN,1.3.2.06.03.47.001
3487,Genset,PERALATAN DAN MESIN,1.3.2.06.03.47.002
3488,Solar Cell,PERALATAN DAN MESIN,1.3.2.06.03.47.003
3489,Charger,PERALATAN DAN MESIN,1.3.2.06.03.47.004
3490,sumber tenaga  lainnya (dst),PERALATAN DAN MESIN,1.3.2.06.03.47.005
3491,PERALATAN PEMANCAR LAINNYA,PERALATAN DAN MESIN,1.3.2.06.03.48.000
3492,peralatan pemancar lainnya  lainnya (dst),PERALATAN DAN MESIN,1.3.2.06.03.48.001
3493,PERALATAN KOMUNIKASI NAVIGASI,PERALATAN DAN MESIN,1.3.2.06.04.00.000
3494,PERALATAN KOMUNIKASI NAVIGASI INSTRUMEN LANDING SYSTEM,PERALATAN DAN MESIN,1.3.2.06.04.01.000
3495,Standard Instrumen Landing System,PERALATAN DAN MESIN,1.3.2.06.04.01.001
3496,Microwave Landing System,PERALATAN DAN MESIN,1.3.2.06.04.01.002
3497,peralatan komunikasi navigasi instrumen landing system   lainnya (dst),PERALATAN DAN MESIN,1.3.2.06.04.01.003
3498,VERY HIGH FREQUENCE OMNI RANGE (VOR),PERALATAN DAN MESIN,1.3.2.06.04.02.000
3499,Conventional VOR (CVOR),PERALATAN DAN MESIN,1.3.2.06.04.02.001
3500,Doople VOR (DVOR),PERALATAN DAN MESIN,1.3.2.06.04.02.002
3501,very high frequence omni range (vor)  lainnya (dst),PERALATAN DAN MESIN,1.3.2.06.04.02.003
3502,DISTANCE MEASURING EQUIPMENT (DME),PERALATAN DAN MESIN,1.3.2.06.04.03.000
3503,Transponder DME,PERALATAN DAN MESIN,1.3.2.06.04.03.001
3504,Antena DME,PERALATAN DAN MESIN,1.3.2.06.04.03.002
3505,BEACON,PERALATAN DAN MESIN,1.3.2.06.04.03.003
3506,NDB,PERALATAN DAN MESIN,1.3.2.06.04.03.004
3507,DB,PERALATAN DAN MESIN,1.3.2.06.04.03.005
3508,Radar Beacon,PERALATAN DAN MESIN,1.3.2.06.04.03.006
3509,Differential Omega (Distance Measuring Equipment (dme)),PERALATAN DAN MESIN,1.3.2.06.04.03.007
3510,Differential GPS,PERALATAN DAN MESIN,1.3.2.06.04.03.008
3511,GPS Khusus Geofisika,PERALATAN DAN MESIN,1.3.2.06.04.03.009
3512,distance measuring equipment (dme)  lainnya (dst),PERALATAN DAN MESIN,1.3.2.06.04.03.010
3513,RADAR,PERALATAN DAN MESIN,1.3.2.06.04.04.000
3514,Primary Surveillance Radar,PERALATAN DAN MESIN,1.3.2.06.04.04.001
3515,Secondary Surveillance Radar,PERALATAN DAN MESIN,1.3.2.06.04.04.002
3516,radar  lainnya (dst),PERALATAN DAN MESIN,1.3.2.06.04.04.003
3517,ALAT PANGATUR TELEKOMUNIKASI,PERALATAN DAN MESIN,1.3.2.06.04.05.000
3518,Message Switching Center (MSC),PERALATAN DAN MESIN,1.3.2.06.04.05.001
3519,Automatic Message Switching Center (AMSC),PERALATAN DAN MESIN,1.3.2.06.04.05.002
3520,Current Console Regulator,PERALATAN DAN MESIN,1.3.2.06.04.05.003
3521,Controller Console PVC,PERALATAN DAN MESIN,1.3.2.06.04.05.004
3522,No Break Casinet,PERALATAN DAN MESIN,1.3.2.06.04.05.005
3523,Telegraphic Frame,PERALATAN DAN MESIN,1.3.2.06.04.05.006
3524,Morden,PERALATAN DAN MESIN,1.3.2.06.04.05.007
3525,Radio Console,PERALATAN DAN MESIN,1.3.2.06.04.05.008
3526,Supervisori Console,PERALATAN DAN MESIN,1.3.2.06.04.05.009
3527,alat pangatur telekomunikasi  lainnya (dst),PERALATAN DAN MESIN,1.3.2.06.04.05.010
3528,PERALATAN KOMUNIKASI UNTUK DOKUMENTASI,PERALATAN DAN MESIN,1.3.2.06.04.06.000
3529,Unit Tape Recorder,PERALATAN DAN MESIN,1.3.2.06.04.06.001
3530,Unit Time Announcing,PERALATAN DAN MESIN,1.3.2.06.04.06.002
3531,Unit Master Clock,PERALATAN DAN MESIN,1.3.2.06.04.06.003
3532,Unit Reproducer,PERALATAN DAN MESIN,1.3.2.06.04.06.004
3533,Unit Remote Control,PERALATAN DAN MESIN,1.3.2.06.04.06.005
3534,peralatan komunikasi untuk dokumentasi  lainnya (dst),PERALATAN DAN MESIN,1.3.2.06.04.06.006
3535,PERALATAN KOMUNIKASI NAVIGASI LAINNYA,PERALATAN DAN MESIN,1.3.2.06.04.07.000
3536,peralatan komunikasi navigasi lainnya lainnya (dst),PERALATAN DAN MESIN,1.3.2.06.04.07.001
3537,ALAT KEDOKTERAN DAN KESEHATAN,PERALATAN DAN MESIN,1.3.2.07.00.00.000
3538,ALAT KEDOKTERAN,PERALATAN DAN MESIN,1.3.2.07.01.00.000
3539,ALAT KEDOKTERAN UMUM,PERALATAN DAN MESIN,1.3.2.07.01.01.000
3540,Sterilisator,PERALATAN DAN MESIN,1.3.2.07.01.01.001
3541,Minor Surgical Set (Alat Kedokteran Umum),PERALATAN DAN MESIN,1.3.2.07.01.01.002
3542,Diagnostik Set,PERALATAN DAN MESIN,1.3.2.07.01.01.003
3543,Stetoscope (Alat Kedokteran Umum),PERALATAN DAN MESIN,1.3.2.07.01.01.004
3544,Tensimeter,PERALATAN DAN MESIN,1.3.2.07.01.01.005
3545,Wickham,PERALATAN DAN MESIN,1.3.2.07.01.01.006
3546,Head Lamp (Alat Kedokteran Umum),PERALATAN DAN MESIN,1.3.2.07.01.01.007
3547,Waskom,PERALATAN DAN MESIN,1.3.2.07.01.01.008
3548,Timbangan Badan (Alat Kedokteran Umum),PERALATAN DAN MESIN,1.3.2.07.01.01.009
3549,Timbangan Bayi,PERALATAN DAN MESIN,1.3.2.07.01.01.010
3550,Kocher,PERALATAN DAN MESIN,1.3.2.07.01.01.011
3551,Metal Chatheeter,PERALATAN DAN MESIN,1.3.2.07.01.01.012
3552,Sluf Zone,PERALATAN DAN MESIN,1.3.2.07.01.01.013
3553,Anaromische Pinset,PERALATAN DAN MESIN,1.3.2.07.01.01.014
3554,Chirurgical Pinset,PERALATAN DAN MESIN,1.3.2.07.01.01.015
3555,Naalvoeder,PERALATAN DAN MESIN,1.3.2.07.01.01.016
3556,Arteriklem,PERALATAN DAN MESIN,1.3.2.07.01.01.017
3557,Instrumen Cabinet,PERALATAN DAN MESIN,1.3.2.07.01.01.018
3558,Agraat,PERALATAN DAN MESIN,1.3.2.07.01.01.019
3559,Gunting Bengkok,PERALATAN DAN MESIN,1.3.2.07.01.01.020
3560,Gunting Lurus,PERALATAN DAN MESIN,1.3.2.07.01.01.021
3561,Lemari Steriil,PERALATAN DAN MESIN,1.3.2.07.01.01.022
3562,Air Viva,PERALATAN DAN MESIN,1.3.2.07.01.01.023
3563,Alat Ganti YKBS,PERALATAN DAN MESIN,1.3.2.07.01.01.024
3564,Ambubag,PERALATAN DAN MESIN,1.3.2.07.01.01.025
3565,Tabung 02,PERALATAN DAN MESIN,1.3.2.07.01.01.026
3566,Aplanation Termometer,PERALATAN DAN MESIN,1.3.2.07.01.01.027
3567,Autoclave Table,PERALATAN DAN MESIN,1.3.2.07.01.01.028
3568,Automatic Chart Proyektor,PERALATAN DAN MESIN,1.3.2.07.01.01.029
3569,Automatic Spray Gonometer,PERALATAN DAN MESIN,1.3.2.07.01.01.030
3570,Bak Catheter,PERALATAN DAN MESIN,1.3.2.07.01.01.031
3571,"Bak Instrument (Stainles,Kaca,Email)",PERALATAN DAN MESIN,1.3.2.07.01.01.032
3572,Bak Korentang (Stainles),PERALATAN DAN MESIN,1.3.2.07.01.01.033
3573,Bak Spuit,PERALATAN DAN MESIN,1.3.2.07.01.01.034
3574,Balon Spray,PERALATAN DAN MESIN,1.3.2.07.01.01.035
3575,Bantal Angin/Wind Ring,PERALATAN DAN MESIN,1.3.2.07.01.01.036
3576,Basic Diagnostic Kit (Alat Kedokteran Umum),PERALATAN DAN MESIN,1.3.2.07.01.01.037
3577,Bed Side Monitor,PERALATAN DAN MESIN,1.3.2.07.01.01.038
3578,Bed Skreen/Sherm,PERALATAN DAN MESIN,1.3.2.07.01.01.039
3579,"Blass Spuit (Glass,Metal)",PERALATAN DAN MESIN,1.3.2.07.01.01.040
3580,Blood Exchange Set (Alat Kedokteran Umum),PERALATAN DAN MESIN,1.3.2.07.01.01.041
3581,Brancard,PERALATAN DAN MESIN,1.3.2.07.01.01.042
3582,Buli-Buli Panas,PERALATAN DAN MESIN,1.3.2.07.01.01.043
3583,Butomous P 02 Modul,PERALATAN DAN MESIN,1.3.2.07.01.01.044
3584,Canula Rectal,PERALATAN DAN MESIN,1.3.2.07.01.01.045
3585,Capagati 3 L,PERALATAN DAN MESIN,1.3.2.07.01.01.046
3586,Centrifuge (Alat Kedokteran Umum),PERALATAN DAN MESIN,1.3.2.07.01.01.047
3587,Chytologi Bantal,PERALATAN DAN MESIN,1.3.2.07.01.01.048
3588,Clinical Thermometer (Alat Kedokteran Umum),PERALATAN DAN MESIN,1.3.2.07.01.01.049
3589,Co2 Analyzer (Alat Kedokteran Umum),PERALATAN DAN MESIN,1.3.2.07.01.01.050
3590,Colonofibers Cape,PERALATAN DAN MESIN,1.3.2.07.01.01.051
3591,Combilag,PERALATAN DAN MESIN,1.3.2.07.01.01.052
3592,Corn Image Interserver,PERALATAN DAN MESIN,1.3.2.07.01.01.053
3593,Dale Dagion (Alat Kedokteran Umum),PERALATAN DAN MESIN,1.3.2.07.01.01.054
3594,Defision Sehafulla Telector,PERALATAN DAN MESIN,1.3.2.07.01.01.055
3595,Desk Suction System,PERALATAN DAN MESIN,1.3.2.07.01.01.056
3596,Digital Oscamolis,PERALATAN DAN MESIN,1.3.2.07.01.01.057
3597,Direct Reading Desimeter,PERALATAN DAN MESIN,1.3.2.07.01.01.058
3598,Dressing Card,PERALATAN DAN MESIN,1.3.2.07.01.01.059
3599,Electro Cardiography (Alat Kedokteran Umum),PERALATAN DAN MESIN,1.3.2.07.01.01.060
3600,Elektro Counter,PERALATAN DAN MESIN,1.3.2.07.01.01.061
3601,Ergometer Sensor,PERALATAN DAN MESIN,1.3.2.07.01.01.062
3602,Esche Palce,PERALATAN DAN MESIN,1.3.2.07.01.01.063
3603,Examination Lamp,PERALATAN DAN MESIN,1.3.2.07.01.01.064
3604,Examination Table,PERALATAN DAN MESIN,1.3.2.07.01.01.065
3605,Fantex Mark,PERALATAN DAN MESIN,1.3.2.07.01.01.066
3606,Film Viewer,PERALATAN DAN MESIN,1.3.2.07.01.01.067
3607,Flow Meter (Alat Kedokteran Umum),PERALATAN DAN MESIN,1.3.2.07.01.01.068
3608,Flow Meter 02,PERALATAN DAN MESIN,1.3.2.07.01.01.069
3609,Flurecent Lamp Komplit,PERALATAN DAN MESIN,1.3.2.07.01.01.070
3610,Forcep Neagle/Kieland/Piper,PERALATAN DAN MESIN,1.3.2.07.01.01.071
3611,Freakter EF 502,PERALATAN DAN MESIN,1.3.2.07.01.01.072
3612,Gantungan Urin Bag,PERALATAN DAN MESIN,1.3.2.07.01.01.073
3613,Gilycerin Spuit,PERALATAN DAN MESIN,1.3.2.07.01.01.074
3614,Giving Set (Alat Kedokteran Umum),PERALATAN DAN MESIN,1.3.2.07.01.01.075
3615,Groses Shalt Mogoglo Pamator,PERALATAN DAN MESIN,1.3.2.07.01.01.076
3616,Hypeal Carter,PERALATAN DAN MESIN,1.3.2.07.01.01.077
3617,Ice Crag,PERALATAN DAN MESIN,1.3.2.07.01.01.078
3618,Ice Cup,PERALATAN DAN MESIN,1.3.2.07.01.01.079
3619,Infusion Pump,PERALATAN DAN MESIN,1.3.2.07.01.01.080
3620,Instrument Tray,PERALATAN DAN MESIN,1.3.2.07.01.01.081
3621,IPPO,PERALATAN DAN MESIN,1.3.2.07.01.01.082
3622,Irrigator,PERALATAN DAN MESIN,1.3.2.07.01.01.083
3623,Kariek Half Lazer,PERALATAN DAN MESIN,1.3.2.07.01.01.084
3624,Kom Kompres (Alat Kedokteran Umum),PERALATAN DAN MESIN,1.3.2.07.01.01.085
3625,"Kom Stainles (Drain,Gaas,Tampon)",PERALATAN DAN MESIN,1.3.2.07.01.01.086
3626,Korentang,PERALATAN DAN MESIN,1.3.2.07.01.01.087
3627,Laundry Tuch,PERALATAN DAN MESIN,1.3.2.07.01.01.088
3628,Laser Unit,PERALATAN DAN MESIN,1.3.2.07.01.01.089
3629,Lono Premansi Stimulator Adi,PERALATAN DAN MESIN,1.3.2.07.01.01.090
3630,Low Presure Continous,PERALATAN DAN MESIN,1.3.2.07.01.01.091
3631,"Magil Tang (Dewasa,Anak)",PERALATAN DAN MESIN,1.3.2.07.01.01.092
3632,"Mangkok/Kom Betadin (Stainless,Keramik/China)",PERALATAN DAN MESIN,1.3.2.07.01.01.093
3633,Mark Biotazer,PERALATAN DAN MESIN,1.3.2.07.01.01.094
3634,Meja Suntik Beroda,PERALATAN DAN MESIN,1.3.2.07.01.01.095
3635,Lemari Obat (Kaca),PERALATAN DAN MESIN,1.3.2.07.01.01.096
3636,Module Parabeden Trandezer,PERALATAN DAN MESIN,1.3.2.07.01.01.097
3637,Nasal Clip,PERALATAN DAN MESIN,1.3.2.07.01.01.098
3638,Natrilisangfas Fas Instal,PERALATAN DAN MESIN,1.3.2.07.01.01.099
3639,Nebulizer Perimeter (Anesthesi),PERALATAN DAN MESIN,1.3.2.07.01.01.100
3640,Needle Holder,PERALATAN DAN MESIN,1.3.2.07.01.01.101
3641,Netlin,PERALATAN DAN MESIN,1.3.2.07.01.01.102
3642,Nichulis,PERALATAN DAN MESIN,1.3.2.07.01.01.103
3643,Nierbekhen,PERALATAN DAN MESIN,1.3.2.07.01.01.104
3644,Neonatal Monitor (Alat Kedokteran Umum),PERALATAN DAN MESIN,1.3.2.07.01.01.105
3645,One Compartement Warrobe (Alat Kedokteran Umum),PERALATAN DAN MESIN,1.3.2.07.01.01.106
3646,Operating Lamp,PERALATAN DAN MESIN,1.3.2.07.01.01.107
3647,Oxygen Therapy Set Lengkap,PERALATAN DAN MESIN,1.3.2.07.01.01.108
3648,Pathologi Equipment,PERALATAN DAN MESIN,1.3.2.07.01.01.109
3649,Pereksimea Fondus,PERALATAN DAN MESIN,1.3.2.07.01.01.110
3650,Perfin Disposseri,PERALATAN DAN MESIN,1.3.2.07.01.01.111
3651,Pispot Anak,PERALATAN DAN MESIN,1.3.2.07.01.01.112
3652,Pispot Dewasa,PERALATAN DAN MESIN,1.3.2.07.01.01.113
3653,Plase Phone Doples,PERALATAN DAN MESIN,1.3.2.07.01.01.114
3654,Prape For Memory Dan Typloid,PERALATAN DAN MESIN,1.3.2.07.01.01.115
3655,Presatre Module,PERALATAN DAN MESIN,1.3.2.07.01.01.116
3656,Primatik Nidel,PERALATAN DAN MESIN,1.3.2.07.01.01.117
3657,Pulse Oximeter,PERALATAN DAN MESIN,1.3.2.07.01.01.118
3658,Reflex Hammer (Alat Kedokteran Umum),PERALATAN DAN MESIN,1.3.2.07.01.01.119
3659,Respirator (Alat Kedokteran Umum),PERALATAN DAN MESIN,1.3.2.07.01.01.120
3660,Resusitasi Dewasa,PERALATAN DAN MESIN,1.3.2.07.01.01.121
3661,Resusitasi Anak,PERALATAN DAN MESIN,1.3.2.07.01.01.122
3662,Resusitasi Bayi,PERALATAN DAN MESIN,1.3.2.07.01.01.123
3663,Rinnon Miliable Resaftor,PERALATAN DAN MESIN,1.3.2.07.01.01.124
3664,Rolling Seal Type,PERALATAN DAN MESIN,1.3.2.07.01.01.125
3665,Kursi Dorong,PERALATAN DAN MESIN,1.3.2.07.01.01.126
3666,R-HER Coacgulator,PERALATAN DAN MESIN,1.3.2.07.01.01.127
3667,Saeperingsystem,PERALATAN DAN MESIN,1.3.2.07.01.01.128
3668,Schates,PERALATAN DAN MESIN,1.3.2.07.01.01.129
3669,Screm Holder Red,PERALATAN DAN MESIN,1.3.2.07.01.01.130
3670,Setum Adrenalin,PERALATAN DAN MESIN,1.3.2.07.01.01.131
3671,Seven Solar Duble Midel,PERALATAN DAN MESIN,1.3.2.07.01.01.132
3672,Suction Pump,PERALATAN DAN MESIN,1.3.2.07.01.01.133
3673,Sonde Uterus (Alat Kedokteran Umum),PERALATAN DAN MESIN,1.3.2.07.01.01.134
3674,Spatel Lidah,PERALATAN DAN MESIN,1.3.2.07.01.01.135
3675,Spoon Oxigen Correction,PERALATAN DAN MESIN,1.3.2.07.01.01.136
3676,Sputum Bak/Pot,PERALATAN DAN MESIN,1.3.2.07.01.01.137
3677,Standar Infus,PERALATAN DAN MESIN,1.3.2.07.01.01.138
3678,Standar Waskom,PERALATAN DAN MESIN,1.3.2.07.01.01.139
3679,Standard Colector For Table,PERALATAN DAN MESIN,1.3.2.07.01.01.140
3680,Steritionoscope Transpometer,PERALATAN DAN MESIN,1.3.2.07.01.01.141
3681,Stimulator (Alat Kedokteran Umum),PERALATAN DAN MESIN,1.3.2.07.01.01.142
3682,Syringe Pump (Alat Kedokteran Umum),PERALATAN DAN MESIN,1.3.2.07.01.01.143
3683,Temperatur Monitor,PERALATAN DAN MESIN,1.3.2.07.01.01.144
3684,Termometer Mercury Untuk Suhu Badan,PERALATAN DAN MESIN,1.3.2.07.01.01.145
3685,The Newsillerstration Of Acpint,PERALATAN DAN MESIN,1.3.2.07.01.01.146
3686,Timer Ekolo,PERALATAN DAN MESIN,1.3.2.07.01.01.147
3687,Tre Chanel Extra Cardiografi,PERALATAN DAN MESIN,1.3.2.07.01.01.148
3688,Trigatus,PERALATAN DAN MESIN,1.3.2.07.01.01.149
3689,Tromol Has,PERALATAN DAN MESIN,1.3.2.07.01.01.150
3690,Urinal,PERALATAN DAN MESIN,1.3.2.07.01.01.151
3691,U S G,PERALATAN DAN MESIN,1.3.2.07.01.01.152
3692,Utility Trolly,PERALATAN DAN MESIN,1.3.2.07.01.01.153
3693,UV Sterilizer,PERALATAN DAN MESIN,1.3.2.07.01.01.154
3694,Cool Light,PERALATAN DAN MESIN,1.3.2.07.01.01.155
3695,Vegdes Labry Splyt Genotpone,PERALATAN DAN MESIN,1.3.2.07.01.01.156
3696,Vena Sectie Set,PERALATAN DAN MESIN,1.3.2.07.01.01.157
3697,Wall Rail System,PERALATAN DAN MESIN,1.3.2.07.01.01.158
3698,Holter Panthon (RM),PERALATAN DAN MESIN,1.3.2.07.01.01.159
3699,Went Allyn Apthacape,PERALATAN DAN MESIN,1.3.2.07.01.01.160
3700,Senter,PERALATAN DAN MESIN,1.3.2.07.01.01.161
3701,Refloton,PERALATAN DAN MESIN,1.3.2.07.01.01.162
3702,Meja Fisiotherapie,PERALATAN DAN MESIN,1.3.2.07.01.01.163
3703,Aeskular,PERALATAN DAN MESIN,1.3.2.07.01.01.164
3704,Pinset Anatomi,PERALATAN DAN MESIN,1.3.2.07.01.01.165
3705,Fris Ard,PERALATAN DAN MESIN,1.3.2.07.01.01.166
3706,Tong Spatel,PERALATAN DAN MESIN,1.3.2.07.01.01.167
3707,The Sun Ancom Oxigen Exer,PERALATAN DAN MESIN,1.3.2.07.01.01.168
3708,Alat Kedokteran umum lainnya,PERALATAN DAN MESIN,1.3.2.07.01.01.169
3709,ALAT KEDOKTERAN GIGI,PERALATAN DAN MESIN,1.3.2.07.01.02.000
3710,Dental Chair,PERALATAN DAN MESIN,1.3.2.07.01.02.001
3711,Dental Unit,PERALATAN DAN MESIN,1.3.2.07.01.02.002
3712,Dental X-Ray Unit,PERALATAN DAN MESIN,1.3.2.07.01.02.003
3713,Air Set Airomatik,PERALATAN DAN MESIN,1.3.2.07.01.02.004
3714,Dental Hand Instruments Set,PERALATAN DAN MESIN,1.3.2.07.01.02.005
3715,Oral Surgical Set,PERALATAN DAN MESIN,1.3.2.07.01.02.006
3716,Apdent Juster,PERALATAN DAN MESIN,1.3.2.07.01.02.007
3717,Aero Sterisator,PERALATAN DAN MESIN,1.3.2.07.01.02.008
3718,Operating Chair,PERALATAN DAN MESIN,1.3.2.07.01.02.009
3719,Infra Red,PERALATAN DAN MESIN,1.3.2.07.01.02.010
3720,Sendok Cetak,PERALATAN DAN MESIN,1.3.2.07.01.02.011
3721,Clinical Chair,PERALATAN DAN MESIN,1.3.2.07.01.02.012
3722,Dosator,PERALATAN DAN MESIN,1.3.2.07.01.02.013
3723,Minor Surgical Set (Alat Kedokteran Gigi),PERALATAN DAN MESIN,1.3.2.07.01.02.014
3724,Detal Sergion Set,PERALATAN DAN MESIN,1.3.2.07.01.02.015
3725,Polish Motor,PERALATAN DAN MESIN,1.3.2.07.01.02.016
3726,Gavitron Generator,PERALATAN DAN MESIN,1.3.2.07.01.02.017
3727,Niva Lite,PERALATAN DAN MESIN,1.3.2.07.01.02.018
3728,Portable Dental Unit,PERALATAN DAN MESIN,1.3.2.07.01.02.019
3729,Dental Ultra Sonic,PERALATAN DAN MESIN,1.3.2.07.01.02.020
3730,U.V. Lamp (Alat Kedokteran Gigi),PERALATAN DAN MESIN,1.3.2.07.01.02.021
3731,Amalgamator,PERALATAN DAN MESIN,1.3.2.07.01.02.022
3732,Terminator,PERALATAN DAN MESIN,1.3.2.07.01.02.023
3733,Airimatik 205 Dental Unit,PERALATAN DAN MESIN,1.3.2.07.01.02.024
3734,Amalgam Pistol/Stoper (Alat Kedokteran Gigi),PERALATAN DAN MESIN,1.3.2.07.01.02.025
3735,Articulator Free Place,PERALATAN DAN MESIN,1.3.2.07.01.02.026
3736,Bend Pusher,PERALATAN DAN MESIN,1.3.2.07.01.02.027
3737,Berge Fail,PERALATAN DAN MESIN,1.3.2.07.01.02.028
3738,Bistal End Cutter,PERALATAN DAN MESIN,1.3.2.07.01.02.029
3739,Bond Seater,PERALATAN DAN MESIN,1.3.2.07.01.02.030
3740,Boor Gigi,PERALATAN DAN MESIN,1.3.2.07.01.02.031
3741,Bracket Holder,PERALATAN DAN MESIN,1.3.2.07.01.02.032
3742,Burnisher,PERALATAN DAN MESIN,1.3.2.07.01.02.033
3743,Hand Piece,PERALATAN DAN MESIN,1.3.2.07.01.02.034
3744,Chisel,PERALATAN DAN MESIN,1.3.2.07.01.02.035
3745,Cirto Jec,PERALATAN DAN MESIN,1.3.2.07.01.02.036
3746,Contra Angel,PERALATAN DAN MESIN,1.3.2.07.01.02.037
3747,Crown Remover,PERALATAN DAN MESIN,1.3.2.07.01.02.038
3748,Cryer,PERALATAN DAN MESIN,1.3.2.07.01.02.039
3749,Curret Gigi,PERALATAN DAN MESIN,1.3.2.07.01.02.040
3750,Curret Lurus/Bengkok,PERALATAN DAN MESIN,1.3.2.07.01.02.041
3751,Cuvert,PERALATAN DAN MESIN,1.3.2.07.01.02.042
3752,Dillarosa,PERALATAN DAN MESIN,1.3.2.07.01.02.043
3753,Electro Lyte Polisher,PERALATAN DAN MESIN,1.3.2.07.01.02.044
3754,Engine Machine,PERALATAN DAN MESIN,1.3.2.07.01.02.045
3755,Engine Portable Lengkap,PERALATAN DAN MESIN,1.3.2.07.01.02.046
3756,Exkavator,PERALATAN DAN MESIN,1.3.2.07.01.02.047
3757,Finger Protector,PERALATAN DAN MESIN,1.3.2.07.01.02.048
3758,Hand Stuk/Hand Pice,PERALATAN DAN MESIN,1.3.2.07.01.02.049
3759,Handel Miss,PERALATAN DAN MESIN,1.3.2.07.01.02.050
3760,Heliosit - Heliomat,PERALATAN DAN MESIN,1.3.2.07.01.02.051
3761,Hendpiece Airbin 400.000 Rpm,PERALATAN DAN MESIN,1.3.2.07.01.02.052
3762,Hoestuk (Mikrometer),PERALATAN DAN MESIN,1.3.2.07.01.02.053
3763,How Flier Bengkok Lurus,PERALATAN DAN MESIN,1.3.2.07.01.02.054
3764,Intra Olral,PERALATAN DAN MESIN,1.3.2.07.01.02.055
3765,Jangka,PERALATAN DAN MESIN,1.3.2.07.01.02.056
3766,Jelenko Colid Bath,PERALATAN DAN MESIN,1.3.2.07.01.02.057
3767,Kaca Mulut/Spigel,PERALATAN DAN MESIN,1.3.2.07.01.02.058
3768,Kikir Gigi,PERALATAN DAN MESIN,1.3.2.07.01.02.059
3769,Knabel Tang (Alat Kedokteran Gigi),PERALATAN DAN MESIN,1.3.2.07.01.02.060
3770,Knope Sonda,PERALATAN DAN MESIN,1.3.2.07.01.02.061
3771,Laboratorium Hathe,PERALATAN DAN MESIN,1.3.2.07.01.02.062
3772,Laring Suprane Dental Unit Shimatic 20 cc/Fontell,PERALATAN DAN MESIN,1.3.2.07.01.02.063
3773,Laring Supreme Dental Unit,PERALATAN DAN MESIN,1.3.2.07.01.02.064
3774,Light Curing Unit,PERALATAN DAN MESIN,1.3.2.07.01.02.065
3775,LIP Retraktor,PERALATAN DAN MESIN,1.3.2.07.01.02.066
3776,Mouth Piece,PERALATAN DAN MESIN,1.3.2.07.01.02.067
3777,Motor Gigi Fora Tanpa Handpiece,PERALATAN DAN MESIN,1.3.2.07.01.02.068
3778,Mouth Retraktor,PERALATAN DAN MESIN,1.3.2.07.01.02.069
3779,Mouth Speder,PERALATAN DAN MESIN,1.3.2.07.01.02.070
3780,Odner Bending,PERALATAN DAN MESIN,1.3.2.07.01.02.071
3781,Okludator,PERALATAN DAN MESIN,1.3.2.07.01.02.072
3782,Palishing Motor,PERALATAN DAN MESIN,1.3.2.07.01.02.073
3783,Pengukur Bracket,PERALATAN DAN MESIN,1.3.2.07.01.02.074
3784,Physiodispenser Implant + Microsurgery,PERALATAN DAN MESIN,1.3.2.07.01.02.075
3785,PIK Hak Gigi,PERALATAN DAN MESIN,1.3.2.07.01.02.076
3786,Pinset Dental,PERALATAN DAN MESIN,1.3.2.07.01.02.077
3787,Pisau Lilin/Wasmess/Wax Knife,PERALATAN DAN MESIN,1.3.2.07.01.02.078
3788,Plastik Instrument,PERALATAN DAN MESIN,1.3.2.07.01.02.079
3789,Press Untuk Dua Kafet,PERALATAN DAN MESIN,1.3.2.07.01.02.080
3790,Press Untuk Satu Kapet,PERALATAN DAN MESIN,1.3.2.07.01.02.081
3791,Prostetic Engine,PERALATAN DAN MESIN,1.3.2.07.01.02.082
3792,Raspatorium,PERALATAN DAN MESIN,1.3.2.07.01.02.083
3793,Semen Stoper,PERALATAN DAN MESIN,1.3.2.07.01.02.084
3794,Shade Guide,PERALATAN DAN MESIN,1.3.2.07.01.02.085
3795,Slip Join,PERALATAN DAN MESIN,1.3.2.07.01.02.086
3796,Spatel Gips,PERALATAN DAN MESIN,1.3.2.07.01.02.087
3797,Speculum Gigi,PERALATAN DAN MESIN,1.3.2.07.01.02.088
3798,Spoot Welder,PERALATAN DAN MESIN,1.3.2.07.01.02.089
3799,Tang Clamer,PERALATAN DAN MESIN,1.3.2.07.01.02.090
3800,"Tang Ektrasi (Dewasa,Anak)",PERALATAN DAN MESIN,1.3.2.07.01.02.091
3801,Tang Omega,PERALATAN DAN MESIN,1.3.2.07.01.02.092
3802,Tang Pengukur Bracket Depan/Belakang,PERALATAN DAN MESIN,1.3.2.07.01.02.093
3803,Tang Rahang Bawah,PERALATAN DAN MESIN,1.3.2.07.01.02.094
3804,Tang Removable Appliance,PERALATAN DAN MESIN,1.3.2.07.01.02.095
3805,Tang Serba Guna,PERALATAN DAN MESIN,1.3.2.07.01.02.096
3806,Tang Set,PERALATAN DAN MESIN,1.3.2.07.01.02.097
3807,Tang Spatel/Kawat,PERALATAN DAN MESIN,1.3.2.07.01.02.098
3808,Tang Sporasi,PERALATAN DAN MESIN,1.3.2.07.01.02.099
3809,Tang Tulang,PERALATAN DAN MESIN,1.3.2.07.01.02.100
3810,Tastim Instrument Manual,PERALATAN DAN MESIN,1.3.2.07.01.02.101
3811,Vacuum Mixer,PERALATAN DAN MESIN,1.3.2.07.01.02.102
3812,Wang Hak,PERALATAN DAN MESIN,1.3.2.07.01.02.103
3813,Yudir Klem,PERALATAN DAN MESIN,1.3.2.07.01.02.104
3814,Zuig Kanule,PERALATAN DAN MESIN,1.3.2.07.01.02.105
3815,Infus Standard Mac High 2 M,PERALATAN DAN MESIN,1.3.2.07.01.02.106
3816,Kompresor Jun Air,PERALATAN DAN MESIN,1.3.2.07.01.02.107
3817,Prisma Life System (Sinar Halogen),PERALATAN DAN MESIN,1.3.2.07.01.02.108
3818,Compresor Gigi,PERALATAN DAN MESIN,1.3.2.07.01.02.109
3819,Scaller,PERALATAN DAN MESIN,1.3.2.07.01.02.110
3820,Scaller Callat Scalling,PERALATAN DAN MESIN,1.3.2.07.01.02.111
3821,Matrix,PERALATAN DAN MESIN,1.3.2.07.01.02.112
3822,Mortir and B Stamper,PERALATAN DAN MESIN,1.3.2.07.01.02.113
3823,Pisau Operasi/Scapel,PERALATAN DAN MESIN,1.3.2.07.01.02.114
3824,Pisau Crown/Lecron,PERALATAN DAN MESIN,1.3.2.07.01.02.115
3825,Bein,PERALATAN DAN MESIN,1.3.2.07.01.02.116
3826,Alat Ra Foto,PERALATAN DAN MESIN,1.3.2.07.01.02.117
3827,Tang Incicivus Atas Susu,PERALATAN DAN MESIN,1.3.2.07.01.02.118
3828,Tang Molare Atas Susu,PERALATAN DAN MESIN,1.3.2.07.01.02.119
3829,Tang Radix Atas Susu,PERALATAN DAN MESIN,1.3.2.07.01.02.120
3830,Tang Radix Bawah Susu,PERALATAN DAN MESIN,1.3.2.07.01.02.121
3831,Tang Incicivus Atas,PERALATAN DAN MESIN,1.3.2.07.01.02.122
3832,Tang Radix Posterior Atas,PERALATAN DAN MESIN,1.3.2.07.01.02.123
3833,Tang Radix Anterior Atas,PERALATAN DAN MESIN,1.3.2.07.01.02.124
3834,Tang Molar Atas Kiri,PERALATAN DAN MESIN,1.3.2.07.01.02.125
3835,Tang Molar Atas Kanan,PERALATAN DAN MESIN,1.3.2.07.01.02.126
3836,Tang Molar Bawah,PERALATAN DAN MESIN,1.3.2.07.01.02.127
3837,Tang Incicivus/Anterir Bawah,PERALATAN DAN MESIN,1.3.2.07.01.02.128
3838,Tang Radix Bawah,PERALATAN DAN MESIN,1.3.2.07.01.02.129
3839,Tang Molar Tiga Atas/Modifikasi,PERALATAN DAN MESIN,1.3.2.07.01.02.130
3840,Alat Espe Eliper,PERALATAN DAN MESIN,1.3.2.07.01.02.131
3841,Rasparaxtium,PERALATAN DAN MESIN,1.3.2.07.01.02.132
3842,Carving Amalgam,PERALATAN DAN MESIN,1.3.2.07.01.02.133
3843,Needle Halder,PERALATAN DAN MESIN,1.3.2.07.01.02.134
3844,alat kedokteran gigi  lainnya (dst),PERALATAN DAN MESIN,1.3.2.07.01.02.135
3845,ALAT KEDOKTERAN KELUARGA BERENCANA,PERALATAN DAN MESIN,1.3.2.07.01.03.000
3846,Genekologi Tabel,PERALATAN DAN MESIN,1.3.2.07.01.03.001
3847,Tromol Gaas,PERALATAN DAN MESIN,1.3.2.07.01.03.002
3848,Service Model Kit,PERALATAN DAN MESIN,1.3.2.07.01.03.003
3849,Speculum Model Kit,PERALATAN DAN MESIN,1.3.2.07.01.03.004
3850,Uterin Dressing,PERALATAN DAN MESIN,1.3.2.07.01.03.005
3851,Speculum,PERALATAN DAN MESIN,1.3.2.07.01.03.006
3852,Instrumen Tray,PERALATAN DAN MESIN,1.3.2.07.01.03.007
3853,Uterin Zone,PERALATAN DAN MESIN,1.3.2.07.01.03.008
3854,Extraktur IUD,PERALATAN DAN MESIN,1.3.2.07.01.03.009
3855,Model Implan,PERALATAN DAN MESIN,1.3.2.07.01.03.010
3856,Pengait IUD,PERALATAN DAN MESIN,1.3.2.07.01.03.011
3857,Trocar Implan,PERALATAN DAN MESIN,1.3.2.07.01.03.012
3858,Vasektomi Dissecting Clam,PERALATAN DAN MESIN,1.3.2.07.01.03.013
3859,Vasektomi Kit Fix Ing Clam,PERALATAN DAN MESIN,1.3.2.07.01.03.014
3860,alat kedokteran keluarga berencana  lainnya (dst),PERALATAN DAN MESIN,1.3.2.07.01.03.015
3861,ALAT KEDOKTERAN BEDAH,PERALATAN DAN MESIN,1.3.2.07.01.04.000
3862,Minor Surgeri Set,PERALATAN DAN MESIN,1.3.2.07.01.04.001
3863,Mayor Surgeri Set,PERALATAN DAN MESIN,1.3.2.07.01.04.002
3864,Nephrectomy Set,PERALATAN DAN MESIN,1.3.2.07.01.04.003
3865,Circumsision Set,PERALATAN DAN MESIN,1.3.2.07.01.04.004
3866,Orthopedy Set,PERALATAN DAN MESIN,1.3.2.07.01.04.005
3867,Rectum Set,PERALATAN DAN MESIN,1.3.2.07.01.04.006
3868,Tractheotomy Set,PERALATAN DAN MESIN,1.3.2.07.01.04.007
3869,Gastro Instestinal Set,PERALATAN DAN MESIN,1.3.2.07.01.04.008
3870,Blas And Urology Set,PERALATAN DAN MESIN,1.3.2.07.01.04.009
3871,Thyroidectomy Set,PERALATAN DAN MESIN,1.3.2.07.01.04.010
3872,Anaesthesi App,PERALATAN DAN MESIN,1.3.2.07.01.04.011
3873,Operating Table Bedah,PERALATAN DAN MESIN,1.3.2.07.01.04.012
3874,Electro Surgery Unit,PERALATAN DAN MESIN,1.3.2.07.01.04.013
3875,Endoscopy Unit,PERALATAN DAN MESIN,1.3.2.07.01.04.014
3876,Operating Microscope (Alat Kedokteran Bedah),PERALATAN DAN MESIN,1.3.2.07.01.04.015
3877,Cryo Surgery,PERALATAN DAN MESIN,1.3.2.07.01.04.016
3878,Ultra Sound Cleaner,PERALATAN DAN MESIN,1.3.2.07.01.04.017
3879,Colposcope (Alat Kedokteran Bedah),PERALATAN DAN MESIN,1.3.2.07.01.04.018
3880,Echotonometer,PERALATAN DAN MESIN,1.3.2.07.01.04.019
3881,Instalasi Gas Medik,PERALATAN DAN MESIN,1.3.2.07.01.04.020
3882,Laser Coagulator,PERALATAN DAN MESIN,1.3.2.07.01.04.021
3883,Mobile Operating Lamp,PERALATAN DAN MESIN,1.3.2.07.01.04.022
3884,Polygraph,PERALATAN DAN MESIN,1.3.2.07.01.04.023
3885,Mobile X-Ray C-Arm,PERALATAN DAN MESIN,1.3.2.07.01.04.024
3886,Abdomal Surgery Set,PERALATAN DAN MESIN,1.3.2.07.01.04.025
3887,Abdominal Spatulas,PERALATAN DAN MESIN,1.3.2.07.01.04.026
3888,Instrument Bedah Syaraf,PERALATAN DAN MESIN,1.3.2.07.01.04.027
3889,Allis Klem,PERALATAN DAN MESIN,1.3.2.07.01.04.028
3890,Amputation Surgery Set,PERALATAN DAN MESIN,1.3.2.07.01.04.029
3891,"Anuscope (Anak,Dewasa)",PERALATAN DAN MESIN,1.3.2.07.01.04.030
3892,Anuscopy Set,PERALATAN DAN MESIN,1.3.2.07.01.04.031
3893,Operating Teaches Light Strestes,PERALATAN DAN MESIN,1.3.2.07.01.04.032
3894,Appendectomy Instrumen Set,PERALATAN DAN MESIN,1.3.2.07.01.04.033
3895,Approach Sinator,PERALATAN DAN MESIN,1.3.2.07.01.04.034
3896,Arthroscopy,PERALATAN DAN MESIN,1.3.2.07.01.04.035
3897,Basic Surgical Instrument,PERALATAN DAN MESIN,1.3.2.07.01.04.036
3898,Biopsi Forceps TB.100 (Olympus),PERALATAN DAN MESIN,1.3.2.07.01.04.037
3899,Biopsi Tang,PERALATAN DAN MESIN,1.3.2.07.01.04.038
3900,Boor Listrik,PERALATAN DAN MESIN,1.3.2.07.01.04.039
3901,"Bougie (Higar, Metal,Urethra)",PERALATAN DAN MESIN,1.3.2.07.01.04.040
3902,Buldog,PERALATAN DAN MESIN,1.3.2.07.01.04.041
3903,Burn Tang Lengkap Dengan Lift,PERALATAN DAN MESIN,1.3.2.07.01.04.042
3904,Busteustinal Clam Curved,PERALATAN DAN MESIN,1.3.2.07.01.04.043
3905,C B D,PERALATAN DAN MESIN,1.3.2.07.01.04.044
3906,Canule,PERALATAN DAN MESIN,1.3.2.07.01.04.045
3907,Ceiling Operating Lamp 7 M Halogen,PERALATAN DAN MESIN,1.3.2.07.01.04.046
3908,Child Basic Instrument Set,PERALATAN DAN MESIN,1.3.2.07.01.04.047
3909,Choledofiberscope,PERALATAN DAN MESIN,1.3.2.07.01.04.048
3910,Chromovision,PERALATAN DAN MESIN,1.3.2.07.01.04.049
3911,Clips Forcep,PERALATAN DAN MESIN,1.3.2.07.01.04.050
3912,Colone Fiberscope,PERALATAN DAN MESIN,1.3.2.07.01.04.051
3913,Comiatun Set,PERALATAN DAN MESIN,1.3.2.07.01.04.052
3914,Curve Long Rirtonal,PERALATAN DAN MESIN,1.3.2.07.01.04.053
3915,Cusa Cover,PERALATAN DAN MESIN,1.3.2.07.01.04.054
3916,Cutting Mikro Spacement,PERALATAN DAN MESIN,1.3.2.07.01.04.055
3917,Cystoscopy,PERALATAN DAN MESIN,1.3.2.07.01.04.056
3918,Czerny Gall Stone Forceps,PERALATAN DAN MESIN,1.3.2.07.01.04.057
3919,Deaver Rectraktor,PERALATAN DAN MESIN,1.3.2.07.01.04.058
3920,Debaky Aortile Aneorysm Clamp,PERALATAN DAN MESIN,1.3.2.07.01.04.059
3921,Debaky Cardiovascular Scissors,PERALATAN DAN MESIN,1.3.2.07.01.04.060
3922,Debaky Pean Forceps Cun,PERALATAN DAN MESIN,1.3.2.07.01.04.061
3923,Deower Retractor,PERALATAN DAN MESIN,1.3.2.07.01.04.062
3924,Desjardin Galls T Scoop Fig,PERALATAN DAN MESIN,1.3.2.07.01.04.063
3925,Dopscan,PERALATAN DAN MESIN,1.3.2.07.01.04.064
3926,Dual Temperature Steam Stirilizer,PERALATAN DAN MESIN,1.3.2.07.01.04.065
3927,"Duck Klem (Besar,Kecil)",PERALATAN DAN MESIN,1.3.2.07.01.04.066
3928,Dupal,PERALATAN DAN MESIN,1.3.2.07.01.04.067
3929,Electric Suction Pump,PERALATAN DAN MESIN,1.3.2.07.01.04.068
3930,Electric Table,PERALATAN DAN MESIN,1.3.2.07.01.04.069
3931,Electric Cauter,PERALATAN DAN MESIN,1.3.2.07.01.04.070
3932,Emergency Trolley,PERALATAN DAN MESIN,1.3.2.07.01.04.071
3933,Endophare,PERALATAN DAN MESIN,1.3.2.07.01.04.072
3934,Examination Light,PERALATAN DAN MESIN,1.3.2.07.01.04.073
3935,Fuged Air Lig And Diss Pcs,PERALATAN DAN MESIN,1.3.2.07.01.04.074
3936,Gagang Bisturi/Handput Pisau/Scapel,PERALATAN DAN MESIN,1.3.2.07.01.04.075
3937,Garpu/Rectractor,PERALATAN DAN MESIN,1.3.2.07.01.04.076
3938,Gayon Renal Pedicle Clam,PERALATAN DAN MESIN,1.3.2.07.01.04.077
3939,Gergaji Gips Biasa,PERALATAN DAN MESIN,1.3.2.07.01.04.078
3940,Gergaji Gips Listrik,PERALATAN DAN MESIN,1.3.2.07.01.04.079
3941,Gynaecologi Operating Set,PERALATAN DAN MESIN,1.3.2.07.01.04.080
3942,Hak Langen Beck,PERALATAN DAN MESIN,1.3.2.07.01.04.081
3943,Hak Pembuka Otot,PERALATAN DAN MESIN,1.3.2.07.01.04.082
3944,Heacting Set,PERALATAN DAN MESIN,1.3.2.07.01.04.083
3945,Hend Surgical Set,PERALATAN DAN MESIN,1.3.2.07.01.04.084
3946,Herniotomi Set,PERALATAN DAN MESIN,1.3.2.07.01.04.085
3947,Hernia Instrumen Set,PERALATAN DAN MESIN,1.3.2.07.01.04.086
3948,Hoesel,PERALATAN DAN MESIN,1.3.2.07.01.04.087
3949,Instrument Pin,PERALATAN DAN MESIN,1.3.2.07.01.04.088
3950,Instrument Lany,PERALATAN DAN MESIN,1.3.2.07.01.04.089
3951,Intestinal Instrument,PERALATAN DAN MESIN,1.3.2.07.01.04.090
3952,Israel Retractor,PERALATAN DAN MESIN,1.3.2.07.01.04.091
3953,Jacob Yuls Forceps,PERALATAN DAN MESIN,1.3.2.07.01.04.092
3954,Jening Mouth,PERALATAN DAN MESIN,1.3.2.07.01.04.093
3955,Kien Nail,PERALATAN DAN MESIN,1.3.2.07.01.04.094
3956,"Kikir Osteotomi (Lengkung,Lurus)",PERALATAN DAN MESIN,1.3.2.07.01.04.095
3957,Klem Jaringan,PERALATAN DAN MESIN,1.3.2.07.01.04.096
3958,Klem Pangkal,PERALATAN DAN MESIN,1.3.2.07.01.04.097
3959,Knabel Tang (Alat Kedokteran Bedah),PERALATAN DAN MESIN,1.3.2.07.01.04.098
3960,Kocher Atizu Intest Foceps,PERALATAN DAN MESIN,1.3.2.07.01.04.099
3961,Kocher Rectraktor,PERALATAN DAN MESIN,1.3.2.07.01.04.100
3962,Kocherpis Sonde,PERALATAN DAN MESIN,1.3.2.07.01.04.101
3963,Kom Kompres (Alat Kedokteran Bedah),PERALATAN DAN MESIN,1.3.2.07.01.04.102
3964,Kom Novocain,PERALATAN DAN MESIN,1.3.2.07.01.04.103
3965,Kursi Zeis,PERALATAN DAN MESIN,1.3.2.07.01.04.104
3966,Laminectomy Set,PERALATAN DAN MESIN,1.3.2.07.01.04.105
3967,Langen Back Retractor,PERALATAN DAN MESIN,1.3.2.07.01.04.106
3968,Laparatomi Set,PERALATAN DAN MESIN,1.3.2.07.01.04.107
3969,Laparoscopy Cholecystectomy,PERALATAN DAN MESIN,1.3.2.07.01.04.108
3970,Laringecetomi Set,PERALATAN DAN MESIN,1.3.2.07.01.04.109
3971,Lawrece Disecting Forceps,PERALATAN DAN MESIN,1.3.2.07.01.04.110
3972,Life Care Pump,PERALATAN DAN MESIN,1.3.2.07.01.04.111
3973,Mainzlo Scisor,PERALATAN DAN MESIN,1.3.2.07.01.04.112
3974,Manual Amprytation Set,PERALATAN DAN MESIN,1.3.2.07.01.04.113
3975,Marinus Intstimal And Stomah Fcps,PERALATAN DAN MESIN,1.3.2.07.01.04.114
3976,Masquito Klem,PERALATAN DAN MESIN,1.3.2.07.01.04.115
3977,Mayo Blake Galls Tone Forceps,PERALATAN DAN MESIN,1.3.2.07.01.04.116
3978,"Mayo Table Stand Mobile, Stainles Steel",PERALATAN DAN MESIN,1.3.2.07.01.04.117
3979,Mayo Vaginal Ugosit Set,PERALATAN DAN MESIN,1.3.2.07.01.04.118
3980,Meeker Disection Clamp,PERALATAN DAN MESIN,1.3.2.07.01.04.119
3981,Meja Gynokologie,PERALATAN DAN MESIN,1.3.2.07.01.04.120
3982,Meja Opel Model Recal 700,PERALATAN DAN MESIN,1.3.2.07.01.04.121
3983,Meja Operasi Minor,PERALATAN DAN MESIN,1.3.2.07.01.04.122
3984,Mesh Graft Dermatome,PERALATAN DAN MESIN,1.3.2.07.01.04.123
3985,Micro E Controller,PERALATAN DAN MESIN,1.3.2.07.01.04.124
3986,Micro Surgery Set,PERALATAN DAN MESIN,1.3.2.07.01.04.125
3987,Miiddledorff Rectraktor,PERALATAN DAN MESIN,1.3.2.07.01.04.126
3988,Mikulit,PERALATAN DAN MESIN,1.3.2.07.01.04.127
3989,Milculica Pertal Full Cvd,PERALATAN DAN MESIN,1.3.2.07.01.04.128
3990,Minor Anesthetic Apparatus,PERALATAN DAN MESIN,1.3.2.07.01.04.129
3991,Minor Basic Set,PERALATAN DAN MESIN,1.3.2.07.01.04.130
3992,Mixter Disecting Forceps,PERALATAN DAN MESIN,1.3.2.07.01.04.131
3993,Multipurpose Operating Table With Standard Accessories,PERALATAN DAN MESIN,1.3.2.07.01.04.132
3994,Mytle Prube (LEAP),PERALATAN DAN MESIN,1.3.2.07.01.04.133
3995,O HAAK,PERALATAN DAN MESIN,1.3.2.07.01.04.134
3996,Operating Tekvation,PERALATAN DAN MESIN,1.3.2.07.01.04.135
3997,Orthopedi Instrument Set,PERALATAN DAN MESIN,1.3.2.07.01.04.136
3998,"Osteotomi Knife (Lengkung,Lurus)",PERALATAN DAN MESIN,1.3.2.07.01.04.137
3999,Park Rectractor,PERALATAN DAN MESIN,1.3.2.07.01.04.138
4000,Part Director,PERALATAN DAN MESIN,1.3.2.07.01.04.139
4001,Perforator 50 Electric,PERALATAN DAN MESIN,1.3.2.07.01.04.140
4002,Pinset Bayonet (Alat Kedokteran Bedah),PERALATAN DAN MESIN,1.3.2.07.01.04.141
4003,Pinset Klem,PERALATAN DAN MESIN,1.3.2.07.01.04.142
4004,Pistol (Ramratial Szannor),PERALATAN DAN MESIN,1.3.2.07.01.04.143
4005,Plastic Surgery,PERALATAN DAN MESIN,1.3.2.07.01.04.144
4006,Probe,PERALATAN DAN MESIN,1.3.2.07.01.04.145
4007,Rectal Apuraty Set,PERALATAN DAN MESIN,1.3.2.07.01.04.146
4008,Rectasiguwi Tescophy,PERALATAN DAN MESIN,1.3.2.07.01.04.147
4009,Rectum Canule,PERALATAN DAN MESIN,1.3.2.07.01.04.148
4010,Resectoscope Set,PERALATAN DAN MESIN,1.3.2.07.01.04.149
4011,Retractor,PERALATAN DAN MESIN,1.3.2.07.01.04.150
4012,Rige Led Mixer,PERALATAN DAN MESIN,1.3.2.07.01.04.151
4013,Roux Rectraktor,PERALATAN DAN MESIN,1.3.2.07.01.04.152
4014,Set Haemoroid,PERALATAN DAN MESIN,1.3.2.07.01.04.153
4015,Set Kidney,PERALATAN DAN MESIN,1.3.2.07.01.04.154
4016,Set Klem Hepar,PERALATAN DAN MESIN,1.3.2.07.01.04.155
4017,Set Laparoscope,PERALATAN DAN MESIN,1.3.2.07.01.04.156
4018,Set Sonde Urologi,PERALATAN DAN MESIN,1.3.2.07.01.04.157
4019,Set Statuisky,PERALATAN DAN MESIN,1.3.2.07.01.04.158
4020,Set Thoracotomy,PERALATAN DAN MESIN,1.3.2.07.01.04.159
4021,Set Vasculer,PERALATAN DAN MESIN,1.3.2.07.01.04.160
4022,Sigmoid Clam,PERALATAN DAN MESIN,1.3.2.07.01.04.161
4023,Skin Hook,PERALATAN DAN MESIN,1.3.2.07.01.04.162
4024,Sponge Holding,PERALATAN DAN MESIN,1.3.2.07.01.04.163
4025,Star Fand,PERALATAN DAN MESIN,1.3.2.07.01.04.164
4026,Stright Long Rirtonal,PERALATAN DAN MESIN,1.3.2.07.01.04.165
4027,STSG,PERALATAN DAN MESIN,1.3.2.07.01.04.166
4028,Surgery For Cancer Of The Oeskoplesus,PERALATAN DAN MESIN,1.3.2.07.01.04.167
4029,Surgical Forsep,PERALATAN DAN MESIN,1.3.2.07.01.04.168
4030,Surgical Instrument Basic,PERALATAN DAN MESIN,1.3.2.07.01.04.169
4031,Surgical Instrument,PERALATAN DAN MESIN,1.3.2.07.01.04.170
4032,Surgical Siazes,PERALATAN DAN MESIN,1.3.2.07.01.04.171
4033,Surgical Slym,PERALATAN DAN MESIN,1.3.2.07.01.04.172
4034,Syringe Pump (Alat Kedokteran Bedah),PERALATAN DAN MESIN,1.3.2.07.01.04.173
4035,Tang Mazeuk,PERALATAN DAN MESIN,1.3.2.07.01.04.174
4036,TC Stexidord SCS BL-BL STRr,PERALATAN DAN MESIN,1.3.2.07.01.04.175
4037,Thoracotomy Set,PERALATAN DAN MESIN,1.3.2.07.01.04.176
4038,Thorasic Orthopedi Surgery Set,PERALATAN DAN MESIN,1.3.2.07.01.04.177
4039,Tracheotomy Set (Alat Kedokteran Bedah),PERALATAN DAN MESIN,1.3.2.07.01.04.178
4040,Trapomation Set,PERALATAN DAN MESIN,1.3.2.07.01.04.179
4041,Tricar Jarum,PERALATAN DAN MESIN,1.3.2.07.01.04.180
4042,Troicart (Alat Kedokteran Bedah),PERALATAN DAN MESIN,1.3.2.07.01.04.181
4043,Turner Warwick Gall Ston Fcf,PERALATAN DAN MESIN,1.3.2.07.01.04.182
4044,Urological Surgery Set,PERALATAN DAN MESIN,1.3.2.07.01.04.183
4045,Vaginal Hytrectomy,PERALATAN DAN MESIN,1.3.2.07.01.04.184
4046,Vena Sectic Set,PERALATAN DAN MESIN,1.3.2.07.01.04.185
4047,Verband Set,PERALATAN DAN MESIN,1.3.2.07.01.04.186
4048,Vesual Caesar,PERALATAN DAN MESIN,1.3.2.07.01.04.187
4049,Wound Hak,PERALATAN DAN MESIN,1.3.2.07.01.04.188
4050,Zeis,PERALATAN DAN MESIN,1.3.2.07.01.04.189
4051,alat kedokteran bedah  lainnya (dst),PERALATAN DAN MESIN,1.3.2.07.01.04.190
4052,ALAT KESEHATAN KEBIDANAN DAN PENYAKIT KANDUNGAN,PERALATAN DAN MESIN,1.3.2.07.01.05.000
4053,Normal Delevey Set,PERALATAN DAN MESIN,1.3.2.07.01.05.001
4054,Hysterectomy Set,PERALATAN DAN MESIN,1.3.2.07.01.05.002
4055,Caesarean Section Set,PERALATAN DAN MESIN,1.3.2.07.01.05.003
4056,Pathologikal Delivery Set,PERALATAN DAN MESIN,1.3.2.07.01.05.004
4057,Embryotomy Set,PERALATAN DAN MESIN,1.3.2.07.01.05.005
4058,Vaginal Sterilization,PERALATAN DAN MESIN,1.3.2.07.01.05.006
4059,Perinatologi Set,PERALATAN DAN MESIN,1.3.2.07.01.05.007
4060,Curetage And Dilation Set,PERALATAN DAN MESIN,1.3.2.07.01.05.008
4061,Vaginal Repair Set,PERALATAN DAN MESIN,1.3.2.07.01.05.009
4062,Basic Obstetric Set,PERALATAN DAN MESIN,1.3.2.07.01.05.010
4063,Gynecological Examining Table,PERALATAN DAN MESIN,1.3.2.07.01.05.011
4064,Operating Table For Gynecologi,PERALATAN DAN MESIN,1.3.2.07.01.05.012
4065,Trubes Stethoscop,PERALATAN DAN MESIN,1.3.2.07.01.05.013
4066,Irrigator Stand Single,PERALATAN DAN MESIN,1.3.2.07.01.05.014
4067,Irrigator Botlo Complete With Irrigating Tube,PERALATAN DAN MESIN,1.3.2.07.01.05.015
4068,Blader Syringe Complete,PERALATAN DAN MESIN,1.3.2.07.01.05.016
4069,Nelaton Chateter Urethal Ruber Catheter 12-14-16-18FR,PERALATAN DAN MESIN,1.3.2.07.01.05.017
4070,Metal Catheter For Female No.8.9.10.11 Depan Bengkok,PERALATAN DAN MESIN,1.3.2.07.01.05.018
4071,Umbilical Clam,PERALATAN DAN MESIN,1.3.2.07.01.05.019
4072,Umbilical Soissor 16 Cm Stainless Steel,PERALATAN DAN MESIN,1.3.2.07.01.05.020
4073,Umbilical Cord Replaiting Set Instrumens,PERALATAN DAN MESIN,1.3.2.07.01.05.021
4074,Plasenta Basis Stainless Steel,PERALATAN DAN MESIN,1.3.2.07.01.05.022
4075,Baby Bath Tub,PERALATAN DAN MESIN,1.3.2.07.01.05.023
4076,Scale For New Born Baby Capasity 15 Kgs,PERALATAN DAN MESIN,1.3.2.07.01.05.024
4077,Indewaling Catheter Infan Feading,PERALATAN DAN MESIN,1.3.2.07.01.05.025
4078,Premature Infans Incubator,PERALATAN DAN MESIN,1.3.2.07.01.05.026
4079,Oxygen Regulator,PERALATAN DAN MESIN,1.3.2.07.01.05.027
4080,Oxygen Recisitator For Infans,PERALATAN DAN MESIN,1.3.2.07.01.05.028
4081,Hiswivery Cufit Bag,PERALATAN DAN MESIN,1.3.2.07.01.05.029
4082,Intravenous Giving Set,PERALATAN DAN MESIN,1.3.2.07.01.05.030
4083,Cusco Vaginal Speculum Size L.S.M,PERALATAN DAN MESIN,1.3.2.07.01.05.031
4084,Crages Vaginal Speculum Size L.S.M,PERALATAN DAN MESIN,1.3.2.07.01.05.032
4085,Kresteler Vaginal Speculum,PERALATAN DAN MESIN,1.3.2.07.01.05.033
4086,Sinson Vaginal Retractor Size L.S.M,PERALATAN DAN MESIN,1.3.2.07.01.05.034
4087,Braun Uterine Syringe,PERALATAN DAN MESIN,1.3.2.07.01.05.035
4088,Dilator For Eclamsia Set Of 8 Pcs,PERALATAN DAN MESIN,1.3.2.07.01.05.036
4089,Uterine Catheter Dilating & Irrigating Steel,PERALATAN DAN MESIN,1.3.2.07.01.05.037
4090,Sinon Uterine Scoope 24 Cm Stainless Steel,PERALATAN DAN MESIN,1.3.2.07.01.05.038
4091,Bosemen Tampon Forceps 25 Cm Stainless Steel,PERALATAN DAN MESIN,1.3.2.07.01.05.039
4092,Schroder Vulselum Forceps 13 Cm Stainless,PERALATAN DAN MESIN,1.3.2.07.01.05.040
4093,Schroder Vulselum Forceps,PERALATAN DAN MESIN,1.3.2.07.01.05.041
4094,Plasenta Forceps 28 Cm Stainless Steel,PERALATAN DAN MESIN,1.3.2.07.01.05.042
4095,Sim Utarine Currete Blunt Sharp No.1 No.425 Cm SS,PERALATAN DAN MESIN,1.3.2.07.01.05.043
4096,Uterine Scoope With Burts 24 Cm SS,PERALATAN DAN MESIN,1.3.2.07.01.05.044
4097,Uterine Biopsy Punc 24 Cm Stainless Steel,PERALATAN DAN MESIN,1.3.2.07.01.05.045
4098,Thom Geylor Specement 22 Cm Stainless Steel,PERALATAN DAN MESIN,1.3.2.07.01.05.046
4099,"Siebold Uterine Scissor 24,5 Cm Stainless Steel",PERALATAN DAN MESIN,1.3.2.07.01.05.047
4100,"Naegle Obsterical Forceps 35,5 Cm Stainless Steel",PERALATAN DAN MESIN,1.3.2.07.01.05.048
4101,Kielland Obsterical Forceps 38 Cm Stainless Steel,PERALATAN DAN MESIN,1.3.2.07.01.05.049
4102,Piper Obsterical Forceps 44 Cm Stainless Steel,PERALATAN DAN MESIN,1.3.2.07.01.05.050
4103,Naegle Perferator 27 Cm Stainless Steel,PERALATAN DAN MESIN,1.3.2.07.01.05.051
4104,Vacuum Extractor (Alat Kesehatan Kebidanan Dan Penyakit Kandungan,PERALATAN DAN MESIN,1.3.2.07.01.05.052
4105,Foetal Monitoring,PERALATAN DAN MESIN,1.3.2.07.01.05.053
4106,Kymograhy Hydro/Co2,PERALATAN DAN MESIN,1.3.2.07.01.05.054
4107,Cardiotocography,PERALATAN DAN MESIN,1.3.2.07.01.05.055
4108,Electro Cardiography (Alat Kes. Kebidanan & Penyakit Kandungan),PERALATAN DAN MESIN,1.3.2.07.01.05.056
4109,Neonatal Resuscitation,PERALATAN DAN MESIN,1.3.2.07.01.05.057
4110,Baby Incubator (Alat Kesehatan Kebidanan Dan Penyakit Kandungan),PERALATAN DAN MESIN,1.3.2.07.01.05.058
4111,Abortus Tang,PERALATAN DAN MESIN,1.3.2.07.01.05.059
4112,Adult Volume Ventilator,PERALATAN DAN MESIN,1.3.2.07.01.05.060
4113,Alat Partus Set,PERALATAN DAN MESIN,1.3.2.07.01.05.061
4114,Aligator,PERALATAN DAN MESIN,1.3.2.07.01.05.062
4115,Angkat Agraf Set,PERALATAN DAN MESIN,1.3.2.07.01.05.063
4116,Automatic Blood Cheminaryan Analizer (Hitachi),PERALATAN DAN MESIN,1.3.2.07.01.05.064
4117,Basto Vaginal Instrument Set,PERALATAN DAN MESIN,1.3.2.07.01.05.065
4118,Bois Pump,PERALATAN DAN MESIN,1.3.2.07.01.05.066
4119,Bone Cutting Forcep Roger,PERALATAN DAN MESIN,1.3.2.07.01.05.067
4120,Bone Holder Forcep Regular,PERALATAN DAN MESIN,1.3.2.07.01.05.068
4121,Bongil Cosophagles/Sewart,PERALATAN DAN MESIN,1.3.2.07.01.05.069
4122,Born Curret,PERALATAN DAN MESIN,1.3.2.07.01.05.070
4123,Born Retektor,PERALATAN DAN MESIN,1.3.2.07.01.05.071
4124,Breast Pump,PERALATAN DAN MESIN,1.3.2.07.01.05.072
4125,Buslo Nasinal Instrument,PERALATAN DAN MESIN,1.3.2.07.01.05.073
4126,Calpohaply Set,PERALATAN DAN MESIN,1.3.2.07.01.05.074
4127,Canule Vaccum Curret,PERALATAN DAN MESIN,1.3.2.07.01.05.075
4128,Cardiotocography Unit,PERALATAN DAN MESIN,1.3.2.07.01.05.076
4129,Colposcope (Alat Kesehatan Kebidanan Dan Penyakit Kandungan),PERALATAN DAN MESIN,1.3.2.07.01.05.077
4130,Combined Vacuum Estractor & Curetage,PERALATAN DAN MESIN,1.3.2.07.01.05.078
4131,Cryosurgery,PERALATAN DAN MESIN,1.3.2.07.01.05.079
4132,Cup Vaccum Ektraksi,PERALATAN DAN MESIN,1.3.2.07.01.05.080
4133,Dopler (Fetal Heart Sound Detector),PERALATAN DAN MESIN,1.3.2.07.01.05.081
4134,Dikapitasi Hak,PERALATAN DAN MESIN,1.3.2.07.01.05.082
4135,Flash Monted Box 54 Demision,PERALATAN DAN MESIN,1.3.2.07.01.05.083
4136,Foethal Phone,PERALATAN DAN MESIN,1.3.2.07.01.05.084
4137,Forcep Fulture,PERALATAN DAN MESIN,1.3.2.07.01.05.085
4138,Forceps Neagle/Kieland/Piper,PERALATAN DAN MESIN,1.3.2.07.01.05.086
4139,Granid Clas,PERALATAN DAN MESIN,1.3.2.07.01.05.087
4140,Gynecology Examination Set,PERALATAN DAN MESIN,1.3.2.07.01.05.088
4141,HPP Set,PERALATAN DAN MESIN,1.3.2.07.01.05.089
4142,Hysteroscope,PERALATAN DAN MESIN,1.3.2.07.01.05.090
4143,Instrument Boiler,PERALATAN DAN MESIN,1.3.2.07.01.05.091
4144,"Instrument Trolley, Stainless Steel",PERALATAN DAN MESIN,1.3.2.07.01.05.092
4145,Kogel Tang,PERALATAN DAN MESIN,1.3.2.07.01.05.093
4146,Kymograhic Tubal Insufpaltiang,PERALATAN DAN MESIN,1.3.2.07.01.05.094
4147,Lampu Gynaecologi,PERALATAN DAN MESIN,1.3.2.07.01.05.095
4148,Lead Sit With Recable Electric Mell,PERALATAN DAN MESIN,1.3.2.07.01.05.096
4149,Longtissu Forcep,PERALATAN DAN MESIN,1.3.2.07.01.05.097
4150,Mayor Vaginal,PERALATAN DAN MESIN,1.3.2.07.01.05.098
4151,Minilaparatomy Instrument Set,PERALATAN DAN MESIN,1.3.2.07.01.05.099
4152,Miswivery Outfitbag,PERALATAN DAN MESIN,1.3.2.07.01.05.100
4153,More Lip Protesis,PERALATAN DAN MESIN,1.3.2.07.01.05.101
4154,Nasinal Hytrektomi,PERALATAN DAN MESIN,1.3.2.07.01.05.102
4155,Obstetric Diagnostic Kit,PERALATAN DAN MESIN,1.3.2.07.01.05.103
4156,Oxygen Therapy Set,PERALATAN DAN MESIN,1.3.2.07.01.05.104
4157,Partus Instrument Set,PERALATAN DAN MESIN,1.3.2.07.01.05.105
4158,Pemecah Ketuban,PERALATAN DAN MESIN,1.3.2.07.01.05.106
4159,Pengait Brawn,PERALATAN DAN MESIN,1.3.2.07.01.05.107
4160,Pengukur Panggul,PERALATAN DAN MESIN,1.3.2.07.01.05.108
4161,Resusitator Untuk Baby Ambu,PERALATAN DAN MESIN,1.3.2.07.01.05.109
4162,Retractor (Simon Vaginal Retractor),PERALATAN DAN MESIN,1.3.2.07.01.05.110
4163,Sendok Curret,PERALATAN DAN MESIN,1.3.2.07.01.05.111
4164,Sonde Lurus,PERALATAN DAN MESIN,1.3.2.07.01.05.112
4165,Sonde Uterus (Alat Kesehatan Kebidanan Dan Penyakit Kandungan),PERALATAN DAN MESIN,1.3.2.07.01.05.113
4166,Stainless Steel Ware Set,PERALATAN DAN MESIN,1.3.2.07.01.05.114
4167,Stretur Wira,PERALATAN DAN MESIN,1.3.2.07.01.05.115
4168,Sutere Episiotomi Set,PERALATAN DAN MESIN,1.3.2.07.01.05.116
4169,Tampon Tang,PERALATAN DAN MESIN,1.3.2.07.01.05.117
4170,Toraxis Catheter,PERALATAN DAN MESIN,1.3.2.07.01.05.118
4171,U S G For Obsgyn,PERALATAN DAN MESIN,1.3.2.07.01.05.119
4172,Uterial Clamp,PERALATAN DAN MESIN,1.3.2.07.01.05.120
4173,Uterine Dressing Forceps 23 Cm Stainless Steel,PERALATAN DAN MESIN,1.3.2.07.01.05.121
4174,Vasikal Vaginal Petrolarepair Set,PERALATAN DAN MESIN,1.3.2.07.01.05.122
4175,Visical Vaginal Futula Repair Set,PERALATAN DAN MESIN,1.3.2.07.01.05.123
4176,Alat Periksa Kehamilan,PERALATAN DAN MESIN,1.3.2.07.01.05.124
4177,Scherm,PERALATAN DAN MESIN,1.3.2.07.01.05.125
4178,Toples,PERALATAN DAN MESIN,1.3.2.07.01.05.126
4179,Pinset Chirurigris,PERALATAN DAN MESIN,1.3.2.07.01.05.127
4180,Nalfolder,PERALATAN DAN MESIN,1.3.2.07.01.05.128
4181,Klem (Alat Kesehatan Kebidanan Dan Penyakit Kandungan),PERALATAN DAN MESIN,1.3.2.07.01.05.129
4182,Cardio Aid,PERALATAN DAN MESIN,1.3.2.07.01.05.130
4183,Tabung Periksa Uric,PERALATAN DAN MESIN,1.3.2.07.01.05.131
4184,Koher Tang,PERALATAN DAN MESIN,1.3.2.07.01.05.132
4185,Ekg Manual,PERALATAN DAN MESIN,1.3.2.07.01.05.133
4186,alat kesehatan kebidanan dan penyakit kandungan  lainnya (dst),PERALATAN DAN MESIN,1.3.2.07.01.05.134
4187,ALAT KEDOKTERAN THT,PERALATAN DAN MESIN,1.3.2.07.01.06.000
4188,Ear Diagnosis Set,PERALATAN DAN MESIN,1.3.2.07.01.06.001
4189,Nose Diagnosis Set,PERALATAN DAN MESIN,1.3.2.07.01.06.002
4190,Throat Diagnosis Set,PERALATAN DAN MESIN,1.3.2.07.01.06.003
4191,Mastoidectomy Set,PERALATAN DAN MESIN,1.3.2.07.01.06.004
4192,Tonsilectomy Set,PERALATAN DAN MESIN,1.3.2.07.01.06.005
4193,Audiometer (Alat Kedokteran Tht),PERALATAN DAN MESIN,1.3.2.07.01.06.006
4194,Portable Diagnostic (Alat Kedokteran THT),PERALATAN DAN MESIN,1.3.2.07.01.06.007
4195,Soundprocibox (Alat Kedokteran Tht),PERALATAN DAN MESIN,1.3.2.07.01.06.008
4196,Diagnostic Lamp (Alat Kedokteran Tht),PERALATAN DAN MESIN,1.3.2.07.01.06.009
4197,Othoscope,PERALATAN DAN MESIN,1.3.2.07.01.06.010
4198,ENT Treatment,PERALATAN DAN MESIN,1.3.2.07.01.06.011
4199,Sinuscope,PERALATAN DAN MESIN,1.3.2.07.01.06.012
4200,Rhinoscope,PERALATAN DAN MESIN,1.3.2.07.01.06.013
4201,Pharyngoscope,PERALATAN DAN MESIN,1.3.2.07.01.06.014
4202,Laryngoscope,PERALATAN DAN MESIN,1.3.2.07.01.06.015
4203,Nasofaringoscope,PERALATAN DAN MESIN,1.3.2.07.01.06.016
4204,Respiration Apparatus,PERALATAN DAN MESIN,1.3.2.07.01.06.017
4205,Minor Electro Surgery,PERALATAN DAN MESIN,1.3.2.07.01.06.018
4206,Evoke Response Potensial (Alat Kedokteran THT),PERALATAN DAN MESIN,1.3.2.07.01.06.019
4207,Adenoid Curretes,PERALATAN DAN MESIN,1.3.2.07.01.06.020
4208,Applicator Farrel,PERALATAN DAN MESIN,1.3.2.07.01.06.021
4209,Atrum Sonden,PERALATAN DAN MESIN,1.3.2.07.01.06.022
4210,Audiometer Unit,PERALATAN DAN MESIN,1.3.2.07.01.06.023
4211,Othoscope Maching Haline,PERALATAN DAN MESIN,1.3.2.07.01.06.024
4212,Basic Ent Instrument Set,PERALATAN DAN MESIN,1.3.2.07.01.06.025
4213,Beitel Cekung/Datar,PERALATAN DAN MESIN,1.3.2.07.01.06.026
4214,Binocular Loupe,PERALATAN DAN MESIN,1.3.2.07.01.06.027
4215,Bond Curetage,PERALATAN DAN MESIN,1.3.2.07.01.06.028
4216,Bronchoscoop,PERALATAN DAN MESIN,1.3.2.07.01.06.029
4217,Bugie Sinus,PERALATAN DAN MESIN,1.3.2.07.01.06.030
4218,Cold Light Sumuk,PERALATAN DAN MESIN,1.3.2.07.01.06.031
4219,Cold Well Luc,PERALATAN DAN MESIN,1.3.2.07.01.06.032
4220,Canule Hidung,PERALATAN DAN MESIN,1.3.2.07.01.06.033
4221,Canule Falif Tang,PERALATAN DAN MESIN,1.3.2.07.01.06.034
4222,Canule Mulut,PERALATAN DAN MESIN,1.3.2.07.01.06.035
4223,Canule Sachen Hidung,PERALATAN DAN MESIN,1.3.2.07.01.06.036
4224,Canule Sachen Mulut,PERALATAN DAN MESIN,1.3.2.07.01.06.037
4225,Canule Telinga,PERALATAN DAN MESIN,1.3.2.07.01.06.038
4226,Cap Forcep,PERALATAN DAN MESIN,1.3.2.07.01.06.039
4227,Cerumen Haak,PERALATAN DAN MESIN,1.3.2.07.01.06.040
4228,Comunicidal Protex,PERALATAN DAN MESIN,1.3.2.07.01.06.041
4229,Corong Telinga,PERALATAN DAN MESIN,1.3.2.07.01.06.042
4230,Corpus Alienum Hak,PERALATAN DAN MESIN,1.3.2.07.01.06.043
4231,Cerumen Hak,PERALATAN DAN MESIN,1.3.2.07.01.06.044
4232,Desektor,PERALATAN DAN MESIN,1.3.2.07.01.06.045
4233,Desopagus Cape,PERALATAN DAN MESIN,1.3.2.07.01.06.046
4234,Dessecting Forceps Standar,PERALATAN DAN MESIN,1.3.2.07.01.06.047
4235,Diagnostic Audio Meter,PERALATAN DAN MESIN,1.3.2.07.01.06.048
4236,E N G,PERALATAN DAN MESIN,1.3.2.07.01.06.049
4237,Ear Curretes,PERALATAN DAN MESIN,1.3.2.07.01.06.050
4238,Ear Dresing Forcep,PERALATAN DAN MESIN,1.3.2.07.01.06.051
4239,Ear Hook Jensen,PERALATAN DAN MESIN,1.3.2.07.01.06.052
4240,Ear Spoon,PERALATAN DAN MESIN,1.3.2.07.01.06.053
4241,Ear Syring Kaca,PERALATAN DAN MESIN,1.3.2.07.01.06.054
4242,Echeel Cair (Englau) (PPM),PERALATAN DAN MESIN,1.3.2.07.01.06.055
4243,Elevator-Langenbeck,PERALATAN DAN MESIN,1.3.2.07.01.06.056
4244,Endaural Curretes,PERALATAN DAN MESIN,1.3.2.07.01.06.057
4245,Endoscopy Set,PERALATAN DAN MESIN,1.3.2.07.01.06.058
4246,Entradmen Mint U 402/Yasju (PPM),PERALATAN DAN MESIN,1.3.2.07.01.06.059
4247,Entreatmen Unit Pretty Model (Daichi),PERALATAN DAN MESIN,1.3.2.07.01.06.060
4248,Excophagual Disposible Stetescope,PERALATAN DAN MESIN,1.3.2.07.01.06.061
4249,Galibrator,PERALATAN DAN MESIN,1.3.2.07.01.06.062
4250,Haak Hidung,PERALATAN DAN MESIN,1.3.2.07.01.06.063
4251,Hand Dail Foat With 6 Pers Bumr 220 Volt,PERALATAN DAN MESIN,1.3.2.07.01.06.064
4252,Head Lamp (Alat Kedokteran THT),PERALATAN DAN MESIN,1.3.2.07.01.06.065
4253,Impedance Meter,PERALATAN DAN MESIN,1.3.2.07.01.06.066
4254,Irrigating Trocar,PERALATAN DAN MESIN,1.3.2.07.01.06.067
4255,Kaca Larynx,PERALATAN DAN MESIN,1.3.2.07.01.06.068
4256,Kidney Tary Inok,PERALATAN DAN MESIN,1.3.2.07.01.06.069
4257,Kikir Tulang Nasal,PERALATAN DAN MESIN,1.3.2.07.01.06.070
4258,Killian,PERALATAN DAN MESIN,1.3.2.07.01.06.071
4259,Knife Hand,PERALATAN DAN MESIN,1.3.2.07.01.06.072
4260,Laringos 4 Beadeomin Lookzeeter,PERALATAN DAN MESIN,1.3.2.07.01.06.073
4261,Laringos Spatale 5380 And 133/mm,PERALATAN DAN MESIN,1.3.2.07.01.06.074
4262,Mansifeder Defis,PERALATAN DAN MESIN,1.3.2.07.01.06.075
4263,Meadlight Halogen/Welak Allyn Usa (PPM),PERALATAN DAN MESIN,1.3.2.07.01.06.076
4264,Mikro Curitage,PERALATAN DAN MESIN,1.3.2.07.01.06.077
4265,Mikro Laringoscopy,PERALATAN DAN MESIN,1.3.2.07.01.06.078
4266,Mikro Respatorium,PERALATAN DAN MESIN,1.3.2.07.01.06.079
4267,Modulas Monitoring System,PERALATAN DAN MESIN,1.3.2.07.01.06.080
4268,Mough Gags/With Head,PERALATAN DAN MESIN,1.3.2.07.01.06.081
4269,Mouth Speder (Devis),PERALATAN DAN MESIN,1.3.2.07.01.06.082
4270,Muadiatias Cape Benatoal (Loka),PERALATAN DAN MESIN,1.3.2.07.01.06.083
4271,Myringotomy Set,PERALATAN DAN MESIN,1.3.2.07.01.06.084
4272,Nasal Canule Adsen,PERALATAN DAN MESIN,1.3.2.07.01.06.085
4273,Nasal Polypus Snare,PERALATAN DAN MESIN,1.3.2.07.01.06.086
4274,Nasal Specula Sederhana,PERALATAN DAN MESIN,1.3.2.07.01.06.087
4275,Nasal Speculum,PERALATAN DAN MESIN,1.3.2.07.01.06.088
4276,Nashopharynx Spigel,PERALATAN DAN MESIN,1.3.2.07.01.06.089
4277,Nosofaringoscope,PERALATAN DAN MESIN,1.3.2.07.01.06.090
4278,Neus Speculum,PERALATAN DAN MESIN,1.3.2.07.01.06.091
4279,Oesephaguscopy,PERALATAN DAN MESIN,1.3.2.07.01.06.092
4280,Operating Theter Light Antsrshi,PERALATAN DAN MESIN,1.3.2.07.01.06.093
4281,Otoscope Halogen Lamp,PERALATAN DAN MESIN,1.3.2.07.01.06.094
4282,Patologie Eqmopmanet,PERALATAN DAN MESIN,1.3.2.07.01.06.095
4283,Perios Patorium,PERALATAN DAN MESIN,1.3.2.07.01.06.096
4284,Pinset Hidung,PERALATAN DAN MESIN,1.3.2.07.01.06.097
4285,Pinset Telinga,PERALATAN DAN MESIN,1.3.2.07.01.06.098
4286,Polyplis,PERALATAN DAN MESIN,1.3.2.07.01.06.099
4287,Portable Microwave Therapy,PERALATAN DAN MESIN,1.3.2.07.01.06.100
4288,Repatorium,PERALATAN DAN MESIN,1.3.2.07.01.06.101
4289,Respatorium Dipal Lurus/Lengkung,PERALATAN DAN MESIN,1.3.2.07.01.06.102
4290,Retractor Opula,PERALATAN DAN MESIN,1.3.2.07.01.06.103
4291,Rhinos Plastik,PERALATAN DAN MESIN,1.3.2.07.01.06.104
4292,Rhinoscopy Mirror,PERALATAN DAN MESIN,1.3.2.07.01.06.105
4293,Rinaural Stetoscope,PERALATAN DAN MESIN,1.3.2.07.01.06.106
4294,Set Canule Besar,PERALATAN DAN MESIN,1.3.2.07.01.06.107
4295,Septo Plastik,PERALATAN DAN MESIN,1.3.2.07.01.06.108
4296,Septo Respetorium,PERALATAN DAN MESIN,1.3.2.07.01.06.109
4297,Septum Forcep,PERALATAN DAN MESIN,1.3.2.07.01.06.110
4298,Septum Respetorium,PERALATAN DAN MESIN,1.3.2.07.01.06.111
4299,Septum Straightening,PERALATAN DAN MESIN,1.3.2.07.01.06.112
4300,Single Famier Hapares Cape,PERALATAN DAN MESIN,1.3.2.07.01.06.113
4301,Sinoscopy Trocar,PERALATAN DAN MESIN,1.3.2.07.01.06.114
4302,Sluder Balinger,PERALATAN DAN MESIN,1.3.2.07.01.06.115
4303,Specullum Retractor Nasal,PERALATAN DAN MESIN,1.3.2.07.01.06.116
4304,Speculum Klian,PERALATAN DAN MESIN,1.3.2.07.01.06.117
4305,Speculum Telinga,PERALATAN DAN MESIN,1.3.2.07.01.06.118
4306,Spoon Telinga,PERALATAN DAN MESIN,1.3.2.07.01.06.119
4307,Stroboscopy Unit,PERALATAN DAN MESIN,1.3.2.07.01.06.120
4308,Tang Bright,PERALATAN DAN MESIN,1.3.2.07.01.06.121
4309,Teaching Cape M 12 M,PERALATAN DAN MESIN,1.3.2.07.01.06.122
4310,Telescope (Alat Kedokteran Tht),PERALATAN DAN MESIN,1.3.2.07.01.06.123
4311,THT Examination Set For Tl Hindra Laringos Cape 847635,PERALATAN DAN MESIN,1.3.2.07.01.06.124
4312,Mangisco 445057 Sicope Biner 845901 (Walf),PERALATAN DAN MESIN,1.3.2.07.01.06.125
4313,Tonsil Artery Forcep,PERALATAN DAN MESIN,1.3.2.07.01.06.126
4314,Tonsil Dissecting,PERALATAN DAN MESIN,1.3.2.07.01.06.127
4315,Tonsil Dissector/Henke,PERALATAN DAN MESIN,1.3.2.07.01.06.128
4316,Tonsil Klem/Mess/Biasa,PERALATAN DAN MESIN,1.3.2.07.01.06.129
4317,Tonsil Knife,PERALATAN DAN MESIN,1.3.2.07.01.06.130
4318,Tonsil Seizing Forcep,PERALATAN DAN MESIN,1.3.2.07.01.06.131
4319,Tonsil Snare/EVES,PERALATAN DAN MESIN,1.3.2.07.01.06.132
4320,Tonsil Suction Tube,PERALATAN DAN MESIN,1.3.2.07.01.06.133
4321,Tounge Depressor,PERALATAN DAN MESIN,1.3.2.07.01.06.134
4322,Trachea Canula (Alat Kedokteran Tht),PERALATAN DAN MESIN,1.3.2.07.01.06.135
4323,"Trachea Retractor Bergigi (1,2,3,4,5,6)",PERALATAN DAN MESIN,1.3.2.07.01.06.136
4324,Tracheal Tubes Luer,PERALATAN DAN MESIN,1.3.2.07.01.06.137
4325,Tracheotomy Set (Alat Kedokteran Tht),PERALATAN DAN MESIN,1.3.2.07.01.06.138
4326,Troeitsch,PERALATAN DAN MESIN,1.3.2.07.01.06.139
4327,Troicart (Alat Kedokteran Tht),PERALATAN DAN MESIN,1.3.2.07.01.06.140
4328,Tuning Fork,PERALATAN DAN MESIN,1.3.2.07.01.06.141
4329,Tuning Fork Set,PERALATAN DAN MESIN,1.3.2.07.01.06.142
4330,Tympanogram,PERALATAN DAN MESIN,1.3.2.07.01.06.143
4331,Tympanum Perdrotors Saver,PERALATAN DAN MESIN,1.3.2.07.01.06.144
4332,Water Drages,PERALATAN DAN MESIN,1.3.2.07.01.06.145
4333,X-Ray Viewer,PERALATAN DAN MESIN,1.3.2.07.01.06.146
4334,alat kedokteran tht  lainnya (dst),PERALATAN DAN MESIN,1.3.2.07.01.06.147
4335,ALAT KEDOKTERAN MATA,PERALATAN DAN MESIN,1.3.2.07.01.07.000
4336,Eye Operation Set,PERALATAN DAN MESIN,1.3.2.07.01.07.001
4337,Skiascopy Lamp,PERALATAN DAN MESIN,1.3.2.07.01.07.002
4338,Aplanation Tonometer,PERALATAN DAN MESIN,1.3.2.07.01.07.003
4339,Ophthalmometer,PERALATAN DAN MESIN,1.3.2.07.01.07.004
4340,Three Mirror Contact Lenses,PERALATAN DAN MESIN,1.3.2.07.01.07.005
4341,Opthalmoscope Suppy 220 V And Transformer,PERALATAN DAN MESIN,1.3.2.07.01.07.006
4342,Double Convaxoconcave Skiascope,PERALATAN DAN MESIN,1.3.2.07.01.07.007
4343,Keeler Retinoscope,PERALATAN DAN MESIN,1.3.2.07.01.07.008
4344,Lens Magnifier 15 DPTR,PERALATAN DAN MESIN,1.3.2.07.01.07.009
4345,Set Of Trial Lensess In Case With Trial Frame,PERALATAN DAN MESIN,1.3.2.07.01.07.010
4346,Lensometer,PERALATAN DAN MESIN,1.3.2.07.01.07.011
4347,Bio Microscope (Slit Lamp),PERALATAN DAN MESIN,1.3.2.07.01.07.012
4348,Bailiart Dynamometer,PERALATAN DAN MESIN,1.3.2.07.01.07.013
4349,Esthesiometer,PERALATAN DAN MESIN,1.3.2.07.01.07.014
4350,Campimeter And Lancaster Screen With 4 Striks,PERALATAN DAN MESIN,1.3.2.07.01.07.015
4351,Holmes Steres Cope,PERALATAN DAN MESIN,1.3.2.07.01.07.016
4352,Amsler Chart,PERALATAN DAN MESIN,1.3.2.07.01.07.017
4353,Ishiaras Atlas,PERALATAN DAN MESIN,1.3.2.07.01.07.018
4354,Stereo Tes From Holmes,PERALATAN DAN MESIN,1.3.2.07.01.07.019
4355,Berens Prima Set,PERALATAN DAN MESIN,1.3.2.07.01.07.020
4356,Eye Occulder,PERALATAN DAN MESIN,1.3.2.07.01.07.021
4357,Maddox With Handle,PERALATAN DAN MESIN,1.3.2.07.01.07.022
4358,Schuman Magnet Handtype,PERALATAN DAN MESIN,1.3.2.07.01.07.023
4359,Examination Table Adjustable Headrest,PERALATAN DAN MESIN,1.3.2.07.01.07.024
4360,Cautery Light Transformer With Handle And 3 Cautery Needles.,PERALATAN DAN MESIN,1.3.2.07.01.07.025
4361,Two Step Stand,PERALATAN DAN MESIN,1.3.2.07.01.07.026
4362,Maddox Crass,PERALATAN DAN MESIN,1.3.2.07.01.07.027
4363,Opthalmoscope Binocyular Indirect Vision,PERALATAN DAN MESIN,1.3.2.07.01.07.028
4364,Gonioscope Complete In Case,PERALATAN DAN MESIN,1.3.2.07.01.07.029
4365,Refractometer (Alat Kedokteran Mata),PERALATAN DAN MESIN,1.3.2.07.01.07.030
4366,Retinoscope,PERALATAN DAN MESIN,1.3.2.07.01.07.031
4367,Opthalmoscope,PERALATAN DAN MESIN,1.3.2.07.01.07.032
4368,Slit Lamp (Alat Kedokteran Mata),PERALATAN DAN MESIN,1.3.2.07.01.07.033
4369,Lensa Meter,PERALATAN DAN MESIN,1.3.2.07.01.07.034
4370,Trial Lens & Frame Set,PERALATAN DAN MESIN,1.3.2.07.01.07.035
4371,Opthalmic Laser (Alat Kedokteran Mata),PERALATAN DAN MESIN,1.3.2.07.01.07.036
4372,Argonphoto Coagulator (Alat Kedokteran Mata),PERALATAN DAN MESIN,1.3.2.07.01.07.037
4373,Opthalmic Coagulator (Alat Kedokteran Mata),PERALATAN DAN MESIN,1.3.2.07.01.07.038
4374,Operating Microscope (Alat Kedokteran Mata),PERALATAN DAN MESIN,1.3.2.07.01.07.039
4375,Photo Fundus Unit (Alat Kedokteran Mata),PERALATAN DAN MESIN,1.3.2.07.01.07.040
4376,Synoptophore (Alat Kedokteran Mata),PERALATAN DAN MESIN,1.3.2.07.01.07.041
4377,Eye Magnet,PERALATAN DAN MESIN,1.3.2.07.01.07.042
4378,Keratometer,PERALATAN DAN MESIN,1.3.2.07.01.07.043
4379,Kampimeter,PERALATAN DAN MESIN,1.3.2.07.01.07.044
4380,Tonometer,PERALATAN DAN MESIN,1.3.2.07.01.07.045
4381,Tonograph,PERALATAN DAN MESIN,1.3.2.07.01.07.046
4382,Kaca Mata Frenzel,PERALATAN DAN MESIN,1.3.2.07.01.07.047
4383,Alat Enoscope Persipan Lazer,PERALATAN DAN MESIN,1.3.2.07.01.07.048
4384,Alloca Camera Multioristhal Swaner With Digital Concane Venteven,PERALATAN DAN MESIN,1.3.2.07.01.07.049
4385,Allyn 69-695 Coloscope Fiber Optic,PERALATAN DAN MESIN,1.3.2.07.01.07.050
4386,Arhtimula Modul,PERALATAN DAN MESIN,1.3.2.07.01.07.051
4387,Aryttonia Control Diting System,PERALATAN DAN MESIN,1.3.2.07.01.07.052
4388,Binoculair Loupe,PERALATAN DAN MESIN,1.3.2.07.01.07.053
4389,Cataract Instrument Set,PERALATAN DAN MESIN,1.3.2.07.01.07.054
4390,Chalazion Instrument Set,PERALATAN DAN MESIN,1.3.2.07.01.07.055
4391,Chartprojector,PERALATAN DAN MESIN,1.3.2.07.01.07.056
4392,Chinrest For Above,PERALATAN DAN MESIN,1.3.2.07.01.07.057
4393,Compact Refraction Unit,PERALATAN DAN MESIN,1.3.2.07.01.07.058
4394,Curve Catarac Fraco,PERALATAN DAN MESIN,1.3.2.07.01.07.059
4395,"Echoscan, Usg Mata",PERALATAN DAN MESIN,1.3.2.07.01.07.060
4396,Fiber Optic Molary Autroscope,PERALATAN DAN MESIN,1.3.2.07.01.07.061
4397,Fiber Optic Operating,PERALATAN DAN MESIN,1.3.2.07.01.07.062
4398,Fibral Optic Coacial,PERALATAN DAN MESIN,1.3.2.07.01.07.063
4399,Finohito Reb Pataktor,PERALATAN DAN MESIN,1.3.2.07.01.07.064
4400,Grate Meter Opter,PERALATAN DAN MESIN,1.3.2.07.01.07.065
4401,Handle Recor Cable Battery + Charge,PERALATAN DAN MESIN,1.3.2.07.01.07.066
4402,Head Loupe Halogen,PERALATAN DAN MESIN,1.3.2.07.01.07.067
4403,Heberat Indu Optimalmik Photo Cucglator Hazer 930,PERALATAN DAN MESIN,1.3.2.07.01.07.068
4404,Hertel,PERALATAN DAN MESIN,1.3.2.07.01.07.069
4405,Iridectomy Instrument Set,PERALATAN DAN MESIN,1.3.2.07.01.07.070
4406,Ishihara Blind Test Plate,PERALATAN DAN MESIN,1.3.2.07.01.07.071
4407,Keratoplasty Instrument Set,PERALATAN DAN MESIN,1.3.2.07.01.07.072
4408,Laser Diode Photocoagulator,PERALATAN DAN MESIN,1.3.2.07.01.07.073
4409,Laser Yag Opthamic System,PERALATAN DAN MESIN,1.3.2.07.01.07.074
4410,Medication Trally,PERALATAN DAN MESIN,1.3.2.07.01.07.075
4411,Ocutome Basic System,PERALATAN DAN MESIN,1.3.2.07.01.07.076
4412,Direct Optalmoscope (Allyn),PERALATAN DAN MESIN,1.3.2.07.01.07.077
4413,In Direct Optamoscope (Allyn),PERALATAN DAN MESIN,1.3.2.07.01.07.078
4414,Opthalmic Micro Dia Therimy,PERALATAN DAN MESIN,1.3.2.07.01.07.079
4415,Opthalmic Operating Set (Alat Kedokteran Mata),PERALATAN DAN MESIN,1.3.2.07.01.07.080
4416,Perimeter,PERALATAN DAN MESIN,1.3.2.07.01.07.081
4417,Phacoemulsi Fication,PERALATAN DAN MESIN,1.3.2.07.01.07.082
4418,Pterium Instrument Set,PERALATAN DAN MESIN,1.3.2.07.01.07.083
4419,Rethina Dethamen Prable,PERALATAN DAN MESIN,1.3.2.07.01.07.084
4420,Saver Roksib Hara,PERALATAN DAN MESIN,1.3.2.07.01.07.085
4421,Simotion Cardiac Autput Halogen Fibal Optic (USA),PERALATAN DAN MESIN,1.3.2.07.01.07.086
4422,Snellen Chard,PERALATAN DAN MESIN,1.3.2.07.01.07.087
4423,Sonometri,PERALATAN DAN MESIN,1.3.2.07.01.07.088
4424,Straketion Cope,PERALATAN DAN MESIN,1.3.2.07.01.07.089
4425,Suche Optical Wregtrontone,PERALATAN DAN MESIN,1.3.2.07.01.07.090
4426,S.80 Catarac Knife,PERALATAN DAN MESIN,1.3.2.07.01.07.091
4427,Trial Frastine Type 46,PERALATAN DAN MESIN,1.3.2.07.01.07.092
4428,Trial Heus,PERALATAN DAN MESIN,1.3.2.07.01.07.093
4429,Trial Heus Set Coranted Curen SPA,PERALATAN DAN MESIN,1.3.2.07.01.07.094
4430,Vitrectomy Unit,PERALATAN DAN MESIN,1.3.2.07.01.07.095
4431,Walter Monitoring Complete Resaring,PERALATAN DAN MESIN,1.3.2.07.01.07.096
4432,alat kedokteran mata  lainnya (dst),PERALATAN DAN MESIN,1.3.2.07.01.07.097
4433,ALAT KEDOKTERAN BAGIAN PENYAKIT DALAM,PERALATAN DAN MESIN,1.3.2.07.01.08.000
4434,Cardiologi Bed Uk 200X60X90,PERALATAN DAN MESIN,1.3.2.07.01.08.001
4435,Cholera Set With Cup,PERALATAN DAN MESIN,1.3.2.07.01.08.002
4436,Giving Set (Alat Kedokteran Bagian Penyakit Dalam),PERALATAN DAN MESIN,1.3.2.07.01.08.003
4437,Solution Administration Set,PERALATAN DAN MESIN,1.3.2.07.01.08.004
4438,Venasectie Set In Metal Case,PERALATAN DAN MESIN,1.3.2.07.01.08.005
4439,Oxygen Therapy,PERALATAN DAN MESIN,1.3.2.07.01.08.006
4440,Mehnigine Biopay Medle,PERALATAN DAN MESIN,1.3.2.07.01.08.007
4441,Needle Punction Sternal/Spinal,PERALATAN DAN MESIN,1.3.2.07.01.08.008
4442,Urometer,PERALATAN DAN MESIN,1.3.2.07.01.08.009
4443,Mag Sonde Rubber,PERALATAN DAN MESIN,1.3.2.07.01.08.010
4444,Pengukur Blood Plasma With Droper Sulfat Methode,PERALATAN DAN MESIN,1.3.2.07.01.08.011
4445,Metal Catheter,PERALATAN DAN MESIN,1.3.2.07.01.08.012
4446,Catheter Urine Rubber,PERALATAN DAN MESIN,1.3.2.07.01.08.013
4447,Ice Cup Import Rubber,PERALATAN DAN MESIN,1.3.2.07.01.08.014
4448,Pneumathorax Set Complete,PERALATAN DAN MESIN,1.3.2.07.01.08.015
4449,Elektrocardiograph (ECG) 1 Chanel,PERALATAN DAN MESIN,1.3.2.07.01.08.016
4450,Reflek Hammer Stainless Steel,PERALATAN DAN MESIN,1.3.2.07.01.08.017
4451,Sterelisator For Instrument Portable,PERALATAN DAN MESIN,1.3.2.07.01.08.018
4452,Couch Examination (Alat Kedokteran Bagian Penyakit Dalam),PERALATAN DAN MESIN,1.3.2.07.01.08.019
4453,Spirometer (Alat Kedokteran Bagian Penyakit Dalam),PERALATAN DAN MESIN,1.3.2.07.01.08.020
4454,Suction Thorax,PERALATAN DAN MESIN,1.3.2.07.01.08.021
4455,Stool Fixed Height,PERALATAN DAN MESIN,1.3.2.07.01.08.022
4456,Bronchoscope (Alat Kedokteran Bagian Penyakit Dalam),PERALATAN DAN MESIN,1.3.2.07.01.08.023
4457,Nebulizer,PERALATAN DAN MESIN,1.3.2.07.01.08.024
4458,Ultrasonic Nebulizer,PERALATAN DAN MESIN,1.3.2.07.01.08.025
4459,Pleural Biopsy,PERALATAN DAN MESIN,1.3.2.07.01.08.026
4460,Transtorakal Jarum,PERALATAN DAN MESIN,1.3.2.07.01.08.027
4461,Biopsy Pieure,PERALATAN DAN MESIN,1.3.2.07.01.08.028
4462,Endotracheal Tube,PERALATAN DAN MESIN,1.3.2.07.01.08.029
4463,Ultra Sono Graphy (USG) Internal Medicine,PERALATAN DAN MESIN,1.3.2.07.01.08.030
4464,"Endoscopy, With Cold Light Source",PERALATAN DAN MESIN,1.3.2.07.01.08.031
4465,Electro Nystagmograph,PERALATAN DAN MESIN,1.3.2.07.01.08.032
4466,Ventilator Internal Medicine,PERALATAN DAN MESIN,1.3.2.07.01.08.033
4467,Amnioscope (Alat Kedokteran Bagian Penyakit Dalam),PERALATAN DAN MESIN,1.3.2.07.01.08.034
4468,Ultrasonic Pachymeter (Alat Kedokteran Bagian Penyakit Dalam),PERALATAN DAN MESIN,1.3.2.07.01.08.035
4469,Duadeno Fiberscope,PERALATAN DAN MESIN,1.3.2.07.01.08.036
4470,Co2 & O2 Monitor,PERALATAN DAN MESIN,1.3.2.07.01.08.037
4471,Couch Examination Urology (Alat Kedokteran Bagian Penyakit Dalam),PERALATAN DAN MESIN,1.3.2.07.01.08.038
4472,Stool Fixed Hight,PERALATAN DAN MESIN,1.3.2.07.01.08.039
4473,Rectal Almometer (Alat Kedokteran Bagian Penyakit Dalam),PERALATAN DAN MESIN,1.3.2.07.01.08.040
4474,Suction Unit For Endoscopy,PERALATAN DAN MESIN,1.3.2.07.01.08.041
4475,ESWL,PERALATAN DAN MESIN,1.3.2.07.01.08.042
4476,Automatic Hack,PERALATAN DAN MESIN,1.3.2.07.01.08.043
4477,Automatic Kaweneter,PERALATAN DAN MESIN,1.3.2.07.01.08.044
4478,Bed Side Monitor Complete,PERALATAN DAN MESIN,1.3.2.07.01.08.045
4479,Biopsy Pleure,PERALATAN DAN MESIN,1.3.2.07.01.08.046
4480,Bonk Cenapagus,PERALATAN DAN MESIN,1.3.2.07.01.08.047
4481,Camtopraf One Chanel,PERALATAN DAN MESIN,1.3.2.07.01.08.048
4482,Canel Recorder Siarocus 400,PERALATAN DAN MESIN,1.3.2.07.01.08.049
4483,Capnograph Mark III,PERALATAN DAN MESIN,1.3.2.07.01.08.050
4484,Centure/Sonic,PERALATAN DAN MESIN,1.3.2.07.01.08.051
4485,Chair For Treadment Unit 4417 Taiju,PERALATAN DAN MESIN,1.3.2.07.01.08.052
4486,Clase Sungint Kit,PERALATAN DAN MESIN,1.3.2.07.01.08.053
4487,Cold Light Fontain,PERALATAN DAN MESIN,1.3.2.07.01.08.054
4488,Coaxial Head Light,PERALATAN DAN MESIN,1.3.2.07.01.08.055
4489,Cold Light Suply Model CFV,PERALATAN DAN MESIN,1.3.2.07.01.08.056
4490,Combibag,PERALATAN DAN MESIN,1.3.2.07.01.08.057
4491,Compagati 3 L,PERALATAN DAN MESIN,1.3.2.07.01.08.058
4492,Complit Test Mark III,PERALATAN DAN MESIN,1.3.2.07.01.08.059
4493,Cumasis Aparatus Focaemodulys Unit,PERALATAN DAN MESIN,1.3.2.07.01.08.060
4494,Cut Aucona P 02-Modul Asesories,PERALATAN DAN MESIN,1.3.2.07.01.08.061
4495,Cuting Micro Sparment,PERALATAN DAN MESIN,1.3.2.07.01.08.062
4496,Cyto Urethe Cape,PERALATAN DAN MESIN,1.3.2.07.01.08.063
4497,Dale Dagion (Alat Kedokteran Bagian Penyakit Dalam),PERALATAN DAN MESIN,1.3.2.07.01.08.064
4498,Defibrilator,PERALATAN DAN MESIN,1.3.2.07.01.08.065
4499,Defrision Test Mark III,PERALATAN DAN MESIN,1.3.2.07.01.08.066
4500,Depriksi Monitoring,PERALATAN DAN MESIN,1.3.2.07.01.08.067
4501,Desinfction Unit,PERALATAN DAN MESIN,1.3.2.07.01.08.068
4502,Digital Oscamalir,PERALATAN DAN MESIN,1.3.2.07.01.08.069
4503,Duadeno Fiberscope Therpy,PERALATAN DAN MESIN,1.3.2.07.01.08.070
4504,Electro Nystogmograph,PERALATAN DAN MESIN,1.3.2.07.01.08.071
4505,Elektrik Sity Protektation Rach,PERALATAN DAN MESIN,1.3.2.07.01.08.072
4506,Endoscope Masker,PERALATAN DAN MESIN,1.3.2.07.01.08.073
4507,Endoscope P A Vidio Optima,PERALATAN DAN MESIN,1.3.2.07.01.08.074
4508,Endoscope Trolly,PERALATAN DAN MESIN,1.3.2.07.01.08.075
4509,Endotracheal Set,PERALATAN DAN MESIN,1.3.2.07.01.08.076
4510,External Coneprometer,PERALATAN DAN MESIN,1.3.2.07.01.08.077
4511,External Pacemazer 146,PERALATAN DAN MESIN,1.3.2.07.01.08.078
4512,Fereksine Fandus Anggrafie,PERALATAN DAN MESIN,1.3.2.07.01.08.079
4513,Find Aid Resusisater For Table Type,PERALATAN DAN MESIN,1.3.2.07.01.08.080
4514,Finger Exercise,PERALATAN DAN MESIN,1.3.2.07.01.08.081
4515,Flesible Disogatro Bulbescape,PERALATAN DAN MESIN,1.3.2.07.01.08.082
4516,Forcep Pyesiesis 556,PERALATAN DAN MESIN,1.3.2.07.01.08.083
4517,Fountek Mark,PERALATAN DAN MESIN,1.3.2.07.01.08.084
4518,Gadomatic Godor,PERALATAN DAN MESIN,1.3.2.07.01.08.085
4519,Galary Meter,PERALATAN DAN MESIN,1.3.2.07.01.08.086
4520,Galuminasi,PERALATAN DAN MESIN,1.3.2.07.01.08.087
4521,Gastrocape For Wech Allyn Vidio Endoscope,PERALATAN DAN MESIN,1.3.2.07.01.08.088
4522,Gastroscope & Light Source,PERALATAN DAN MESIN,1.3.2.07.01.08.089
4523,Gawer Shalt Mogeglo Pomater,PERALATAN DAN MESIN,1.3.2.07.01.08.090
4524,Glucometer Complete With Glucostic,PERALATAN DAN MESIN,1.3.2.07.01.08.091
4525,Golmen Compimeter Resic Sep 20 (Tappem),PERALATAN DAN MESIN,1.3.2.07.01.08.092
4526,Gredesan,PERALATAN DAN MESIN,1.3.2.07.01.08.093
4527,Hear Station With Corder,PERALATAN DAN MESIN,1.3.2.07.01.08.094
4528,Hemodialisis Unit,PERALATAN DAN MESIN,1.3.2.07.01.08.095
4529,High Speed Stater Type ZS-SUS,PERALATAN DAN MESIN,1.3.2.07.01.08.096
4530,Himediker,PERALATAN DAN MESIN,1.3.2.07.01.08.097
4531,Hyper Hypothermia System (Alat Kedokteran Bagian Penyakit Dalam),PERALATAN DAN MESIN,1.3.2.07.01.08.098
4532,Iluminator,PERALATAN DAN MESIN,1.3.2.07.01.08.099
4533,Infusion Warmer For Blood,PERALATAN DAN MESIN,1.3.2.07.01.08.100
4534,Inter Feretial Turafik,PERALATAN DAN MESIN,1.3.2.07.01.08.101
4535,Kag Steat Aplimation Thermometer,PERALATAN DAN MESIN,1.3.2.07.01.08.102
4536,Lano Premansi Sitimulator Adipraktek EF 502,PERALATAN DAN MESIN,1.3.2.07.01.08.103
4537,Law Frequensi Aparatus,PERALATAN DAN MESIN,1.3.2.07.01.08.104
4538,Lenon Light Service,PERALATAN DAN MESIN,1.3.2.07.01.08.105
4539,Load Rulerator Scart,PERALATAN DAN MESIN,1.3.2.07.01.08.106
4540,Manual Influmation Aparatus,PERALATAN DAN MESIN,1.3.2.07.01.08.107
4541,Matronik Model 5375,PERALATAN DAN MESIN,1.3.2.07.01.08.108
4542,Medical TV System Welch Allyn Vidio,PERALATAN DAN MESIN,1.3.2.07.01.08.109
4543,Microwafe Therapy Apparatus,PERALATAN DAN MESIN,1.3.2.07.01.08.110
4544,Mitrigen Athemet,PERALATAN DAN MESIN,1.3.2.07.01.08.111
4545,Mobile Endoscope Table,PERALATAN DAN MESIN,1.3.2.07.01.08.112
4546,NVS Vital Sign Monitor (Alat Kedokteran Bagian Penyakit Dalam),PERALATAN DAN MESIN,1.3.2.07.01.08.113
4547,One Compartement Warrobe (Alat Kedokteran Bagian Penyakit Dalam),PERALATAN DAN MESIN,1.3.2.07.01.08.114
4548,Operating Stak Bir,PERALATAN DAN MESIN,1.3.2.07.01.08.115
4549,Pasien Cable Monitoring Kecil Sistem Siscan BST,PERALATAN DAN MESIN,1.3.2.07.01.08.116
4550,Pendatya Water Proof,PERALATAN DAN MESIN,1.3.2.07.01.08.117
4551,Pental Heart Montas,PERALATAN DAN MESIN,1.3.2.07.01.08.118
4552,Pleural Biopsy Needle,PERALATAN DAN MESIN,1.3.2.07.01.08.119
4553,Positive Negative Honcoat Set,PERALATAN DAN MESIN,1.3.2.07.01.08.120
4554,Pratitionary Battray Handle,PERALATAN DAN MESIN,1.3.2.07.01.08.121
4555,Prector Prable Model Ust 507 EP 35,PERALATAN DAN MESIN,1.3.2.07.01.08.122
4556,Presteatik Infusion Pump/Lac Bielyto Binometer,PERALATAN DAN MESIN,1.3.2.07.01.08.123
4557,Presual Modul,PERALATAN DAN MESIN,1.3.2.07.01.08.124
4558,Proyektor Romad Complet,PERALATAN DAN MESIN,1.3.2.07.01.08.125
4559,Pulmonary Exercise Computerized,PERALATAN DAN MESIN,1.3.2.07.01.08.126
4560,Pulse Oxymetry,PERALATAN DAN MESIN,1.3.2.07.01.08.127
4561,Putision Incubator Bm,PERALATAN DAN MESIN,1.3.2.07.01.08.128
4562,Re-Her Coagulator,PERALATAN DAN MESIN,1.3.2.07.01.08.129
4563,Rollyng Soal Type,PERALATAN DAN MESIN,1.3.2.07.01.08.130
4564,Safe Ruber Elektrode,PERALATAN DAN MESIN,1.3.2.07.01.08.131
4565,Sarus Stemal Saur,PERALATAN DAN MESIN,1.3.2.07.01.08.132
4566,Senaker,PERALATAN DAN MESIN,1.3.2.07.01.08.133
4567,Sherum Holder Red,PERALATAN DAN MESIN,1.3.2.07.01.08.134
4568,Starmunsuar,PERALATAN DAN MESIN,1.3.2.07.01.08.135
4569,Static/Kinetik Projection Perimeter,PERALATAN DAN MESIN,1.3.2.07.01.08.136
4570,Stertes System,PERALATAN DAN MESIN,1.3.2.07.01.08.137
4571,Steten Card Electric,PERALATAN DAN MESIN,1.3.2.07.01.08.138
4572,Style Stetescope Bomopaculain,PERALATAN DAN MESIN,1.3.2.07.01.08.139
4573,Syringe Pump (Alat Kedokteran Bagian Penyakit Dalam),PERALATAN DAN MESIN,1.3.2.07.01.08.140
4574,S.314 Forcep Dressing,PERALATAN DAN MESIN,1.3.2.07.01.08.141
4575,Tampion Tempromoridior/Pancing,PERALATAN DAN MESIN,1.3.2.07.01.08.142
4576,Temperatur Modul,PERALATAN DAN MESIN,1.3.2.07.01.08.143
4577,The Salingan Galmore Intalumialier Antriper,PERALATAN DAN MESIN,1.3.2.07.01.08.144
4578,Tixtiser,PERALATAN DAN MESIN,1.3.2.07.01.08.145
4579,TP.1000 Turbotanti Dehabitas ER 2-Bcr Resies Cateter Set +,PERALATAN DAN MESIN,1.3.2.07.01.08.146
4580,TP.9900Rj - 9900 Trolly Emergency,PERALATAN DAN MESIN,1.3.2.07.01.08.147
4581,Tranformen,PERALATAN DAN MESIN,1.3.2.07.01.08.148
4582,Vital Sign Monitor,PERALATAN DAN MESIN,1.3.2.07.01.08.149
4583,Two Baul Standard,PERALATAN DAN MESIN,1.3.2.07.01.08.150
4584,T.2529 Foto Turapith,PERALATAN DAN MESIN,1.3.2.07.01.08.151
4585,T.2670 Forcep Trauma,PERALATAN DAN MESIN,1.3.2.07.01.08.152
4586,Vacum Ectrator (AB),PERALATAN DAN MESIN,1.3.2.07.01.08.153
4587,Vrisur Gerg Mt 600 X 3 Pzola,PERALATAN DAN MESIN,1.3.2.07.01.08.154
4588,Walker Polding,PERALATAN DAN MESIN,1.3.2.07.01.08.155
4589,Wall Rail Unit,PERALATAN DAN MESIN,1.3.2.07.01.08.156
4590,Wright Respirometer,PERALATAN DAN MESIN,1.3.2.07.01.08.157
4591,alat kedokteran bagian penyakit dalam  lainnya (dst),PERALATAN DAN MESIN,1.3.2.07.01.08.158
4592,ALAT KEDOKTERAN KAMAR JENASAH/MORTUARY,PERALATAN DAN MESIN,1.3.2.07.01.09.000
4593,Autopsy Table,PERALATAN DAN MESIN,1.3.2.07.01.09.001
4594,Motuary Refrigerator,PERALATAN DAN MESIN,1.3.2.07.01.09.002
4595,Operating Lamp,PERALATAN DAN MESIN,1.3.2.07.01.09.003
4596,Autopsi Set,PERALATAN DAN MESIN,1.3.2.07.01.09.004
4597,Mortuary Racks,PERALATAN DAN MESIN,1.3.2.07.01.09.005
4598,alat kedokteran kamar jenasah/mortuary lainnya (dst),PERALATAN DAN MESIN,1.3.2.07.01.09.006
4599,ALAT KEDOKTERAN ANAK,PERALATAN DAN MESIN,1.3.2.07.01.10.000
4600,Intravenous & Transfusion Needle,PERALATAN DAN MESIN,1.3.2.07.01.10.001
4601,Wing Needle Scalpvem Needle,PERALATAN DAN MESIN,1.3.2.07.01.10.002
4602,Hypodermic Needle (Alat Kedokteran Anak),PERALATAN DAN MESIN,1.3.2.07.01.10.003
4603,Syrnge Case-Syringe Container 2Cc/5cc,PERALATAN DAN MESIN,1.3.2.07.01.10.004
4604,Sliim Zuiger Elektric Suction 110-220 Vilt/50Hz,PERALATAN DAN MESIN,1.3.2.07.01.10.005
4605,Suction Hand Pump,PERALATAN DAN MESIN,1.3.2.07.01.10.006
4606,Tangue Depressor Stainless Steel,PERALATAN DAN MESIN,1.3.2.07.01.10.007
4607,Pecusion Hammer,PERALATAN DAN MESIN,1.3.2.07.01.10.008
4608,Premature Infant Incubator,PERALATAN DAN MESIN,1.3.2.07.01.10.009
4609,Waskom 400 Meter Stainless,PERALATAN DAN MESIN,1.3.2.07.01.10.010
4610,Neirbekken Stainless Steel,PERALATAN DAN MESIN,1.3.2.07.01.10.011
4611,Thorax Puncture,PERALATAN DAN MESIN,1.3.2.07.01.10.012
4612,Water Seal Drainage Set,PERALATAN DAN MESIN,1.3.2.07.01.10.013
4613,Pleural Byopsy Puncture Set,PERALATAN DAN MESIN,1.3.2.07.01.10.014
4614,Lumbal Puncture Needle,PERALATAN DAN MESIN,1.3.2.07.01.10.015
4615,Vanasectie Set,PERALATAN DAN MESIN,1.3.2.07.01.10.016
4616,"Syringe 2cc, 5cc, 10cc, 100cc",PERALATAN DAN MESIN,1.3.2.07.01.10.017
4617,Insrumen Tray Stainless Steel 36X30X5 cm,PERALATAN DAN MESIN,1.3.2.07.01.10.018
4618,Transilumination Lamp,PERALATAN DAN MESIN,1.3.2.07.01.10.019
4619,Tuberculine Syringe 1 cc,PERALATAN DAN MESIN,1.3.2.07.01.10.020
4620,Tuberculine Needle,PERALATAN DAN MESIN,1.3.2.07.01.10.021
4621,Ice Compress Cup,PERALATAN DAN MESIN,1.3.2.07.01.10.022
4622,Tracheotomi Set In Case,PERALATAN DAN MESIN,1.3.2.07.01.10.023
4623,Portable ECG AC/DC 1 Chanel,PERALATAN DAN MESIN,1.3.2.07.01.10.024
4624,Pulscoxy Meter,PERALATAN DAN MESIN,1.3.2.07.01.10.025
4625,Blood Sedimentation Rate Count Set,PERALATAN DAN MESIN,1.3.2.07.01.10.026
4626,Test Tube Box,PERALATAN DAN MESIN,1.3.2.07.01.10.027
4627,Gastric Juice Examining Set,PERALATAN DAN MESIN,1.3.2.07.01.10.028
4628,Trachea Canula (Alat Kedokteran Anak),PERALATAN DAN MESIN,1.3.2.07.01.10.029
4629,Urinometer (Alat Kedokteran Anak),PERALATAN DAN MESIN,1.3.2.07.01.10.030
4630,Urinoir Salbuminometer,PERALATAN DAN MESIN,1.3.2.07.01.10.031
4631,Es Bach' Salbuminometer,PERALATAN DAN MESIN,1.3.2.07.01.10.032
4632,HB Meter,PERALATAN DAN MESIN,1.3.2.07.01.10.033
4633,Bone Narrow Puncture Needle,PERALATAN DAN MESIN,1.3.2.07.01.10.034
4634,Measuring Rods Infat With Rail,PERALATAN DAN MESIN,1.3.2.07.01.10.035
4635,Measuring Tape,PERALATAN DAN MESIN,1.3.2.07.01.10.036
4636,Weight Scale Capacity 120 Kg,PERALATAN DAN MESIN,1.3.2.07.01.10.037
4637,Ascites Trocar,PERALATAN DAN MESIN,1.3.2.07.01.10.038
4638,Blood Type Viewer Illuminated,PERALATAN DAN MESIN,1.3.2.07.01.10.039
4639,Blood Visiting Kit,PERALATAN DAN MESIN,1.3.2.07.01.10.040
4640,Blood Donor Set,PERALATAN DAN MESIN,1.3.2.07.01.10.041
4641,3-Way Coeks,PERALATAN DAN MESIN,1.3.2.07.01.10.042
4642,Liver Biopsy Needle,PERALATAN DAN MESIN,1.3.2.07.01.10.043
4643,Doek Klem-Towel Forceps,PERALATAN DAN MESIN,1.3.2.07.01.10.044
4644,Small Instrument Sterelizes,PERALATAN DAN MESIN,1.3.2.07.01.10.045
4645,Alcohol Cotton Case,PERALATAN DAN MESIN,1.3.2.07.01.10.046
4646,"Rubber Gloves 7-7,5",PERALATAN DAN MESIN,1.3.2.07.01.10.047
4647,Stethoscope Duplex Untuk Anak,PERALATAN DAN MESIN,1.3.2.07.01.10.048
4648,Meja Periksa 200X90X100 cc,PERALATAN DAN MESIN,1.3.2.07.01.10.049
4649,Pocket Lamp Complete With Battery,PERALATAN DAN MESIN,1.3.2.07.01.10.050
4650,Combination Weight And Height Scale,PERALATAN DAN MESIN,1.3.2.07.01.10.051
4651,Measuring Infant Baby With Rail,PERALATAN DAN MESIN,1.3.2.07.01.10.052
4652,Pneumatic Torniquite,PERALATAN DAN MESIN,1.3.2.07.01.10.053
4653,Tubercolusis Diagnostic Kit,PERALATAN DAN MESIN,1.3.2.07.01.10.054
4654,Vaccination Needle Set,PERALATAN DAN MESIN,1.3.2.07.01.10.055
4655,Vacinating Instrumen Kit,PERALATAN DAN MESIN,1.3.2.07.01.10.056
4656,Anuscope,PERALATAN DAN MESIN,1.3.2.07.01.10.057
4657,Ear Speculum Set,PERALATAN DAN MESIN,1.3.2.07.01.10.058
4658,Nasal Speculum Set,PERALATAN DAN MESIN,1.3.2.07.01.10.059
4659,Rectal Magnifier With Lamp,PERALATAN DAN MESIN,1.3.2.07.01.10.060
4660,Rectal Tougies Hegar Dilatator Set,PERALATAN DAN MESIN,1.3.2.07.01.10.061
4661,Stomach Evacuator,PERALATAN DAN MESIN,1.3.2.07.01.10.062
4662,Stomach Irrigator,PERALATAN DAN MESIN,1.3.2.07.01.10.063
4663,Tuberculosis Diagnostic Outfit,PERALATAN DAN MESIN,1.3.2.07.01.10.064
4664,Baby Incubator (Alat Kedokteran Anak),PERALATAN DAN MESIN,1.3.2.07.01.10.065
4665,Blue Light,PERALATAN DAN MESIN,1.3.2.07.01.10.066
4666,Pediatric/Infant Ventilator (Alat Kedokteran Anak),PERALATAN DAN MESIN,1.3.2.07.01.10.067
4667,Pediatric Surveillance Monitor (Alat Kedokteran Anak),PERALATAN DAN MESIN,1.3.2.07.01.10.068
4668,Baby Examination,PERALATAN DAN MESIN,1.3.2.07.01.10.069
4669,Baby Measuring Device,PERALATAN DAN MESIN,1.3.2.07.01.10.070
4670,Ecg Recorder Single Channel,PERALATAN DAN MESIN,1.3.2.07.01.10.071
4671,Electric Sterilisator,PERALATAN DAN MESIN,1.3.2.07.01.10.072
4672,Hi-Flow Antibiotic Nebulizer Solution Unit,PERALATAN DAN MESIN,1.3.2.07.01.10.073
4673,Incubator Transport,PERALATAN DAN MESIN,1.3.2.07.01.10.074
4674,Infant Care Unit With Servocontrole,PERALATAN DAN MESIN,1.3.2.07.01.10.075
4675,Infant Incubator Mobile,PERALATAN DAN MESIN,1.3.2.07.01.10.076
4676,Infantcare Centre,PERALATAN DAN MESIN,1.3.2.07.01.10.077
4677,Maag Sonde Premature For Baby,PERALATAN DAN MESIN,1.3.2.07.01.10.078
4678,Mercurial Sphymamometer With Baby Cuff,PERALATAN DAN MESIN,1.3.2.07.01.10.079
4679,Pulseoxy Meter,PERALATAN DAN MESIN,1.3.2.07.01.10.080
4680,Rectan Origator,PERALATAN DAN MESIN,1.3.2.07.01.10.081
4681,Refflex Hammer,PERALATAN DAN MESIN,1.3.2.07.01.10.082
4682,Stethoscope For Infant/Baby,PERALATAN DAN MESIN,1.3.2.07.01.10.083
4683,Swaddling Table,PERALATAN DAN MESIN,1.3.2.07.01.10.084
4684,alat kedokteran anak  lainnya (dst),PERALATAN DAN MESIN,1.3.2.07.01.10.085
4685,ALAT KEDOKTERAN POLIKLINIK,PERALATAN DAN MESIN,1.3.2.07.01.11.000
4686,"Basin Kidly, Stainless, Length 25 cm",PERALATAN DAN MESIN,1.3.2.07.01.11.001
4687,Bed Pan For Child,PERALATAN DAN MESIN,1.3.2.07.01.11.002
4688,Bed Pan For Adult 310 mm Complete,PERALATAN DAN MESIN,1.3.2.07.01.11.003
4689,Basis Solution,PERALATAN DAN MESIN,1.3.2.07.01.11.004
4690,Hammer Reffex,PERALATAN DAN MESIN,1.3.2.07.01.11.005
4691,"Thermometer Oral, Air Raksa",PERALATAN DAN MESIN,1.3.2.07.01.11.006
4692,"Thermometer Rectal, Air Raksa",PERALATAN DAN MESIN,1.3.2.07.01.11.007
4693,Diagnostic Set In Case Metal Stainless Steel,PERALATAN DAN MESIN,1.3.2.07.01.11.008
4694,Blood Pressure Meter With Pump Raksa,PERALATAN DAN MESIN,1.3.2.07.01.11.009
4695,Suture Needle,PERALATAN DAN MESIN,1.3.2.07.01.11.010
4696,Hypodermic Needle (Alat Kedokteran Poliklinik),PERALATAN DAN MESIN,1.3.2.07.01.11.011
4697,Michel Wound Clips Steel To Container Record,PERALATAN DAN MESIN,1.3.2.07.01.11.012
4698,Syringe Container Stainless,PERALATAN DAN MESIN,1.3.2.07.01.11.013
4699,Syringe Tuberculine 1 ml,PERALATAN DAN MESIN,1.3.2.07.01.11.014
4700,Case With Closing Handles 500X200X60 mm,PERALATAN DAN MESIN,1.3.2.07.01.11.015
4701,Leather Case For Metal Container,PERALATAN DAN MESIN,1.3.2.07.01.11.016
4702,Container For Tuberculine Syringe,PERALATAN DAN MESIN,1.3.2.07.01.11.017
4703,Container For Syringe,PERALATAN DAN MESIN,1.3.2.07.01.11.018
4704,Spiritus Burner,PERALATAN DAN MESIN,1.3.2.07.01.11.019
4705,Sterilizer For Spirit Heating,PERALATAN DAN MESIN,1.3.2.07.01.11.020
4706,Dressing Forceps,PERALATAN DAN MESIN,1.3.2.07.01.11.021
4707,Stirilizer For Syringe,PERALATAN DAN MESIN,1.3.2.07.01.11.022
4708,Kelly Heam Forceps 14 cm,PERALATAN DAN MESIN,1.3.2.07.01.11.023
4709,"Khocer Heam Forceps 10,5 cm",PERALATAN DAN MESIN,1.3.2.07.01.11.024
4710,"Halsread Mosquito Forceps 12,5 cm",PERALATAN DAN MESIN,1.3.2.07.01.11.025
4711,"Rocherter Pean Forceps 10,5 cm",PERALATAN DAN MESIN,1.3.2.07.01.11.026
4712,"Probes 14,5 cm",PERALATAN DAN MESIN,1.3.2.07.01.11.027
4713,Hegar Mayo'S Needle Holder 15 cm,PERALATAN DAN MESIN,1.3.2.07.01.11.028
4714,Burning Tongue Pressure,PERALATAN DAN MESIN,1.3.2.07.01.11.029
4715,Operating Scissors Blunt Sharp,PERALATAN DAN MESIN,1.3.2.07.01.11.030
4716,Knife Handle,PERALATAN DAN MESIN,1.3.2.07.01.11.031
4717,Scalpels Blades,PERALATAN DAN MESIN,1.3.2.07.01.11.032
4718,Foster Sponge Holding,PERALATAN DAN MESIN,1.3.2.07.01.11.033
4719,Scissors Gips,PERALATAN DAN MESIN,1.3.2.07.01.11.034
4720,Universal Scissors,PERALATAN DAN MESIN,1.3.2.07.01.11.035
4721,Tray Plain 250X1 30X30 Ml,PERALATAN DAN MESIN,1.3.2.07.01.11.036
4722,Mayo Hegar'S Holder,PERALATAN DAN MESIN,1.3.2.07.01.11.037
4723,Retractor Langeback,PERALATAN DAN MESIN,1.3.2.07.01.11.038
4724,Retractor Volkman,PERALATAN DAN MESIN,1.3.2.07.01.11.039
4725,Retractor Farabeuf,PERALATAN DAN MESIN,1.3.2.07.01.11.040
4726,Retractor Roux,PERALATAN DAN MESIN,1.3.2.07.01.11.041
4727,Cheron Sponge Forceps,PERALATAN DAN MESIN,1.3.2.07.01.11.042
4728,Dissecting Forceps,PERALATAN DAN MESIN,1.3.2.07.01.11.043
4729,Suture Mochel Set,PERALATAN DAN MESIN,1.3.2.07.01.11.044
4730,Tape Measure,PERALATAN DAN MESIN,1.3.2.07.01.11.045
4731,Bowl Solution,PERALATAN DAN MESIN,1.3.2.07.01.11.046
4732,Sheating Plastic,PERALATAN DAN MESIN,1.3.2.07.01.11.047
4733,Brush,PERALATAN DAN MESIN,1.3.2.07.01.11.048
4734,Suture Cotton Sice,PERALATAN DAN MESIN,1.3.2.07.01.11.049
4735,Forceps Sterilizer Cheattles,PERALATAN DAN MESIN,1.3.2.07.01.11.050
4736,Scissors Bandage,PERALATAN DAN MESIN,1.3.2.07.01.11.051
4737,Charst Vision Testing,PERALATAN DAN MESIN,1.3.2.07.01.11.052
4738,Head Mirror,PERALATAN DAN MESIN,1.3.2.07.01.11.053
4739,Clips And Applying And Removing,PERALATAN DAN MESIN,1.3.2.07.01.11.054
4740,Paratus (cc),PERALATAN DAN MESIN,1.3.2.07.01.11.055
4741,Tabung Periksa HB,PERALATAN DAN MESIN,1.3.2.07.01.11.056
4742,Dressing Jar,PERALATAN DAN MESIN,1.3.2.07.01.11.057
4743,Lodin Cup,PERALATAN DAN MESIN,1.3.2.07.01.11.058
4744,alat kedokteran poliklinik  lainnya (dst),PERALATAN DAN MESIN,1.3.2.07.01.11.059
4745,ALAT KESEHATAN REHABILITASI MEDIS,PERALATAN DAN MESIN,1.3.2.07.01.12.000
4746,Crude,PERALATAN DAN MESIN,1.3.2.07.01.12.001
4747,Wheel Chair (Alat Kesehatan Rehabilitasi Medis),PERALATAN DAN MESIN,1.3.2.07.01.12.002
4748,Artetis,PERALATAN DAN MESIN,1.3.2.07.01.12.003
4749,Ringen,PERALATAN DAN MESIN,1.3.2.07.01.12.004
4750,Trade Sandow,PERALATAN DAN MESIN,1.3.2.07.01.12.005
4751,Hardstock,PERALATAN DAN MESIN,1.3.2.07.01.12.006
4752,Tiang Keseimbangan,PERALATAN DAN MESIN,1.3.2.07.01.12.007
4753,Acupunture Therapy,PERALATAN DAN MESIN,1.3.2.07.01.12.008
4754,Audio Treater Portable,PERALATAN DAN MESIN,1.3.2.07.01.12.009
4755,Balance Beam Set,PERALATAN DAN MESIN,1.3.2.07.01.12.010
4756,Bath Wirl Pool,PERALATAN DAN MESIN,1.3.2.07.01.12.011
4757,Compression Therapy,PERALATAN DAN MESIN,1.3.2.07.01.12.012
4758,Electro Stimulation & Analgesia,PERALATAN DAN MESIN,1.3.2.07.01.12.013
4759,Electro Tilt Table,PERALATAN DAN MESIN,1.3.2.07.01.12.014
4760,Ergocycle,PERALATAN DAN MESIN,1.3.2.07.01.12.015
4761,Exercise Bicysles,PERALATAN DAN MESIN,1.3.2.07.01.12.016
4762,Exercise Equipment,PERALATAN DAN MESIN,1.3.2.07.01.12.017
4763,Exercise Pulley Weight,PERALATAN DAN MESIN,1.3.2.07.01.12.018
4764,Exercise Treadmil,PERALATAN DAN MESIN,1.3.2.07.01.12.019
4765,Faradic-Galvanic Therapy,PERALATAN DAN MESIN,1.3.2.07.01.12.020
4766,Faradisasi,PERALATAN DAN MESIN,1.3.2.07.01.12.021
4767,Finger Exercise Table,PERALATAN DAN MESIN,1.3.2.07.01.12.022
4768,Finger Muscle Therapy,PERALATAN DAN MESIN,1.3.2.07.01.12.023
4769,Hydro Therapy,PERALATAN DAN MESIN,1.3.2.07.01.12.024
4770,Infra Red & Ultraviolet,PERALATAN DAN MESIN,1.3.2.07.01.12.025
4771,Isostations For Accurate,PERALATAN DAN MESIN,1.3.2.07.01.12.026
4772,Laser Therapy,PERALATAN DAN MESIN,1.3.2.07.01.12.027
4773,Lymphatic Physiotherapy,PERALATAN DAN MESIN,1.3.2.07.01.12.028
4774,L.F. Electro Therapy,PERALATAN DAN MESIN,1.3.2.07.01.12.029
4775,Micro Wave Diathermy,PERALATAN DAN MESIN,1.3.2.07.01.12.030
4776,Modular Electro Therapy,PERALATAN DAN MESIN,1.3.2.07.01.12.031
4777,Parafin Bath,PERALATAN DAN MESIN,1.3.2.07.01.12.032
4778,Pulsa Erator Unit,PERALATAN DAN MESIN,1.3.2.07.01.12.033
4779,Quadricerps Table,PERALATAN DAN MESIN,1.3.2.07.01.12.034
4780,Rotary Wrist Exercise,PERALATAN DAN MESIN,1.3.2.07.01.12.035
4781,Rowing Machine,PERALATAN DAN MESIN,1.3.2.07.01.12.036
4782,Short Wave Diathermy,PERALATAN DAN MESIN,1.3.2.07.01.12.037
4783,Shoulder Whell Exercise,PERALATAN DAN MESIN,1.3.2.07.01.12.038
4784,Suspension & Pulley Equipment,PERALATAN DAN MESIN,1.3.2.07.01.12.039
4785,Therapeutical Nerve & Muscle Situmulation,PERALATAN DAN MESIN,1.3.2.07.01.12.040
4786,Traction Unit,PERALATAN DAN MESIN,1.3.2.07.01.12.041
4787,Tread Mill Treatment,PERALATAN DAN MESIN,1.3.2.07.01.12.042
4788,Ultra Saound Theraphy,PERALATAN DAN MESIN,1.3.2.07.01.12.043
4789,Ultrasonic Theraphy Unit,PERALATAN DAN MESIN,1.3.2.07.01.12.044
4790,alat kesehatan rehabilitasi medis  lainnya (dst),PERALATAN DAN MESIN,1.3.2.07.01.12.045
4791,ALAT KEDOKTERAN NEUROLOGI (SYARAF),PERALATAN DAN MESIN,1.3.2.07.01.13.000
4792,Electro Encephalograph (Alat Kedokteran Neurologi (syaraf)),PERALATAN DAN MESIN,1.3.2.07.01.13.001
4793,Echo Encephalograph,PERALATAN DAN MESIN,1.3.2.07.01.13.002
4794,Electro Myograph,PERALATAN DAN MESIN,1.3.2.07.01.13.003
4795,Electro Stimulator (Alat Kedokteran Neurologi (syaraf)),PERALATAN DAN MESIN,1.3.2.07.01.13.004
4796,Patient Monitor,PERALATAN DAN MESIN,1.3.2.07.01.13.005
4797,Brain Mapping,PERALATAN DAN MESIN,1.3.2.07.01.13.006
4798,Electro Surgery (Alat Kedokteran Neurologi (syaraf)),PERALATAN DAN MESIN,1.3.2.07.01.13.007
4799,Evoked Potensial System,PERALATAN DAN MESIN,1.3.2.07.01.13.008
4800,alat kedokteran neurologi (syaraf)  lainnya (dst),PERALATAN DAN MESIN,1.3.2.07.01.13.009
4801,ALAT KEDOKTERAN JANTUNG,PERALATAN DAN MESIN,1.3.2.07.01.14.000
4802,Electrocardiograph,PERALATAN DAN MESIN,1.3.2.07.01.14.001
4803,Operating Table Jantung,PERALATAN DAN MESIN,1.3.2.07.01.14.002
4804,Oxygen Tank,PERALATAN DAN MESIN,1.3.2.07.01.14.003
4805,Central Gas,PERALATAN DAN MESIN,1.3.2.07.01.14.004
4806,Central Suction (Alat Kedokteran Jantung),PERALATAN DAN MESIN,1.3.2.07.01.14.005
4807,Heart Rate Monitor,PERALATAN DAN MESIN,1.3.2.07.01.14.006
4808,Repiration Monitor (Alat Kedokteran Jantung),PERALATAN DAN MESIN,1.3.2.07.01.14.007
4809,Blood Pressure Monitor (Alat Kedokteran Jantung),PERALATAN DAN MESIN,1.3.2.07.01.14.008
4810,Temperature Monitor (Alat Kedokteran Jantung),PERALATAN DAN MESIN,1.3.2.07.01.14.009
4811,Arrytmia Monitor,PERALATAN DAN MESIN,1.3.2.07.01.14.010
4812,Blood Gas Analyzer (Alat Kedokteran Jantung),PERALATAN DAN MESIN,1.3.2.07.01.14.011
4813,Cabinet AC & DC Defibrilator Cardioc And Recorder Seward,PERALATAN DAN MESIN,1.3.2.07.01.14.012
4814,Cabinet Untuk EKG,PERALATAN DAN MESIN,1.3.2.07.01.14.013
4815,Capugraph Modul,PERALATAN DAN MESIN,1.3.2.07.01.14.014
4816,Cardiac Output Modul,PERALATAN DAN MESIN,1.3.2.07.01.14.015
4817,Cardiac Chair,PERALATAN DAN MESIN,1.3.2.07.01.14.016
4818,Cardiac Massage Unit,PERALATAN DAN MESIN,1.3.2.07.01.14.017
4819,Cardiac Output,PERALATAN DAN MESIN,1.3.2.07.01.14.018
4820,Cardiac Recorder,PERALATAN DAN MESIN,1.3.2.07.01.14.019
4821,Cardiac Resuscitator,PERALATAN DAN MESIN,1.3.2.07.01.14.020
4822,Defibrilator Phisiocontrol,PERALATAN DAN MESIN,1.3.2.07.01.14.021
4823,ECG 3 Channel,PERALATAN DAN MESIN,1.3.2.07.01.14.022
4824,Echo Cardiograph System,PERALATAN DAN MESIN,1.3.2.07.01.14.023
4825,Echo Cateter Isolation,PERALATAN DAN MESIN,1.3.2.07.01.14.024
4826,Echocolor Doppler,PERALATAN DAN MESIN,1.3.2.07.01.14.025
4827,EKG Elektro Photo Cardiograph For Recording Elektro And,PERALATAN DAN MESIN,1.3.2.07.01.14.026
4828,EKG Monitor,PERALATAN DAN MESIN,1.3.2.07.01.14.027
4829,EKG Simulation,PERALATAN DAN MESIN,1.3.2.07.01.14.028
4830,Electrolyt Analyzer,PERALATAN DAN MESIN,1.3.2.07.01.14.029
4831,Exercise Treadmil Test,PERALATAN DAN MESIN,1.3.2.07.01.14.030
4832,Haemodyalisis Unit,PERALATAN DAN MESIN,1.3.2.07.01.14.031
4833,Holter Monitor,PERALATAN DAN MESIN,1.3.2.07.01.14.032
4834,Kg Sol - B III Japan,PERALATAN DAN MESIN,1.3.2.07.01.14.033
4835,Master Test (Jepang),PERALATAN DAN MESIN,1.3.2.07.01.14.034
4836,Mobile X-Ray & Image Int.,PERALATAN DAN MESIN,1.3.2.07.01.14.035
4837,Oxator Head Complete,PERALATAN DAN MESIN,1.3.2.07.01.14.036
4838,Pace Maker,PERALATAN DAN MESIN,1.3.2.07.01.14.037
4839,Phonocardiograph,PERALATAN DAN MESIN,1.3.2.07.01.14.038
4840,"Survase 45,7 X 13",PERALATAN DAN MESIN,1.3.2.07.01.14.039
4841,S.9910 Cardiomonitor AC/SC Seward,PERALATAN DAN MESIN,1.3.2.07.01.14.040
4842,Temporay Fase Maker,PERALATAN DAN MESIN,1.3.2.07.01.14.041
4843,Treadmill Spedroge 2-4 16 KMA Elektrical System Walking,PERALATAN DAN MESIN,1.3.2.07.01.14.042
4844,Treadmill/On (Giken),PERALATAN DAN MESIN,1.3.2.07.01.14.043
4845,Tunturi Sepeda,PERALATAN DAN MESIN,1.3.2.07.01.14.044
4846,alat kedokteran jantung  lainnya (dst),PERALATAN DAN MESIN,1.3.2.07.01.14.045
4847,ALAT KEDOKTERAN RADIODIAGNOSTIC,PERALATAN DAN MESIN,1.3.2.07.01.15.000
4848,Angiography Unit,PERALATAN DAN MESIN,1.3.2.07.01.15.001
4849,Apron,PERALATAN DAN MESIN,1.3.2.07.01.15.002
4850,Automatic Film Processing Unit,PERALATAN DAN MESIN,1.3.2.07.01.15.003
4851,Bucky Table/Tomography,PERALATAN DAN MESIN,1.3.2.07.01.15.004
4852,Bucky Stand,PERALATAN DAN MESIN,1.3.2.07.01.15.005
4853,Cassete Film (Alat Kedokteran Radiodiagnostic),PERALATAN DAN MESIN,1.3.2.07.01.15.006
4854,Film Processing Tank,PERALATAN DAN MESIN,1.3.2.07.01.15.007
4855,General Purpose X-Ray Unit,PERALATAN DAN MESIN,1.3.2.07.01.15.008
4856,X-Ray Tomography Unit,PERALATAN DAN MESIN,1.3.2.07.01.15.009
4857,Grid,PERALATAN DAN MESIN,1.3.2.07.01.15.010
4858,Inten Sifying Screen,PERALATAN DAN MESIN,1.3.2.07.01.15.011
4859,MRI (Magnitic Resonanse/Imaging),PERALATAN DAN MESIN,1.3.2.07.01.15.012
4860,Spect,PERALATAN DAN MESIN,1.3.2.07.01.15.013
4861,X-Ray Mobile Unit,PERALATAN DAN MESIN,1.3.2.07.01.15.014
4862,Radiology Unit (Rongent),PERALATAN DAN MESIN,1.3.2.07.01.15.015
4863,Basic Radiography System,PERALATAN DAN MESIN,1.3.2.07.01.15.016
4864,General Examination,PERALATAN DAN MESIN,1.3.2.07.01.15.017
4865,Mass Chest Unit,PERALATAN DAN MESIN,1.3.2.07.01.15.018
4866,Skul Unit (Cranio),PERALATAN DAN MESIN,1.3.2.07.01.15.019
4867,Mamography X-Ray Unit,PERALATAN DAN MESIN,1.3.2.07.01.15.020
4868,Tomograph Unit,PERALATAN DAN MESIN,1.3.2.07.01.15.021
4869,Angiography,PERALATAN DAN MESIN,1.3.2.07.01.15.022
4870,Zonography Unit,PERALATAN DAN MESIN,1.3.2.07.01.15.023
4871,CT-Scan,PERALATAN DAN MESIN,1.3.2.07.01.15.024
4872,Magnetic Resonanie Imaging,PERALATAN DAN MESIN,1.3.2.07.01.15.025
4873,Digital Subtract Angiong,PERALATAN DAN MESIN,1.3.2.07.01.15.026
4874,Dental Panaromic,PERALATAN DAN MESIN,1.3.2.07.01.15.027
4875,Automatic Film Processing,PERALATAN DAN MESIN,1.3.2.07.01.15.028
4876,X-Ray Contect Therapy,PERALATAN DAN MESIN,1.3.2.07.01.15.029
4877,X-Ray Superficial Therapy,PERALATAN DAN MESIN,1.3.2.07.01.15.030
4878,Deep Therapy,PERALATAN DAN MESIN,1.3.2.07.01.15.031
4879,Medium Voltage Therapy,PERALATAN DAN MESIN,1.3.2.07.01.15.032
4880,Linier Accelarator,PERALATAN DAN MESIN,1.3.2.07.01.15.033
4881,After Loading,PERALATAN DAN MESIN,1.3.2.07.01.15.034
4882,Treatment Plan Computer,PERALATAN DAN MESIN,1.3.2.07.01.15.035
4883,Localizer/Stimulator,PERALATAN DAN MESIN,1.3.2.07.01.15.036
4884,alat kedokteran radiodiagnostic  lainnya (dst),PERALATAN DAN MESIN,1.3.2.07.01.15.037
4885,ALAT KEDOKTERAN PATALOGI ANATOMY,PERALATAN DAN MESIN,1.3.2.07.01.16.000
4886,Automatic Rotary Microtome,PERALATAN DAN MESIN,1.3.2.07.01.16.001
4887,Automatic Tisue Prosessor,PERALATAN DAN MESIN,1.3.2.07.01.16.002
4888,Autopsi Set (Post Mortem Dissectiong Set),PERALATAN DAN MESIN,1.3.2.07.01.16.003
4889,Binoculer Microscope (Alat Kedokteran Patologi Anatomy),PERALATAN DAN MESIN,1.3.2.07.01.16.004
4890,Cytopsin 2,PERALATAN DAN MESIN,1.3.2.07.01.16.005
4891,Fluoeresenci Microscope,PERALATAN DAN MESIN,1.3.2.07.01.16.006
4892,Histoblok,PERALATAN DAN MESIN,1.3.2.07.01.16.007
4893,Hotplate,PERALATAN DAN MESIN,1.3.2.07.01.16.008
4894,Inverteed Microscope,PERALATAN DAN MESIN,1.3.2.07.01.16.009
4895,Laminari Air Flow,PERALATAN DAN MESIN,1.3.2.07.01.16.010
4896,Magnetic Stifer Termolyne,PERALATAN DAN MESIN,1.3.2.07.01.16.011
4897,Minimash Millipore,PERALATAN DAN MESIN,1.3.2.07.01.16.012
4898,Timbangan Halus,PERALATAN DAN MESIN,1.3.2.07.01.16.013
4899,Universal Microscope,PERALATAN DAN MESIN,1.3.2.07.01.16.014
4900,Microtome (Alat Kedokteran Patologi Anatomy),PERALATAN DAN MESIN,1.3.2.07.01.16.015
4901,Sonography Unit,PERALATAN DAN MESIN,1.3.2.07.01.16.016
4902,Pediatric Unit,PERALATAN DAN MESIN,1.3.2.07.01.16.017
4903,CT Scanner,PERALATAN DAN MESIN,1.3.2.07.01.16.018
4904,alat kedokteran patalogi anatomy  lainnya (dst),PERALATAN DAN MESIN,1.3.2.07.01.16.019
4905,ALAT KEDOKTERAN TRANSFUSI DARAH,PERALATAN DAN MESIN,1.3.2.07.01.17.000
4906,Blood Bank,PERALATAN DAN MESIN,1.3.2.07.01.17.001
4907,Centrifuge MLA,PERALATAN DAN MESIN,1.3.2.07.01.17.002
4908,Centrifuge Sera,PERALATAN DAN MESIN,1.3.2.07.01.17.003
4909,Centrifuge Sorval,PERALATAN DAN MESIN,1.3.2.07.01.17.004
4910,alat kedokteran transfusi darah  lainnya (dst),PERALATAN DAN MESIN,1.3.2.07.01.17.005
4911,ALAT KEDOKTERAN RADIOTERAPY,PERALATAN DAN MESIN,1.3.2.07.01.18.000
4912,After Loading,PERALATAN DAN MESIN,1.3.2.07.01.18.001
4913,Bed Instrubator,PERALATAN DAN MESIN,1.3.2.07.01.18.002
4914,Blitz Lamp,PERALATAN DAN MESIN,1.3.2.07.01.18.003
4915,Blood Irradiator,PERALATAN DAN MESIN,1.3.2.07.01.18.004
4916,Cassete Film (Alat Kedokteran Radioterapy),PERALATAN DAN MESIN,1.3.2.07.01.18.005
4917,"Cineting Cable For Recorder Light 0,8 mm",PERALATAN DAN MESIN,1.3.2.07.01.18.006
4918,Cobalt 60,PERALATAN DAN MESIN,1.3.2.07.01.18.007
4919,Conection Cable 23 Linght 3 mm,PERALATAN DAN MESIN,1.3.2.07.01.18.008
4920,Counetring Cable,PERALATAN DAN MESIN,1.3.2.07.01.18.009
4921,Stimulator (Alat Kedokteran Radioterapy),PERALATAN DAN MESIN,1.3.2.07.01.18.010
4922,Data Catridge,PERALATAN DAN MESIN,1.3.2.07.01.18.011
4923,Dosimeter,PERALATAN DAN MESIN,1.3.2.07.01.18.012
4924,Film Dryer,PERALATAN DAN MESIN,1.3.2.07.01.18.013
4925,Film Hanger,PERALATAN DAN MESIN,1.3.2.07.01.18.014
4926,Film Marker,PERALATAN DAN MESIN,1.3.2.07.01.18.015
4927,Film Pass Box,PERALATAN DAN MESIN,1.3.2.07.01.18.016
4928,Flaw Directic Pacing Cathasen,PERALATAN DAN MESIN,1.3.2.07.01.18.017
4929,Flush Immanted (Siemens),PERALATAN DAN MESIN,1.3.2.07.01.18.018
4930,Head Hunidifier,PERALATAN DAN MESIN,1.3.2.07.01.18.019
4931,Lead Apron,PERALATAN DAN MESIN,1.3.2.07.01.18.020
4932,Linier Accelerator,PERALATAN DAN MESIN,1.3.2.07.01.18.021
4933,Lisholm Grid,PERALATAN DAN MESIN,1.3.2.07.01.18.022
4934,Lisholm Ukuran 30 X 45,PERALATAN DAN MESIN,1.3.2.07.01.18.023
4935,Lisholm Ukuran 35 X 35,PERALATAN DAN MESIN,1.3.2.07.01.18.024
4936,Mediscape Star (USA),PERALATAN DAN MESIN,1.3.2.07.01.18.025
4937,Minitor 44 cm 625 Lines Siemens,PERALATAN DAN MESIN,1.3.2.07.01.18.026
4938,Minitor Carese Siemens,PERALATAN DAN MESIN,1.3.2.07.01.18.027
4939,X-Ray Medium Therapy,PERALATAN DAN MESIN,1.3.2.07.01.18.028
4940,Monographie Device,PERALATAN DAN MESIN,1.3.2.07.01.18.029
4941,Mould Room,PERALATAN DAN MESIN,1.3.2.07.01.18.030
4942,Peac Flw Mater Imniright,PERALATAN DAN MESIN,1.3.2.07.01.18.031
4943,Selectron,PERALATAN DAN MESIN,1.3.2.07.01.18.032
4944,Survey Meter (Alat Kedokteran Radioterapy),PERALATAN DAN MESIN,1.3.2.07.01.18.033
4945,Telegama Therapy,PERALATAN DAN MESIN,1.3.2.07.01.18.034
4946,Treatment Plan Computer,PERALATAN DAN MESIN,1.3.2.07.01.18.035
4947,X-Ray Contect Therapy,PERALATAN DAN MESIN,1.3.2.07.01.18.036
4948,X-Ray Superficial Therapy,PERALATAN DAN MESIN,1.3.2.07.01.18.037
4949,alat kedokteran radioterapy  lainnya (dst),PERALATAN DAN MESIN,1.3.2.07.01.18.038
4950,ALAT KEDOKTERAN NUKLIR,PERALATAN DAN MESIN,1.3.2.07.01.19.000
4951,Auto Bed Washer,PERALATAN DAN MESIN,1.3.2.07.01.19.001
4952,Auto Well Gamma System,PERALATAN DAN MESIN,1.3.2.07.01.19.002
4953,Calibrator DST Kit,PERALATAN DAN MESIN,1.3.2.07.01.19.003
4954,Complete Stese Test System With Bicyele,PERALATAN DAN MESIN,1.3.2.07.01.19.004
4955,Contaminator Monitor,PERALATAN DAN MESIN,1.3.2.07.01.19.005
4956,CS 137 Chank Source 10 Micro,PERALATAN DAN MESIN,1.3.2.07.01.19.006
4957,Currie Pie Survey Meter,PERALATAN DAN MESIN,1.3.2.07.01.19.007
4958,Deep Freezer (Alat Kedokteran Nuklir),PERALATAN DAN MESIN,1.3.2.07.01.19.008
4959,Dehumidifier (Alat Kedokteran Nuklir),PERALATAN DAN MESIN,1.3.2.07.01.19.009
4960,Film Formator,PERALATAN DAN MESIN,1.3.2.07.01.19.010
4961,Gamma Cammera,PERALATAN DAN MESIN,1.3.2.07.01.19.011
4962,Generator TC,PERALATAN DAN MESIN,1.3.2.07.01.19.012
4963,Glove Box (Alat Kedokteran Nuklir),PERALATAN DAN MESIN,1.3.2.07.01.19.013
4964,Hand Foot And Clotes Monitor,PERALATAN DAN MESIN,1.3.2.07.01.19.014
4965,Hand Foot + Cloth Monitor,PERALATAN DAN MESIN,1.3.2.07.01.19.015
4966,Lab.Equipmen Techne Shaker,PERALATAN DAN MESIN,1.3.2.07.01.19.016
4967,Low Energy Hight Resolution Collimator,PERALATAN DAN MESIN,1.3.2.07.01.19.017
4968,Mobil Unit Ditector System,PERALATAN DAN MESIN,1.3.2.07.01.19.018
4969,Multi Format Cammera,PERALATAN DAN MESIN,1.3.2.07.01.19.019
4970,Nuclear Medicine Data Processor,PERALATAN DAN MESIN,1.3.2.07.01.19.020
4971,Optical Disk 800 Mb Front Loading Cartridge,PERALATAN DAN MESIN,1.3.2.07.01.19.021
4972,Personal Digital Dosimeter,PERALATAN DAN MESIN,1.3.2.07.01.19.022
4973,Qurimeter + Printer,PERALATAN DAN MESIN,1.3.2.07.01.19.023
4974,Refrigated Centrifuge,PERALATAN DAN MESIN,1.3.2.07.01.19.024
4975,Renograph,PERALATAN DAN MESIN,1.3.2.07.01.19.025
4976,Serosym,PERALATAN DAN MESIN,1.3.2.07.01.19.026
4977,Shaker Bath,PERALATAN DAN MESIN,1.3.2.07.01.19.027
4978,Cammera DST,PERALATAN DAN MESIN,1.3.2.07.01.19.028
4979,Spect Genesys + Accesoires,PERALATAN DAN MESIN,1.3.2.07.01.19.029
4980,Surver Meter/Dosirate Meter,PERALATAN DAN MESIN,1.3.2.07.01.19.030
4981,Therminal Transfer Color Printer,PERALATAN DAN MESIN,1.3.2.07.01.19.031
4982,Thyroid Up Take,PERALATAN DAN MESIN,1.3.2.07.01.19.032
4983,Uninterupted Power System,PERALATAN DAN MESIN,1.3.2.07.01.19.033
4984,Scinlation Scanner,PERALATAN DAN MESIN,1.3.2.07.01.19.034
4985,Varios Collimatror,PERALATAN DAN MESIN,1.3.2.07.01.19.035
4986,Well Type Scintillatoin Counter Scale+Ratemate,PERALATAN DAN MESIN,1.3.2.07.01.19.036
4987,Whole Body Cough,PERALATAN DAN MESIN,1.3.2.07.01.19.037
4988,Ria Equipment,PERALATAN DAN MESIN,1.3.2.07.01.19.038
4989,Hand Microtome,PERALATAN DAN MESIN,1.3.2.07.01.19.039
4990,Rotary Microtome,PERALATAN DAN MESIN,1.3.2.07.01.19.040
4991,Freezy Microtome (Cry Cut Microtome),PERALATAN DAN MESIN,1.3.2.07.01.19.041
4992,Microtomr Knife Sharpener,PERALATAN DAN MESIN,1.3.2.07.01.19.042
4993,Automatic Tissue Processor (Alat Kedokteran Nuklir),PERALATAN DAN MESIN,1.3.2.07.01.19.043
4994,Fisher Bridge Warmer,PERALATAN DAN MESIN,1.3.2.07.01.19.044
4995,Lamianir Air Flo,PERALATAN DAN MESIN,1.3.2.07.01.19.045
4996,Steam Sterilizer (Alat Kedokteran Nuklir),PERALATAN DAN MESIN,1.3.2.07.01.19.046
4997,Instrument Sterilizer,PERALATAN DAN MESIN,1.3.2.07.01.19.047
4998,radiation Sterilizer,PERALATAN DAN MESIN,1.3.2.07.01.19.048
4999,Hot Air Sterilizer,PERALATAN DAN MESIN,1.3.2.07.01.19.049
5000,High Pressure Sterilizer,PERALATAN DAN MESIN,1.3.2.07.01.19.050
5001,Microwave Cleaning Bath,PERALATAN DAN MESIN,1.3.2.07.01.19.051
5002,ultrasonic Cleaning Bath,PERALATAN DAN MESIN,1.3.2.07.01.19.052
5003,Sereologi Bath,PERALATAN DAN MESIN,1.3.2.07.01.19.053
5004,Roller Tube Culture Apparatus,PERALATAN DAN MESIN,1.3.2.07.01.19.054
5005,Roller Tube Incubator,PERALATAN DAN MESIN,1.3.2.07.01.19.055
5006,Growth Chanber,PERALATAN DAN MESIN,1.3.2.07.01.19.056
5007,Reffigerated Incubator,PERALATAN DAN MESIN,1.3.2.07.01.19.057
5008,Anaerobic Culture Incubator,PERALATAN DAN MESIN,1.3.2.07.01.19.058
5009,Cell Culture Incubator,PERALATAN DAN MESIN,1.3.2.07.01.19.059
5010,Shaking incubator,PERALATAN DAN MESIN,1.3.2.07.01.19.060
5011,Isotemp Dry Heat Incubator,PERALATAN DAN MESIN,1.3.2.07.01.19.061
5012,Gravity Convection Incubator,PERALATAN DAN MESIN,1.3.2.07.01.19.062
5013,Air Flow Incubator,PERALATAN DAN MESIN,1.3.2.07.01.19.063
5014,Bacterial Colony Counter,PERALATAN DAN MESIN,1.3.2.07.01.19.064
5015,Hand Tally Counter,PERALATAN DAN MESIN,1.3.2.07.01.19.065
5016,Blood Conting Instrument,PERALATAN DAN MESIN,1.3.2.07.01.19.066
5017,Blood Sedimentation Apparatus,PERALATAN DAN MESIN,1.3.2.07.01.19.067
5018,Blood Investigation Set,PERALATAN DAN MESIN,1.3.2.07.01.19.068
5019,Sahli Haemometer,PERALATAN DAN MESIN,1.3.2.07.01.19.069
5020,Blood Presure Meter/Tensimeter,PERALATAN DAN MESIN,1.3.2.07.01.19.070
5021,Haemachyto Meter,PERALATAN DAN MESIN,1.3.2.07.01.19.071
5022,Blood Gas Analyzer (Alat Kedokteran Nuklir),PERALATAN DAN MESIN,1.3.2.07.01.19.072
5023,Blood Calcium Analyzer,PERALATAN DAN MESIN,1.3.2.07.01.19.073
5024,Blood ClorineAnalyzer,PERALATAN DAN MESIN,1.3.2.07.01.19.074
5025,Blood Sodium Potasium Analyzer,PERALATAN DAN MESIN,1.3.2.07.01.19.075
5026,Haemotology Analyzer,PERALATAN DAN MESIN,1.3.2.07.01.19.076
5027,Erithroyte Sedimentation Pate (ESR) Recorder,PERALATAN DAN MESIN,1.3.2.07.01.19.077
5028,Defferential Blood Cell Counter,PERALATAN DAN MESIN,1.3.2.07.01.19.078
5029,Electro Cardiograph,PERALATAN DAN MESIN,1.3.2.07.01.19.079
5030,Electro Encephalograph (Alat Kedokteran Nuklir),PERALATAN DAN MESIN,1.3.2.07.01.19.080
5031,Cardio Vascular Instrument,PERALATAN DAN MESIN,1.3.2.07.01.19.081
5032,Urine Meter,PERALATAN DAN MESIN,1.3.2.07.01.19.082
5033,Stetoscope (Alat Kedokteran Nuklir),PERALATAN DAN MESIN,1.3.2.07.01.19.083
5034,Reflex Hammer (Alat Kedokteran Nuklir),PERALATAN DAN MESIN,1.3.2.07.01.19.084
5035,Diagnostic Set,PERALATAN DAN MESIN,1.3.2.07.01.19.085
5036,Ben Pan (For Child Adult),PERALATAN DAN MESIN,1.3.2.07.01.19.086
5037,Head Lamp (Alat Kedokteran Nuklir),PERALATAN DAN MESIN,1.3.2.07.01.19.087
5038,Geneocology Table,PERALATAN DAN MESIN,1.3.2.07.01.19.088
5039,Thyroid Uptake System,PERALATAN DAN MESIN,1.3.2.07.01.19.089
5040,Renography Sistem,PERALATAN DAN MESIN,1.3.2.07.01.19.090
5041,Whole Bode Scanner,PERALATAN DAN MESIN,1.3.2.07.01.19.091
5042,Wellytype Gamma Scanner,PERALATAN DAN MESIN,1.3.2.07.01.19.092
5043,Syringe,PERALATAN DAN MESIN,1.3.2.07.01.19.093
5044,Lead Syringe,PERALATAN DAN MESIN,1.3.2.07.01.19.094
5045,Sutine Reedle,PERALATAN DAN MESIN,1.3.2.07.01.19.095
5046,Sutine,PERALATAN DAN MESIN,1.3.2.07.01.19.096
5047,Micro Tic Kit,PERALATAN DAN MESIN,1.3.2.07.01.19.097
5048,Minor Sugry Set,PERALATAN DAN MESIN,1.3.2.07.01.19.098
5049,Major Sugry Set,PERALATAN DAN MESIN,1.3.2.07.01.19.099
5050,Nephecto Set,PERALATAN DAN MESIN,1.3.2.07.01.19.100
5051,Circumcion Set,PERALATAN DAN MESIN,1.3.2.07.01.19.101
5052,Orthopae Set,PERALATAN DAN MESIN,1.3.2.07.01.19.102
5053,Pectum Set,PERALATAN DAN MESIN,1.3.2.07.01.19.103
5054,Tracheotr Set,PERALATAN DAN MESIN,1.3.2.07.01.19.104
5055,Gastorlistinal Set,PERALATAN DAN MESIN,1.3.2.07.01.19.105
5056,Metal Catcher,PERALATAN DAN MESIN,1.3.2.07.01.19.106
5057,Blood Exchange Set (Alat Kedokteran Nuklir),PERALATAN DAN MESIN,1.3.2.07.01.19.107
5058,Urology Set,PERALATAN DAN MESIN,1.3.2.07.01.19.108
5059,Thyroid Set,PERALATAN DAN MESIN,1.3.2.07.01.19.109
5060,Operation Lamp,PERALATAN DAN MESIN,1.3.2.07.01.19.110
5061,alat kedokteran nuklir  lainnya (dst),PERALATAN DAN MESIN,1.3.2.07.01.19.111
5062,ALAT KEDOKTERAN KULIT DAN KELAMIN,PERALATAN DAN MESIN,1.3.2.07.01.20.000
5063,Dermatology Laser,PERALATAN DAN MESIN,1.3.2.07.01.20.001
5064,Electro Surgery Treatment,PERALATAN DAN MESIN,1.3.2.07.01.20.002
5065,Skin Drafting,PERALATAN DAN MESIN,1.3.2.07.01.20.003
5066,Tissue Incubator,PERALATAN DAN MESIN,1.3.2.07.01.20.004
5067,Air Jacketed Dry C02 Incubator,PERALATAN DAN MESIN,1.3.2.07.01.20.005
5068,Anuscope & Rectoscope,PERALATAN DAN MESIN,1.3.2.07.01.20.006
5069,Fluorescense Mikroscope,PERALATAN DAN MESIN,1.3.2.07.01.20.007
5070,High Resolution Stereoscopic Documentation - Colposcopy Lengkap,PERALATAN DAN MESIN,1.3.2.07.01.20.008
5071,Ice Cryostat Microtome,PERALATAN DAN MESIN,1.3.2.07.01.20.009
5072,Kursi Gynecologi,PERALATAN DAN MESIN,1.3.2.07.01.20.010
5073,Kasur Anti Decubitus,PERALATAN DAN MESIN,1.3.2.07.01.20.011
5074,Mikroscope Labophot,PERALATAN DAN MESIN,1.3.2.07.01.20.012
5075,alat kedokteran kulit dan kelamin  lainnya (dst),PERALATAN DAN MESIN,1.3.2.07.01.20.013
5076,ALAT KEDOKTERAN GAWAT DARURAT,PERALATAN DAN MESIN,1.3.2.07.01.21.000
5077,Amnioscope (Alat Kedokteran Gawat Darurat),PERALATAN DAN MESIN,1.3.2.07.01.21.001
5078,Automatic Film Processor,PERALATAN DAN MESIN,1.3.2.07.01.21.002
5079,Basic Appendectomy Set,PERALATAN DAN MESIN,1.3.2.07.01.21.003
5080,Basic Craniotomy Set,PERALATAN DAN MESIN,1.3.2.07.01.21.004
5081,Basic Diagnostic Kit (Alat Kedokteran Gawat Darurat),PERALATAN DAN MESIN,1.3.2.07.01.21.005
5082,Basic Thoracic Set,PERALATAN DAN MESIN,1.3.2.07.01.21.006
5083,Bath Tub For Hydrotherapy,PERALATAN DAN MESIN,1.3.2.07.01.21.007
5084,Blanket Roll,PERALATAN DAN MESIN,1.3.2.07.01.21.008
5085,Blood Bank Refrigerator (Alat Kedokteran Gawat Darurat),PERALATAN DAN MESIN,1.3.2.07.01.21.009
5086,Blood Pressure Monitor (Alat Kedokteran Gawat Darurat),PERALATAN DAN MESIN,1.3.2.07.01.21.010
5087,Bronshoscope,PERALATAN DAN MESIN,1.3.2.07.01.21.011
5088,Centrifuge Haematocrit,PERALATAN DAN MESIN,1.3.2.07.01.21.012
5089,Colposcopy,PERALATAN DAN MESIN,1.3.2.07.01.21.013
5090,Crystoscope,PERALATAN DAN MESIN,1.3.2.07.01.21.014
5091,Cyto Urethroscope,PERALATAN DAN MESIN,1.3.2.07.01.21.015
5092,Deionizing Unit,PERALATAN DAN MESIN,1.3.2.07.01.21.016
5093,Dermatome And Mesh,PERALATAN DAN MESIN,1.3.2.07.01.21.017
5094,Differential Leucocyte Counter,PERALATAN DAN MESIN,1.3.2.07.01.21.018
5095,Electro Surgery (Alat Kedokteran Gawat Darurat),PERALATAN DAN MESIN,1.3.2.07.01.21.019
5096,Electrolyte Analyzer,PERALATAN DAN MESIN,1.3.2.07.01.21.020
5097,Electronic Reading Balance (Alat Kedokteran Gawat Darurat),PERALATAN DAN MESIN,1.3.2.07.01.21.021
5098,Emergency Kit,PERALATAN DAN MESIN,1.3.2.07.01.21.022
5099,ENT Operating Set,PERALATAN DAN MESIN,1.3.2.07.01.21.023
5100,ENT Treatment Unit,PERALATAN DAN MESIN,1.3.2.07.01.21.024
5101,Hemacyrometer,PERALATAN DAN MESIN,1.3.2.07.01.21.025
5102,Hemorrhage Detection Unit,PERALATAN DAN MESIN,1.3.2.07.01.21.026
5103,Hysteroscope & Light Source,PERALATAN DAN MESIN,1.3.2.07.01.21.027
5104,Infant Ventilator,PERALATAN DAN MESIN,1.3.2.07.01.21.028
5105,Inhalation Unit,PERALATAN DAN MESIN,1.3.2.07.01.21.029
5106,Laparotomy Set,PERALATAN DAN MESIN,1.3.2.07.01.21.030
5107,Manual Resuscitatian Set Adult & Child,PERALATAN DAN MESIN,1.3.2.07.01.21.031
5108,Meja Obat,PERALATAN DAN MESIN,1.3.2.07.01.21.032
5109,Microcell Counter,PERALATAN DAN MESIN,1.3.2.07.01.21.033
5110,Neonatal Monitor (Alat Kedokteran Gawat Darurat),PERALATAN DAN MESIN,1.3.2.07.01.21.034
5111,Neurosurgery Operating Set,PERALATAN DAN MESIN,1.3.2.07.01.21.035
5112,Obsgyn Operating Set,PERALATAN DAN MESIN,1.3.2.07.01.21.036
5113,Obstetric Stethoscope,PERALATAN DAN MESIN,1.3.2.07.01.21.037
5114,Opthalmic Operating Set (Alat Kedokteran Gawat Darurat),PERALATAN DAN MESIN,1.3.2.07.01.21.038
5115,Opthalmic Set,PERALATAN DAN MESIN,1.3.2.07.01.21.039
5116,Osmometer (Alat Kedokteran Gawat Darurat),PERALATAN DAN MESIN,1.3.2.07.01.21.040
5117,Othalpaedic Set,PERALATAN DAN MESIN,1.3.2.07.01.21.041
5118,Patient Strecher,PERALATAN DAN MESIN,1.3.2.07.01.21.042
5119,Rectoscope,PERALATAN DAN MESIN,1.3.2.07.01.21.043
5120,Slit Lamp (Alat Kedokteran Gawat Darurat),PERALATAN DAN MESIN,1.3.2.07.01.21.044
5121,Suture Episiotomy Set,PERALATAN DAN MESIN,1.3.2.07.01.21.045
5122,Temperature Monitor (Alat Kedokteran Gawat Darurat),PERALATAN DAN MESIN,1.3.2.07.01.21.046
5123,Tracheotomy Instrument Set,PERALATAN DAN MESIN,1.3.2.07.01.21.047
5124,Verban Set,PERALATAN DAN MESIN,1.3.2.07.01.21.048
5125,Wheel Chair (Alat Kedokteran Gawat Darurat),PERALATAN DAN MESIN,1.3.2.07.01.21.049
5126,alat kedokteran gawat darurat  lainnya (dst),PERALATAN DAN MESIN,1.3.2.07.01.21.050
5127,ALAT KEDOKTERAN JIWA,PERALATAN DAN MESIN,1.3.2.07.01.22.000
5128,Electro Shock Therapy,PERALATAN DAN MESIN,1.3.2.07.01.22.001
5129,Electro Stimulator (Alat Kedokteran Jiwa),PERALATAN DAN MESIN,1.3.2.07.01.22.002
5130,EMG,PERALATAN DAN MESIN,1.3.2.07.01.22.003
5131,Stroboscope (Alat Kedokteran Jiwa),PERALATAN DAN MESIN,1.3.2.07.01.22.004
5132,alat kedokteran jiwa  lainnya (dst),PERALATAN DAN MESIN,1.3.2.07.01.22.005
5133,ALAT KEDOKTERAN BEDAH ORTHOPEDI,PERALATAN DAN MESIN,1.3.2.07.01.23.000
5134,Amputating Knife,PERALATAN DAN MESIN,1.3.2.07.01.23.001
5135,Bone,PERALATAN DAN MESIN,1.3.2.07.01.23.002
5136,Boor Reamer,PERALATAN DAN MESIN,1.3.2.07.01.23.003
5137,Brown Spalk,PERALATAN DAN MESIN,1.3.2.07.01.23.004
5138,Chisel And Tounges Obteotomi,PERALATAN DAN MESIN,1.3.2.07.01.23.005
5139,Dispector,PERALATAN DAN MESIN,1.3.2.07.01.23.006
5140,Elevator (Alat Kedokteran Bedah Orthopedi),PERALATAN DAN MESIN,1.3.2.07.01.23.007
5141,Gunting Gips,PERALATAN DAN MESIN,1.3.2.07.01.23.008
5142,Hand Driil Feet Contrak,PERALATAN DAN MESIN,1.3.2.07.01.23.009
5143,Osteotomi Knife,PERALATAN DAN MESIN,1.3.2.07.01.23.010
5144,Pemotong Tulang,PERALATAN DAN MESIN,1.3.2.07.01.23.011
5145,Reduction Forceps,PERALATAN DAN MESIN,1.3.2.07.01.23.012
5146,Respatories,PERALATAN DAN MESIN,1.3.2.07.01.23.013
5147,Set AO,PERALATAN DAN MESIN,1.3.2.07.01.23.014
5148,Set Countering Bonef,PERALATAN DAN MESIN,1.3.2.07.01.23.015
5149,Set Stepper,PERALATAN DAN MESIN,1.3.2.07.01.23.016
5150,Srwo Driver,PERALATAN DAN MESIN,1.3.2.07.01.23.017
5151,Stille/Pemotong Gip,PERALATAN DAN MESIN,1.3.2.07.01.23.018
5152,Tissue Prosessor,PERALATAN DAN MESIN,1.3.2.07.01.23.019
5153,Traksi Set + Gantungan Beban,PERALATAN DAN MESIN,1.3.2.07.01.23.020
5154,Wire Lighting Plier,PERALATAN DAN MESIN,1.3.2.07.01.23.021
5155,alat kedokteran bedah orthopedi  lainnya (dst),PERALATAN DAN MESIN,1.3.2.07.01.23.022
5156,ALAT KEDOKTERAN I C U,PERALATAN DAN MESIN,1.3.2.07.01.24.000
5157,Automatic Blood Pressure,PERALATAN DAN MESIN,1.3.2.07.01.24.001
5158,Blood Gas Analyzer (Alat Kedokteran I C U),PERALATAN DAN MESIN,1.3.2.07.01.24.002
5159,Co2 Analyzer (Alat Kedokteran I C U),PERALATAN DAN MESIN,1.3.2.07.01.24.003
5160,Icu Bed Electric,PERALATAN DAN MESIN,1.3.2.07.01.24.004
5161,alat kedokteran i c u  lainnya (dst),PERALATAN DAN MESIN,1.3.2.07.01.24.005
5162,ALAT KEDOKTERAN I C C U,PERALATAN DAN MESIN,1.3.2.07.01.25.000
5163,Bedside Monitor,PERALATAN DAN MESIN,1.3.2.07.01.25.001
5164,Central Oxygen,PERALATAN DAN MESIN,1.3.2.07.01.25.002
5165,Central Suction (Alat Kedokteran I C C U),PERALATAN DAN MESIN,1.3.2.07.01.25.003
5166,Pulseoxymeter,PERALATAN DAN MESIN,1.3.2.07.01.25.004
5167,alat kedokteran i c c u  lainnya (dst),PERALATAN DAN MESIN,1.3.2.07.01.25.005
5168,ALAT KEDOKTERAN BEDAH JANTUNG,PERALATAN DAN MESIN,1.3.2.07.01.26.000
5169,Continous Suction Unit,PERALATAN DAN MESIN,1.3.2.07.01.26.001
5170,Diathermy Valley Lab,PERALATAN DAN MESIN,1.3.2.07.01.26.002
5171,Gergaji Sternum,PERALATAN DAN MESIN,1.3.2.07.01.26.003
5172,Hyper Hypothermia System (Alat Kedokteran Bedah Jantung),PERALATAN DAN MESIN,1.3.2.07.01.26.004
5173,Mesin Jantung Paru,PERALATAN DAN MESIN,1.3.2.07.01.26.005
5174,Multi Purpose Operating Table,PERALATAN DAN MESIN,1.3.2.07.01.26.006
5175,NVS Vital Sign Monitor (Alat Kedokteran Bedah Jantung),PERALATAN DAN MESIN,1.3.2.07.01.26.007
5176,Pressure Transducer For NIBP,PERALATAN DAN MESIN,1.3.2.07.01.26.008
5177,Pulse Oxymeter,PERALATAN DAN MESIN,1.3.2.07.01.26.009
5178,Video Asisted Throcoscope Surgery,PERALATAN DAN MESIN,1.3.2.07.01.26.010
5179,alat kedokteran bedah jantung  lainnya (dst),PERALATAN DAN MESIN,1.3.2.07.01.26.011
5180,ALAT KEDOKTERAN TRADITIONAL MEDICINE,PERALATAN DAN MESIN,1.3.2.07.01.27.000
5181,DF 22 Multipurpose Akupuntur Aparatus,PERALATAN DAN MESIN,1.3.2.07.01.27.001
5182,Eav Dermatron With Variopit,PERALATAN DAN MESIN,1.3.2.07.01.27.002
5183,Model W 10 A Multiple Electrik Akupuntur,PERALATAN DAN MESIN,1.3.2.07.01.27.003
5184,Timer (Alat Kedokteran Traditional Medicine),PERALATAN DAN MESIN,1.3.2.07.01.27.004
5185,alat kedokteran traditional medicine  lainnya (dst),PERALATAN DAN MESIN,1.3.2.07.01.27.005
5186,ALAT KEDOKTERAN ANAESTHESI,PERALATAN DAN MESIN,1.3.2.07.01.28.000
5187,Anesthesi Apparatus,PERALATAN DAN MESIN,1.3.2.07.01.28.001
5188,alat kedokteran anaesthesi  lainnya (dst),PERALATAN DAN MESIN,1.3.2.07.01.28.002
5189,ALAT KEDOKTERAN LAINNYA,PERALATAN DAN MESIN,1.3.2.07.01.29.000
5190,Alat Kedokteran lainnya,PERALATAN DAN MESIN,1.3.2.07.01.29.001
5191,ALAT KESEHATAN UMUM,PERALATAN DAN MESIN,1.3.2.07.02.00.000
5192,ALAT KESEHATAN MATRA LAUT,PERALATAN DAN MESIN,1.3.2.07.02.01.000
5193,Alat-Alat Mikroklimat,PERALATAN DAN MESIN,1.3.2.07.02.01.001
5194,Audimeter Computerized,PERALATAN DAN MESIN,1.3.2.07.02.01.002
5195,Audio/Vidio Comunication,PERALATAN DAN MESIN,1.3.2.07.02.01.003
5196,Bubble Nitrogen Detector,PERALATAN DAN MESIN,1.3.2.07.02.01.004
5197,Chiller System Equipment,PERALATAN DAN MESIN,1.3.2.07.02.01.005
5198,Compressor,PERALATAN DAN MESIN,1.3.2.07.02.01.006
5199,Compressor High Pressure,PERALATAN DAN MESIN,1.3.2.07.02.01.007
5200,Compressor Low Pressure,PERALATAN DAN MESIN,1.3.2.07.02.01.008
5201,Diving Tank,PERALATAN DAN MESIN,1.3.2.07.02.01.009
5202,Ergo Cycle,PERALATAN DAN MESIN,1.3.2.07.02.01.010
5203,Fire Extinghuizer,PERALATAN DAN MESIN,1.3.2.07.02.01.011
5204,Mixed Gas Central Equipment,PERALATAN DAN MESIN,1.3.2.07.02.01.012
5205,Monoplane Chamber,PERALATAN DAN MESIN,1.3.2.07.02.01.013
5206,"O 2, N 2 Blood Analyzer",PERALATAN DAN MESIN,1.3.2.07.02.01.014
5207,O 2 Gas Analyzer,PERALATAN DAN MESIN,1.3.2.07.02.01.015
5208,O 2 Masker,PERALATAN DAN MESIN,1.3.2.07.02.01.016
5209,Scrubber Equipment,PERALATAN DAN MESIN,1.3.2.07.02.01.017
5210,Scuba Closed Circuit,PERALATAN DAN MESIN,1.3.2.07.02.01.018
5211,Sound Level Meter (Alat Kesehatan Matra Laut),PERALATAN DAN MESIN,1.3.2.07.02.01.019
5212,Spirometer Bmr,PERALATAN DAN MESIN,1.3.2.07.02.01.020
5213,Spirometer VO Max,PERALATAN DAN MESIN,1.3.2.07.02.01.021
5214,Superlife 17B,PERALATAN DAN MESIN,1.3.2.07.02.01.022
5215,Telemeter,PERALATAN DAN MESIN,1.3.2.07.02.01.023
5216,Vestibulator Test Equip,PERALATAN DAN MESIN,1.3.2.07.02.01.024
5217,Vision Screneer,PERALATAN DAN MESIN,1.3.2.07.02.01.025
5218,Walk In,PERALATAN DAN MESIN,1.3.2.07.02.01.026
5219,Walk In Chamb Monocomp,PERALATAN DAN MESIN,1.3.2.07.02.01.027
5220,Walk In Chamb Multicomp,PERALATAN DAN MESIN,1.3.2.07.02.01.028
5221,alat kesehatan matra laut  lainnya (dst),PERALATAN DAN MESIN,1.3.2.07.02.01.029
5222,ALAT KESEHATAN MATRA UDARA,PERALATAN DAN MESIN,1.3.2.07.02.02.000
5223,Auto Spirometer,PERALATAN DAN MESIN,1.3.2.07.02.02.001
5224,Decompression Chamber,PERALATAN DAN MESIN,1.3.2.07.02.02.002
5225,Ejection Seat Trainter,PERALATAN DAN MESIN,1.3.2.07.02.02.003
5226,Human Centrifuge,PERALATAN DAN MESIN,1.3.2.07.02.02.004
5227,alat kesehatan matra udara  lainnya (dst),PERALATAN DAN MESIN,1.3.2.07.02.02.005
5228,ALAT KESEHATAN KEPOLISIAN,PERALATAN DAN MESIN,1.3.2.07.02.03.000
5229,Airpolution Test Equip,PERALATAN DAN MESIN,1.3.2.07.02.03.001
5230,Anthropometer Set,PERALATAN DAN MESIN,1.3.2.07.02.03.002
5231,Boneka,PERALATAN DAN MESIN,1.3.2.07.02.03.003
5232,Boneka Anatomi,PERALATAN DAN MESIN,1.3.2.07.02.03.004
5233,Boneka Resucitasi Anne,PERALATAN DAN MESIN,1.3.2.07.02.03.005
5234,Boneka Resucitasi Anne Rec,PERALATAN DAN MESIN,1.3.2.07.02.03.006
5235,Emergency Adult,PERALATAN DAN MESIN,1.3.2.07.02.03.007
5236,Forensic Odontology Set,PERALATAN DAN MESIN,1.3.2.07.02.03.008
5237,Infition Trainer,PERALATAN DAN MESIN,1.3.2.07.02.03.009
5238,Intubation Trainer,PERALATAN DAN MESIN,1.3.2.07.02.03.010
5239,alat kesehatan kepolisian  lainnya (dst),PERALATAN DAN MESIN,1.3.2.07.02.03.011
5240,ALAT KESEHATAN OLAH RAGA,PERALATAN DAN MESIN,1.3.2.07.02.04.000
5241,Sepeda Statis,PERALATAN DAN MESIN,1.3.2.07.02.04.001
5242,Track Sendo,PERALATAN DAN MESIN,1.3.2.07.02.04.002
5243,Alat Kesehatan olahraga lainnya,PERALATAN DAN MESIN,1.3.2.07.02.04.003
5244,ALAT KESEHATAN UMUM LAINNYA,PERALATAN DAN MESIN,1.3.2.07.02.05.000
5245,Alat Vacasional Asessment IGVAT),PERALATAN DAN MESIN,1.3.2.07.02.05.001
5246,Aim Tester,PERALATAN DAN MESIN,1.3.2.07.02.05.002
5247,Coordination Tester,PERALATAN DAN MESIN,1.3.2.07.02.05.003
5248,Ring Inserting Tester,PERALATAN DAN MESIN,1.3.2.07.02.05.004
5249,Block Assembly Tester,PERALATAN DAN MESIN,1.3.2.07.02.05.005
5250,Form Board Tester,PERALATAN DAN MESIN,1.3.2.07.02.05.006
5251,Mental Reaction Tester,PERALATAN DAN MESIN,1.3.2.07.02.05.007
5252,Verbal Discrimination Tester,PERALATAN DAN MESIN,1.3.2.07.02.05.008
5253,Vacational Aptitude Examination Tester,PERALATAN DAN MESIN,1.3.2.07.02.05.009
5254,Coin Sorting Sortir,PERALATAN DAN MESIN,1.3.2.07.02.05.010
5255,Digital Bach Muscle Dynamometer,PERALATAN DAN MESIN,1.3.2.07.02.05.011
5256,Tapping Tester,PERALATAN DAN MESIN,1.3.2.07.02.05.012
5257,Reaction Time Tester,PERALATAN DAN MESIN,1.3.2.07.02.05.013
5258,Block Chaos Tester,PERALATAN DAN MESIN,1.3.2.07.02.05.014
5259,Buku Buta Warna,PERALATAN DAN MESIN,1.3.2.07.02.05.015
5260,Genaral Aptitude Tester Battery (MNOP),PERALATAN DAN MESIN,1.3.2.07.02.05.016
5261,Wais,PERALATAN DAN MESIN,1.3.2.07.02.05.017
5262,Timbangan Badan (Alat Kesehatan Umum Lain),PERALATAN DAN MESIN,1.3.2.07.02.05.018
5263,Grip Dinamo Meter,PERALATAN DAN MESIN,1.3.2.07.02.05.019
5264,Ukur Tinggi Badan,PERALATAN DAN MESIN,1.3.2.07.02.05.020
5265,Ketajaman Mata,PERALATAN DAN MESIN,1.3.2.07.02.05.021
5266,Audiometer (Alat Kesehatan Umum Lain),PERALATAN DAN MESIN,1.3.2.07.02.05.022
5267,Vital Lapacity,PERALATAN DAN MESIN,1.3.2.07.02.05.023
5268,Alat Jarak Pandang,PERALATAN DAN MESIN,1.3.2.07.02.05.024
5269,Alat Kesehatan Umum lainnya,PERALATAN DAN MESIN,1.3.2.07.02.05.025
5270,ALAT LABORATORIUM,PERALATAN DAN MESIN,1.3.2.08.00.00.000
5271,UNIT ALAT LABORATORIUM,PERALATAN DAN MESIN,1.3.2.08.01.00.000
5272,ALAT LABORATORIUM KIMIA AIR TEKNIK PENYEHATAN,PERALATAN DAN MESIN,1.3.2.08.01.01.000
5273,Conductivity Meter (Alat Laboratorium Kimia Air Teknik Penyehatan,PERALATAN DAN MESIN,1.3.2.08.01.01.001
5274,Hellege Comperator,PERALATAN DAN MESIN,1.3.2.08.01.01.002
5275,Hellege Turbidity Meter,PERALATAN DAN MESIN,1.3.2.08.01.01.003
5276,Spectro Photo Meter,PERALATAN DAN MESIN,1.3.2.08.01.01.004
5277,Discicator/Eksicator,PERALATAN DAN MESIN,1.3.2.08.01.01.005
5278,Roffluk Bottle & Standar,PERALATAN DAN MESIN,1.3.2.08.01.01.006
5279,"In Off, Cone & Standar",PERALATAN DAN MESIN,1.3.2.08.01.01.007
5280,Yart Test,PERALATAN DAN MESIN,1.3.2.08.01.01.008
5281,Timbangan Elektronik,PERALATAN DAN MESIN,1.3.2.08.01.01.009
5282,Alat Penguji Daya Tembus Air,PERALATAN DAN MESIN,1.3.2.08.01.01.010
5283,Alat Pengukur Kadar Air,PERALATAN DAN MESIN,1.3.2.08.01.01.011
5284,Alat Pengukur Kelembaban,PERALATAN DAN MESIN,1.3.2.08.01.01.012
5285,Alat Penguji Penerapan Udara Air,PERALATAN DAN MESIN,1.3.2.08.01.01.013
5286,Alat Penguji Tembus Udara,PERALATAN DAN MESIN,1.3.2.08.01.01.014
5287,Kjedhli Digestion APP,PERALATAN DAN MESIN,1.3.2.08.01.01.015
5288,Drat Chamber,PERALATAN DAN MESIN,1.3.2.08.01.01.016
5289,Kjedhli Digestion APP,PERALATAN DAN MESIN,1.3.2.08.01.01.017
5290,Drat Chamber,PERALATAN DAN MESIN,1.3.2.08.01.01.018
5291,alat laboratorium kimia air teknik penyehatan  lainnya (dst),PERALATAN DAN MESIN,1.3.2.08.01.01.019
5292,ALAT LABORATORIUM MICRO BIOLOGI TEKNIK PENYEHATAN,PERALATAN DAN MESIN,1.3.2.08.01.02.000
5293,Autoclave Unit (Alat Lab. Micro Biologi Tehnik Penyehatan),PERALATAN DAN MESIN,1.3.2.08.01.02.001
5294,Plate Count Chambre,PERALATAN DAN MESIN,1.3.2.08.01.02.002
5295,Alat Pengambil Sample Air,PERALATAN DAN MESIN,1.3.2.08.01.02.003
5296,Alat Dekantansi,PERALATAN DAN MESIN,1.3.2.08.01.02.004
5297,Sistem Quinching,PERALATAN DAN MESIN,1.3.2.08.01.02.005
5298,Alat Pelarut Pengendapan,PERALATAN DAN MESIN,1.3.2.08.01.02.006
5299,Alat Dekantasi,PERALATAN DAN MESIN,1.3.2.08.01.02.007
5300,Sistem Quinching,PERALATAN DAN MESIN,1.3.2.08.01.02.008
5301,Alat Pelarut Pengendapan,PERALATAN DAN MESIN,1.3.2.08.01.02.009
5302,alat laboratorium micro biologi teknik penyehatan  lainnya (dst),PERALATAN DAN MESIN,1.3.2.08.01.02.010
5303,ALAT LABORATORIUM HIDROKIMIA,PERALATAN DAN MESIN,1.3.2.08.01.03.000
5304,Portable Elektro Sounding Test,PERALATAN DAN MESIN,1.3.2.08.01.03.001
5305,Elektronik Thermometer,PERALATAN DAN MESIN,1.3.2.08.01.03.002
5306,Mikroscop Dengan Camera,PERALATAN DAN MESIN,1.3.2.08.01.03.003
5307,Macnetic Stiner,PERALATAN DAN MESIN,1.3.2.08.01.03.004
5308,Bacteri Colorimeter,PERALATAN DAN MESIN,1.3.2.08.01.03.005
5309,Fitting Plat,PERALATAN DAN MESIN,1.3.2.08.01.03.006
5310,Water Test,PERALATAN DAN MESIN,1.3.2.08.01.03.007
5311,Rin Meter Unit,PERALATAN DAN MESIN,1.3.2.08.01.03.008
5312,Visuil Acumulation Jump,PERALATAN DAN MESIN,1.3.2.08.01.03.009
5313,Circulation Tank,PERALATAN DAN MESIN,1.3.2.08.01.03.010
5314,Fire Lab Turbidity,PERALATAN DAN MESIN,1.3.2.08.01.03.011
5315,Ecosonder,PERALATAN DAN MESIN,1.3.2.08.01.03.012
5316,Pott Maker,PERALATAN DAN MESIN,1.3.2.08.01.03.013
5317,D.O. Meter,PERALATAN DAN MESIN,1.3.2.08.01.03.014
5318,Sediment Sampler,PERALATAN DAN MESIN,1.3.2.08.01.03.015
5319,Destiling Apparaat,PERALATAN DAN MESIN,1.3.2.08.01.03.016
5320,Delf Bottler,PERALATAN DAN MESIN,1.3.2.08.01.03.017
5321,Crosible Cours,PERALATAN DAN MESIN,1.3.2.08.01.03.018
5322,Water Current Meter (Alat Laboratorium Hidrokimia),PERALATAN DAN MESIN,1.3.2.08.01.03.019
5323,Carbon Rod Auto Meter,PERALATAN DAN MESIN,1.3.2.08.01.03.020
5324,N A C C O L,PERALATAN DAN MESIN,1.3.2.08.01.03.021
5325,E L E K T R O D A,PERALATAN DAN MESIN,1.3.2.08.01.03.022
5326,Automatic Burete,PERALATAN DAN MESIN,1.3.2.08.01.03.023
5327,Mechanical Mortar,PERALATAN DAN MESIN,1.3.2.08.01.03.024
5328,Conedrop Test (Alat Laboratorium Hidrokimia),PERALATAN DAN MESIN,1.3.2.08.01.03.025
5329,Standar Warna Gardner,PERALATAN DAN MESIN,1.3.2.08.01.03.026
5330,Fisher Arst Gas Apparatus,PERALATAN DAN MESIN,1.3.2.08.01.03.027
5331,alat laboratorium hidrokimia  lainnya (dst),PERALATAN DAN MESIN,1.3.2.08.01.03.028
5332,ALAT LABORATORIUM MODEL HIDROLIKA,PERALATAN DAN MESIN,1.3.2.08.01.04.000
5333,Rechbock,PERALATAN DAN MESIN,1.3.2.08.01.04.001
5334,Cipoletti,PERALATAN DAN MESIN,1.3.2.08.01.04.002
5335,Thompson,PERALATAN DAN MESIN,1.3.2.08.01.04.003
5336,Water Level Meter,PERALATAN DAN MESIN,1.3.2.08.01.04.004
5337,Afsluiter,PERALATAN DAN MESIN,1.3.2.08.01.04.005
5338,Ground Water Anologous,PERALATAN DAN MESIN,1.3.2.08.01.04.006
5339,Water Level Recorder,PERALATAN DAN MESIN,1.3.2.08.01.04.007
5340,Maal Profil,PERALATAN DAN MESIN,1.3.2.08.01.04.008
5341,Water Supplier,PERALATAN DAN MESIN,1.3.2.08.01.04.009
5342,Disk Agrometer,PERALATAN DAN MESIN,1.3.2.08.01.04.010
5343,Tools,PERALATAN DAN MESIN,1.3.2.08.01.04.011
5344,alat laboratorium model hidrolika  lainnya (dst),PERALATAN DAN MESIN,1.3.2.08.01.04.012
5345,ALAT LABORATORIUM BATUAN/GEOLOGI,PERALATAN DAN MESIN,1.3.2.08.01.05.000
5346,Diamond Rock Saw,PERALATAN DAN MESIN,1.3.2.08.01.05.001
5347,Geological Hammert,PERALATAN DAN MESIN,1.3.2.08.01.05.002
5348,Geological Compass,PERALATAN DAN MESIN,1.3.2.08.01.05.003
5349,Tripod Compass,PERALATAN DAN MESIN,1.3.2.08.01.05.004
5350,Car Compass,PERALATAN DAN MESIN,1.3.2.08.01.05.005
5351,Pocket Steroscope,PERALATAN DAN MESIN,1.3.2.08.01.05.006
5352,Camero Photo Micrograph,PERALATAN DAN MESIN,1.3.2.08.01.05.007
5353,Curve Meter/MAO Measure,PERALATAN DAN MESIN,1.3.2.08.01.05.008
5354,Photo Micrograph Camera,PERALATAN DAN MESIN,1.3.2.08.01.05.009
5355,Polarizing Micrograph,PERALATAN DAN MESIN,1.3.2.08.01.05.010
5356,Slede Rules Duplex,PERALATAN DAN MESIN,1.3.2.08.01.05.011
5357,Rock Squareness Gough,PERALATAN DAN MESIN,1.3.2.08.01.05.012
5358,Rock Clasification,PERALATAN DAN MESIN,1.3.2.08.01.05.013
5359,Rock Speciment Holder,PERALATAN DAN MESIN,1.3.2.08.01.05.014
5360,FX Rock Grade,PERALATAN DAN MESIN,1.3.2.08.01.05.015
5361,Rock Toughness Tester,PERALATAN DAN MESIN,1.3.2.08.01.05.016
5362,Hand Compression Falker,PERALATAN DAN MESIN,1.3.2.08.01.05.017
5363,Rock Masonry Felker,PERALATAN DAN MESIN,1.3.2.08.01.05.018
5364,Polishing Grinder,PERALATAN DAN MESIN,1.3.2.08.01.05.019
5365,Electrik Compression Tester,PERALATAN DAN MESIN,1.3.2.08.01.05.020
5366,Soft Rock Compression Machine,PERALATAN DAN MESIN,1.3.2.08.01.05.021
5367,Rock Stress Ass Gauge,PERALATAN DAN MESIN,1.3.2.08.01.05.022
5368,Seive Shaker Ass,PERALATAN DAN MESIN,1.3.2.08.01.05.023
5369,Safety Goggles,PERALATAN DAN MESIN,1.3.2.08.01.05.024
5370,Micrometer Eyefece,PERALATAN DAN MESIN,1.3.2.08.01.05.025
5371,Rock Coulor Chart,PERALATAN DAN MESIN,1.3.2.08.01.05.026
5372,Rock Masonry Saw,PERALATAN DAN MESIN,1.3.2.08.01.05.027
5373,alat laboratorium batuan/geologi  lainnya (dst),PERALATAN DAN MESIN,1.3.2.08.01.05.028
5374,ALAT LABORATORIUM BAHAN BANGUNAN KONSTRUKSI,PERALATAN DAN MESIN,1.3.2.08.01.06.000
5375,Plane Machine For Wood,PERALATAN DAN MESIN,1.3.2.08.01.06.001
5376,Pulling Power Test,PERALATAN DAN MESIN,1.3.2.08.01.06.002
5377,Drill Machine,PERALATAN DAN MESIN,1.3.2.08.01.06.003
5378,Hot Press,PERALATAN DAN MESIN,1.3.2.08.01.06.004
5379,Cold Press,PERALATAN DAN MESIN,1.3.2.08.01.06.005
5380,Removal Rell,PERALATAN DAN MESIN,1.3.2.08.01.06.006
5381,Dutring Wood Machine,PERALATAN DAN MESIN,1.3.2.08.01.06.007
5382,Crusher Saw Dust,PERALATAN DAN MESIN,1.3.2.08.01.06.008
5383,Smooth Machine,PERALATAN DAN MESIN,1.3.2.08.01.06.009
5384,Speading Machine,PERALATAN DAN MESIN,1.3.2.08.01.06.010
5385,Felsh Steam Boiler,PERALATAN DAN MESIN,1.3.2.08.01.06.011
5386,Test Press/Strenght Test,PERALATAN DAN MESIN,1.3.2.08.01.06.012
5387,Therme P.A.C,PERALATAN DAN MESIN,1.3.2.08.01.06.013
5388,Heater Sprayklin,PERALATAN DAN MESIN,1.3.2.08.01.06.014
5389,Saw Machine For Concret,PERALATAN DAN MESIN,1.3.2.08.01.06.015
5390,Cinva Ran,PERALATAN DAN MESIN,1.3.2.08.01.06.016
5391,Hardness Test Machine,PERALATAN DAN MESIN,1.3.2.08.01.06.017
5392,Bamboo Machine,PERALATAN DAN MESIN,1.3.2.08.01.06.018
5393,Line Machine,PERALATAN DAN MESIN,1.3.2.08.01.06.019
5394,Frais Machine,PERALATAN DAN MESIN,1.3.2.08.01.06.020
5395,Wolding Range,PERALATAN DAN MESIN,1.3.2.08.01.06.021
5396,Block Making Machine,PERALATAN DAN MESIN,1.3.2.08.01.06.022
5397,Batako Press Test,PERALATAN DAN MESIN,1.3.2.08.01.06.023
5398,Cell Unit,PERALATAN DAN MESIN,1.3.2.08.01.06.024
5399,Direcshear Unit,PERALATAN DAN MESIN,1.3.2.08.01.06.025
5400,Atterberg,PERALATAN DAN MESIN,1.3.2.08.01.06.026
5401,Compaction,PERALATAN DAN MESIN,1.3.2.08.01.06.027
5402,Zondering Machine Unit,PERALATAN DAN MESIN,1.3.2.08.01.06.028
5403,Stroler Apparoat,PERALATAN DAN MESIN,1.3.2.08.01.06.029
5404,Sticle Apparoat,PERALATAN DAN MESIN,1.3.2.08.01.06.030
5405,Bending Press,PERALATAN DAN MESIN,1.3.2.08.01.06.031
5406,Universal Test Machine (Alat Laboratorium Bahan Bangunan Konstruksi),PERALATAN DAN MESIN,1.3.2.08.01.06.032
5407,Water Impermeability,PERALATAN DAN MESIN,1.3.2.08.01.06.033
5408,Cancrete Boring,PERALATAN DAN MESIN,1.3.2.08.01.06.034
5409,Stressing & Manometer,PERALATAN DAN MESIN,1.3.2.08.01.06.035
5410,Grooting,PERALATAN DAN MESIN,1.3.2.08.01.06.036
5411,Mesin Penumbuk,PERALATAN DAN MESIN,1.3.2.08.01.06.037
5412,Concreta Mixer/Penumbuk Beton,PERALATAN DAN MESIN,1.3.2.08.01.06.038
5413,Vibrating Unit,PERALATAN DAN MESIN,1.3.2.08.01.06.039
5414,Abration Machine,PERALATAN DAN MESIN,1.3.2.08.01.06.040
5415,Greep Appraat,PERALATAN DAN MESIN,1.3.2.08.01.06.041
5416,Stone Crusher,PERALATAN DAN MESIN,1.3.2.08.01.06.042
5417,Instrument Strain Gauge,PERALATAN DAN MESIN,1.3.2.08.01.06.043
5418,Alat Pemeriksa Semen,PERALATAN DAN MESIN,1.3.2.08.01.06.044
5419,Vicat Apparatur,PERALATAN DAN MESIN,1.3.2.08.01.06.045
5420,Mortar (Alat Laboratorium Bahan Bangunan Konstruksi),PERALATAN DAN MESIN,1.3.2.08.01.06.046
5421,Termometer For Coumpound,PERALATAN DAN MESIN,1.3.2.08.01.06.047
5422,Alat Pemeriksa Agrigat,PERALATAN DAN MESIN,1.3.2.08.01.06.048
5423,Sample Splitter Set,PERALATAN DAN MESIN,1.3.2.08.01.06.049
5424,Weight Percopit Yield & Air Content,PERALATAN DAN MESIN,1.3.2.08.01.06.050
5425,Alat Pemeriksa SP Gavity Air,PERALATAN DAN MESIN,1.3.2.08.01.06.051
5426,Prganic Impuris Test Set,PERALATAN DAN MESIN,1.3.2.08.01.06.052
5427,Soundeness Apparatus,PERALATAN DAN MESIN,1.3.2.08.01.06.053
5428,Straight Edge,PERALATAN DAN MESIN,1.3.2.08.01.06.054
5429,Alat Pemeriksa Beton,PERALATAN DAN MESIN,1.3.2.08.01.06.055
5430,Slump Test Set,PERALATAN DAN MESIN,1.3.2.08.01.06.056
5431,Air Content Of Freckly Miced Concrette,PERALATAN DAN MESIN,1.3.2.08.01.06.057
5432,Standard Spesial Spatula,PERALATAN DAN MESIN,1.3.2.08.01.06.058
5433,Tempat Benda Uji,PERALATAN DAN MESIN,1.3.2.08.01.06.059
5434,Basic Cylinder Capping Set,PERALATAN DAN MESIN,1.3.2.08.01.06.060
5435,Calibration Anvil For Concrette,PERALATAN DAN MESIN,1.3.2.08.01.06.061
5436,Concrette Hammer Set,PERALATAN DAN MESIN,1.3.2.08.01.06.062
5437,Asbes Cosst,PERALATAN DAN MESIN,1.3.2.08.01.06.063
5438,Beaker Toll From Graduates,PERALATAN DAN MESIN,1.3.2.08.01.06.064
5439,Beaker Low,PERALATAN DAN MESIN,1.3.2.08.01.06.065
5440,Bottle Wighing High,PERALATAN DAN MESIN,1.3.2.08.01.06.066
5441,Biling Flash,PERALATAN DAN MESIN,1.3.2.08.01.06.067
5442,Static With Rechtangular Base,PERALATAN DAN MESIN,1.3.2.08.01.06.068
5443,Trianle With Vorcelen Pipe Stems,PERALATAN DAN MESIN,1.3.2.08.01.06.069
5444,Burrete & Standres,PERALATAN DAN MESIN,1.3.2.08.01.06.070
5445,Volume Metric Flash,PERALATAN DAN MESIN,1.3.2.08.01.06.071
5446,Analytical Balance (Alat Laboratorium Bahan Bangunan Konstruksi),PERALATAN DAN MESIN,1.3.2.08.01.06.072
5447,Aggregate Scale,PERALATAN DAN MESIN,1.3.2.08.01.06.073
5448,Dial Flow,PERALATAN DAN MESIN,1.3.2.08.01.06.074
5449,Cylinde Vorcelen,PERALATAN DAN MESIN,1.3.2.08.01.06.075
5450,Extensic Meter,PERALATAN DAN MESIN,1.3.2.08.01.06.076
5451,Le Chatelier Flash,PERALATAN DAN MESIN,1.3.2.08.01.06.077
5452,Flash Filtering,PERALATAN DAN MESIN,1.3.2.08.01.06.078
5453,Lantai Uji,PERALATAN DAN MESIN,1.3.2.08.01.06.079
5454,Rig Uji Universal,PERALATAN DAN MESIN,1.3.2.08.01.06.080
5455,Sumber Daya Hydrolik,PERALATAN DAN MESIN,1.3.2.08.01.06.081
5456,Mesin Uji Getar,PERALATAN DAN MESIN,1.3.2.08.01.06.082
5457,Mesin Uji Hidrolik,PERALATAN DAN MESIN,1.3.2.08.01.06.083
5458,Mesin Uji Listrik,PERALATAN DAN MESIN,1.3.2.08.01.06.084
5459,Mesin Uji Mekanik(Manual),PERALATAN DAN MESIN,1.3.2.08.01.06.085
5460,Aktuator,PERALATAN DAN MESIN,1.3.2.08.01.06.086
5461,Pompa Hidrolik,PERALATAN DAN MESIN,1.3.2.08.01.06.087
5462,Organic Impuriestest Set,PERALATAN DAN MESIN,1.3.2.08.01.06.088
5463,alat laboratorium bahan bangunan konstruksi  lainnya (dst),PERALATAN DAN MESIN,1.3.2.08.01.06.089
5464,"ALAT LABORATORIUM ASPAL, CAT DAN KIMIA",PERALATAN DAN MESIN,1.3.2.08.01.07.000
5465,Oven Loss Onheating,PERALATAN DAN MESIN,1.3.2.08.01.07.001
5466,Visibility Yar Bath,PERALATAN DAN MESIN,1.3.2.08.01.07.002
5467,"Viscosimeter (Alat Laboratorium Aspal,cat Dan Kimia)",PERALATAN DAN MESIN,1.3.2.08.01.07.003
5468,Dustility Engler,PERALATAN DAN MESIN,1.3.2.08.01.07.004
5469,Penctrometer,PERALATAN DAN MESIN,1.3.2.08.01.07.005
5470,Surface Tension,PERALATAN DAN MESIN,1.3.2.08.01.07.006
5471,"Polarimeter (Alat Laboratorium Aspal,cat Dan Kimia)",PERALATAN DAN MESIN,1.3.2.08.01.07.007
5472,Microskop Binacular,PERALATAN DAN MESIN,1.3.2.08.01.07.008
5473,Rectitice,PERALATAN DAN MESIN,1.3.2.08.01.07.009
5474,Ring Ball Sparepart,PERALATAN DAN MESIN,1.3.2.08.01.07.010
5475,Mantel Destilasi,PERALATAN DAN MESIN,1.3.2.08.01.07.011
5476,Hand Operated Extrator,PERALATAN DAN MESIN,1.3.2.08.01.07.012
5477,Fitter,PERALATAN DAN MESIN,1.3.2.08.01.07.013
5478,Pesawat Kip,PERALATAN DAN MESIN,1.3.2.08.01.07.014
5479,Pinggan Uap,PERALATAN DAN MESIN,1.3.2.08.01.07.015
5480,Destilasi Aspal,PERALATAN DAN MESIN,1.3.2.08.01.07.016
5481,Corong Pemisah,PERALATAN DAN MESIN,1.3.2.08.01.07.017
5482,Destilasi Flux,PERALATAN DAN MESIN,1.3.2.08.01.07.018
5483,Labu Syabolt Furol,PERALATAN DAN MESIN,1.3.2.08.01.07.019
5484,Rubber Mallet Atgentyler,PERALATAN DAN MESIN,1.3.2.08.01.07.020
5485,Linongeless,PERALATAN DAN MESIN,1.3.2.08.01.07.021
5486,Density Basket,PERALATAN DAN MESIN,1.3.2.08.01.07.022
5487,Sand Equivalent,PERALATAN DAN MESIN,1.3.2.08.01.07.023
5488,Hand Extraction,PERALATAN DAN MESIN,1.3.2.08.01.07.024
5489,Talang CBR,PERALATAN DAN MESIN,1.3.2.08.01.07.025
5490,Cylinder,PERALATAN DAN MESIN,1.3.2.08.01.07.026
5491,Dial Gauge LC.13,PERALATAN DAN MESIN,1.3.2.08.01.07.027
5492,Cbr Lab. Set Cl.284,PERALATAN DAN MESIN,1.3.2.08.01.07.028
5493,Sample Spliter Set Cl.284,PERALATAN DAN MESIN,1.3.2.08.01.07.029
5494,Centriguge Hemsine Eq.App,PERALATAN DAN MESIN,1.3.2.08.01.07.030
5495,Extraction Filter,PERALATAN DAN MESIN,1.3.2.08.01.07.031
5496,Stability Mold Ap. 169,PERALATAN DAN MESIN,1.3.2.08.01.07.032
5497,Filed Leveset Cl.320,PERALATAN DAN MESIN,1.3.2.08.01.07.033
5498,Swimming Ginding Mils,PERALATAN DAN MESIN,1.3.2.08.01.07.034
5499,Wet Test Analysis,PERALATAN DAN MESIN,1.3.2.08.01.07.035
5500,Strohlen Aas For Rafid Determination,PERALATAN DAN MESIN,1.3.2.08.01.07.036
5501,Poetable Glass Meter,PERALATAN DAN MESIN,1.3.2.08.01.07.037
5502,Sybro/Thermolyne,PERALATAN DAN MESIN,1.3.2.08.01.07.038
5503,Flash Point Bay Pensky Martens Closed Tester,PERALATAN DAN MESIN,1.3.2.08.01.07.039
5504,Tag Closed Tester,PERALATAN DAN MESIN,1.3.2.08.01.07.040
5505,Wet Film Trickness Gege Dan Keona Tator Surface Profit,PERALATAN DAN MESIN,1.3.2.08.01.07.041
5506,Dew Point Calculator,PERALATAN DAN MESIN,1.3.2.08.01.07.042
5507,Surface Steel Temperature,PERALATAN DAN MESIN,1.3.2.08.01.07.043
5508,Flaw Cup,PERALATAN DAN MESIN,1.3.2.08.01.07.044
5509,Dip Viscosity Cup,PERALATAN DAN MESIN,1.3.2.08.01.07.045
5510,Grindometer,PERALATAN DAN MESIN,1.3.2.08.01.07.046
5511,"Bending Tester (Alat Laboratorium Aspal,cat Dan Kimia)",PERALATAN DAN MESIN,1.3.2.08.01.07.047
5512,Fund Cryptometer,PERALATAN DAN MESIN,1.3.2.08.01.07.048
5513,Demulsibility Chracter Labricating Oils,PERALATAN DAN MESIN,1.3.2.08.01.07.049
5514,Dase Rate Measuring Device Graets,PERALATAN DAN MESIN,1.3.2.08.01.07.050
5515,Bendix Personal Monitoring,PERALATAN DAN MESIN,1.3.2.08.01.07.051
5516,Pycnometer,PERALATAN DAN MESIN,1.3.2.08.01.07.052
5517,"alat laboratorium aspal, cat dan kimia  lainnya (dst)",PERALATAN DAN MESIN,1.3.2.08.01.07.053
5518,ALAT LABORATORIUM MEKANIKA TANAH DAN BATUAN,PERALATAN DAN MESIN,1.3.2.08.01.08.000
5519,Unconfinet Soil Test,PERALATAN DAN MESIN,1.3.2.08.01.08.001
5520,Sieve,PERALATAN DAN MESIN,1.3.2.08.01.08.002
5521,Linear Shikage,PERALATAN DAN MESIN,1.3.2.08.01.08.003
5522,Barntand & Termometer,PERALATAN DAN MESIN,1.3.2.08.01.08.004
5523,Triaxal For Sample,PERALATAN DAN MESIN,1.3.2.08.01.08.005
5524,Exstoder/Extruder,PERALATAN DAN MESIN,1.3.2.08.01.08.006
5525,Unconfined Air & Manometer,PERALATAN DAN MESIN,1.3.2.08.01.08.007
5526,Jack CBR,PERALATAN DAN MESIN,1.3.2.08.01.08.008
5527,Triaxal CBR,PERALATAN DAN MESIN,1.3.2.08.01.08.009
5528,Diract Shear,PERALATAN DAN MESIN,1.3.2.08.01.08.010
5529,Swell Pressure App,PERALATAN DAN MESIN,1.3.2.08.01.08.011
5530,Dial Propping Ring,PERALATAN DAN MESIN,1.3.2.08.01.08.012
5531,Konsolidasi,PERALATAN DAN MESIN,1.3.2.08.01.08.013
5532,Dispersion Cups,PERALATAN DAN MESIN,1.3.2.08.01.08.014
5533,Proctor Standard,PERALATAN DAN MESIN,1.3.2.08.01.08.015
5534,Proctor Modified,PERALATAN DAN MESIN,1.3.2.08.01.08.016
5535,Wash Bottle Purex,PERALATAN DAN MESIN,1.3.2.08.01.08.017
5536,Safe Card,PERALATAN DAN MESIN,1.3.2.08.01.08.018
5537,Walton Humidifier,PERALATAN DAN MESIN,1.3.2.08.01.08.019
5538,Soil Test,PERALATAN DAN MESIN,1.3.2.08.01.08.020
5539,Camera Atterberg,PERALATAN DAN MESIN,1.3.2.08.01.08.021
5540,Comodifier,PERALATAN DAN MESIN,1.3.2.08.01.08.022
5541,Mobile Laboratorium Set,PERALATAN DAN MESIN,1.3.2.08.01.08.023
5542,Liquid Limit,PERALATAN DAN MESIN,1.3.2.08.01.08.024
5543,Gravity Oven,PERALATAN DAN MESIN,1.3.2.08.01.08.025
5544,Modified Mold,PERALATAN DAN MESIN,1.3.2.08.01.08.026
5545,Allon Box,PERALATAN DAN MESIN,1.3.2.08.01.08.027
5546,Propping Ring,PERALATAN DAN MESIN,1.3.2.08.01.08.028
5547,Triple Beam Balance Cent Gram,PERALATAN DAN MESIN,1.3.2.08.01.08.029
5548,Heavy Duty Solution Balance,PERALATAN DAN MESIN,1.3.2.08.01.08.030
5549,Balance (Alat Laboratorium Mekanika Tanah Dan Batuan),PERALATAN DAN MESIN,1.3.2.08.01.08.031
5550,Thermolyne,PERALATAN DAN MESIN,1.3.2.08.01.08.032
5551,Torab Sieve Shaker,PERALATAN DAN MESIN,1.3.2.08.01.08.033
5552,Modified Field Compaction Mold,PERALATAN DAN MESIN,1.3.2.08.01.08.034
5553,C E N C,PERALATAN DAN MESIN,1.3.2.08.01.08.035
5554,Cenc Meinzer Sieve Shaker,PERALATAN DAN MESIN,1.3.2.08.01.08.036
5555,Drilling,PERALATAN DAN MESIN,1.3.2.08.01.08.037
5556,Auger Machine,PERALATAN DAN MESIN,1.3.2.08.01.08.038
5557,Visibility Jarbath,PERALATAN DAN MESIN,1.3.2.08.01.08.039
5558,Aggregates,PERALATAN DAN MESIN,1.3.2.08.01.08.040
5559,Matrial (Warna Kuning),PERALATAN DAN MESIN,1.3.2.08.01.08.041
5560,Deluxe Asphalt,PERALATAN DAN MESIN,1.3.2.08.01.08.042
5561,Electric Stop Watch,PERALATAN DAN MESIN,1.3.2.08.01.08.043
5562,Lightweight Concrete Test Hammer,PERALATAN DAN MESIN,1.3.2.08.01.08.044
5563,Harvard Tripple Balance,PERALATAN DAN MESIN,1.3.2.08.01.08.045
5564,Asphalt Stability Testing Machine,PERALATAN DAN MESIN,1.3.2.08.01.08.046
5565,Stability Mold,PERALATAN DAN MESIN,1.3.2.08.01.08.047
5566,Versa Tester,PERALATAN DAN MESIN,1.3.2.08.01.08.048
5567,Penetrasi Asphalt (Universal Penetrometer),PERALATAN DAN MESIN,1.3.2.08.01.08.049
5568,Air Circulationpan,PERALATAN DAN MESIN,1.3.2.08.01.08.050
5569,Mechanical Leading Press,PERALATAN DAN MESIN,1.3.2.08.01.08.051
5570,Unci Fined Apparatus,PERALATAN DAN MESIN,1.3.2.08.01.08.052
5571,Vicat Apparatus,PERALATAN DAN MESIN,1.3.2.08.01.08.053
5572,Flow Table (Alat Laboratorium Mekanika Tanah Dan Batuan),PERALATAN DAN MESIN,1.3.2.08.01.08.054
5573,Field Scale,PERALATAN DAN MESIN,1.3.2.08.01.08.055
5574,Analytical Balance (Alat Laboratorium Mekanika Tanah Dan Batuan),PERALATAN DAN MESIN,1.3.2.08.01.08.056
5575,Stump Test T,PERALATAN DAN MESIN,1.3.2.08.01.08.057
5576,Asphalt Density Recorder,PERALATAN DAN MESIN,1.3.2.08.01.08.058
5577,Switch Backer,PERALATAN DAN MESIN,1.3.2.08.01.08.059
5578,Air Compressor (Alat Laboratorium Mekanika Tanah Dan Batuan),PERALATAN DAN MESIN,1.3.2.08.01.08.060
5579,Hydrometer Jarbath,PERALATAN DAN MESIN,1.3.2.08.01.08.061
5580,Gravity Core Sediment Sampler,PERALATAN DAN MESIN,1.3.2.08.01.08.062
5581,alat laboratorium mekanika tanah dan batuan  lainnya (dst),PERALATAN DAN MESIN,1.3.2.08.01.08.063
5582,ALAT LABORATORIUM COCOK TANAM,PERALATAN DAN MESIN,1.3.2.08.01.09.000
5583,Test For Hunmudity,PERALATAN DAN MESIN,1.3.2.08.01.09.001
5584,Test For Temperature,PERALATAN DAN MESIN,1.3.2.08.01.09.002
5585,Test For Wind/Flow,PERALATAN DAN MESIN,1.3.2.08.01.09.003
5586,Test For Pressure,PERALATAN DAN MESIN,1.3.2.08.01.09.004
5587,Test Presipitation,PERALATAN DAN MESIN,1.3.2.08.01.09.005
5588,Test Evaporation,PERALATAN DAN MESIN,1.3.2.08.01.09.006
5589,Test Sunshine,PERALATAN DAN MESIN,1.3.2.08.01.09.007
5590,Micronaire (Alat Laboratorium Cocok Tanam),PERALATAN DAN MESIN,1.3.2.08.01.09.008
5591,alat laboratorium cocok tanam  lainnya (dst),PERALATAN DAN MESIN,1.3.2.08.01.09.009
5592,"ALAT LABORATORIUM LOGAM, MESIN DAN LISTRIK",PERALATAN DAN MESIN,1.3.2.08.01.10.000
5593,Wheel Balancer,PERALATAN DAN MESIN,1.3.2.08.01.10.001
5594,Speed Band Tester,PERALATAN DAN MESIN,1.3.2.08.01.10.002
5595,Speed Meter Tester,PERALATAN DAN MESIN,1.3.2.08.01.10.003
5596,Engine Dinamo Meter,PERALATAN DAN MESIN,1.3.2.08.01.10.004
5597,Head Light Tester,PERALATAN DAN MESIN,1.3.2.08.01.10.005
5598,Wheel Aligment Tester,PERALATAN DAN MESIN,1.3.2.08.01.10.006
5599,Camber Caster King Pin Gauge,PERALATAN DAN MESIN,1.3.2.08.01.10.007
5600,Toe In Gauge,PERALATAN DAN MESIN,1.3.2.08.01.10.008
5601,Rough Load Tester,PERALATAN DAN MESIN,1.3.2.08.01.10.009
5602,Tilting Tester,PERALATAN DAN MESIN,1.3.2.08.01.10.010
5603,Axle Load Tester,PERALATAN DAN MESIN,1.3.2.08.01.10.011
5604,Steering Angle Tester,PERALATAN DAN MESIN,1.3.2.08.01.10.012
5605,Diesel Injection Pump Tester,PERALATAN DAN MESIN,1.3.2.08.01.10.013
5606,Nozle Tester,PERALATAN DAN MESIN,1.3.2.08.01.10.014
5607,Engine Running In Tester,PERALATAN DAN MESIN,1.3.2.08.01.10.015
5608,Diesel Smoke Tester,PERALATAN DAN MESIN,1.3.2.08.01.10.016
5609,Hidraulik System Tester,PERALATAN DAN MESIN,1.3.2.08.01.10.017
5610,Valve Spring Tester,PERALATAN DAN MESIN,1.3.2.08.01.10.018
5611,"Tune Up Tester (Alat Laboratorium Logam, Mesin Dan Listrik)",PERALATAN DAN MESIN,1.3.2.08.01.10.019
5612,Universal Test,PERALATAN DAN MESIN,1.3.2.08.01.10.020
5613,Generator Test,PERALATAN DAN MESIN,1.3.2.08.01.10.021
5614,Auto Analyser Unit,PERALATAN DAN MESIN,1.3.2.08.01.10.022
5615,Timing Advancetester,PERALATAN DAN MESIN,1.3.2.08.01.10.023
5616,Cam Angle Tester,PERALATAN DAN MESIN,1.3.2.08.01.10.024
5617,Combustion Tester,PERALATAN DAN MESIN,1.3.2.08.01.10.025
5618,Coil Condeser Tester,PERALATAN DAN MESIN,1.3.2.08.01.10.026
5619,Plug Scope,PERALATAN DAN MESIN,1.3.2.08.01.10.027
5620,Volt Ampere Tester,PERALATAN DAN MESIN,1.3.2.08.01.10.028
5621,Distributor Tester,PERALATAN DAN MESIN,1.3.2.08.01.10.029
5622,Voltage Regulator Tester,PERALATAN DAN MESIN,1.3.2.08.01.10.030
5623,Diode Tester,PERALATAN DAN MESIN,1.3.2.08.01.10.031
5624,Altenator Scope,PERALATAN DAN MESIN,1.3.2.08.01.10.032
5625,L.P Gas Detector,PERALATAN DAN MESIN,1.3.2.08.01.10.033
5626,Alat Penguji Tegangan (Tarik Tekan),PERALATAN DAN MESIN,1.3.2.08.01.10.034
5627,Alat Penguji Kekerasan (Hardness Tester),PERALATAN DAN MESIN,1.3.2.08.01.10.035
5628,Alat Penguji Keretakan,PERALATAN DAN MESIN,1.3.2.08.01.10.036
5629,Alat Penguji Jenis Logam,PERALATAN DAN MESIN,1.3.2.08.01.10.037
5630,Abrations Srength Tester (Alat Penguji Tahan Aus),PERALATAN DAN MESIN,1.3.2.08.01.10.038
5631,Bursting Srength Tester (Alat Penguji Letup),PERALATAN DAN MESIN,1.3.2.08.01.10.039
5632,Upper Leather Water Proff Ness Tester,PERALATAN DAN MESIN,1.3.2.08.01.10.040
5633,Finish Head Resistance Tester,PERALATAN DAN MESIN,1.3.2.08.01.10.041
5634,Sastra Adhesion Tester,PERALATAN DAN MESIN,1.3.2.08.01.10.042
5635,Adhesion Of Finish Tester,PERALATAN DAN MESIN,1.3.2.08.01.10.043
5636,Stiff Ness Tester,PERALATAN DAN MESIN,1.3.2.08.01.10.044
5637,Folding Endurance Tester,PERALATAN DAN MESIN,1.3.2.08.01.10.045
5638,Tearing Tester,PERALATAN DAN MESIN,1.3.2.08.01.10.046
5639,Falling Dart Impact Tester,PERALATAN DAN MESIN,1.3.2.08.01.10.047
5640,Rubber Compresion Tester,PERALATAN DAN MESIN,1.3.2.08.01.10.048
5641,Starain Tester,PERALATAN DAN MESIN,1.3.2.08.01.10.049
5642,BOD Tester,PERALATAN DAN MESIN,1.3.2.08.01.10.050
5643,Drop Test,PERALATAN DAN MESIN,1.3.2.08.01.10.051
5644,Alat Penguji Kekuatan Pengeras Depan Sepatu,PERALATAN DAN MESIN,1.3.2.08.01.10.052
5645,Upper Meterial Flexing,PERALATAN DAN MESIN,1.3.2.08.01.10.053
5646,Finish Fastness,PERALATAN DAN MESIN,1.3.2.08.01.10.054
5647,Alat Tera Sastra,PERALATAN DAN MESIN,1.3.2.08.01.10.055
5648,Alfa Laboratory Sample Cutter,PERALATAN DAN MESIN,1.3.2.08.01.10.056
5649,Shobury Corumeter,PERALATAN DAN MESIN,1.3.2.08.01.10.057
5650,Handle Strenght,PERALATAN DAN MESIN,1.3.2.08.01.10.058
5651,Alat Pelobang (Cork Borer),PERALATAN DAN MESIN,1.3.2.08.01.10.059
5652,"Tensile Head Distortion (Alat Laboratorium Logam, Mesin Dan Listrik)",PERALATAN DAN MESIN,1.3.2.08.01.10.060
5653,"Ultrasonic Flow Detector (Alat Laboratorium Logam, Mesin Dan Listrik)",PERALATAN DAN MESIN,1.3.2.08.01.10.061
5654,Dinamic Signal Analizer,PERALATAN DAN MESIN,1.3.2.08.01.10.062
5655,"Pressure Gauge (Alat Laboratorium Logam, Mesin Dan Listrik)",PERALATAN DAN MESIN,1.3.2.08.01.10.063
5656,Extenso Meter,PERALATAN DAN MESIN,1.3.2.08.01.10.064
5657,Torsimeter,PERALATAN DAN MESIN,1.3.2.08.01.10.065
5658,"Thermohygrometer (Alat Laboratorium Logam, Mesin Dan Listrik)",PERALATAN DAN MESIN,1.3.2.08.01.10.066
5659,"Fatique Tester (Alat Laboratorium Logam, Mesin Dan Listrik)",PERALATAN DAN MESIN,1.3.2.08.01.10.067
5660,Thickness Tester For Metal,PERALATAN DAN MESIN,1.3.2.08.01.10.068
5661,Thickness Tester For Coating,PERALATAN DAN MESIN,1.3.2.08.01.10.069
5662,Vierner & Micrometer,PERALATAN DAN MESIN,1.3.2.08.01.10.070
5663,Dial & Test Indikator,PERALATAN DAN MESIN,1.3.2.08.01.10.071
5664,Alat Ukur Kelurusan,PERALATAN DAN MESIN,1.3.2.08.01.10.072
5665,Alat Ukur Ketegaklurusan,PERALATAN DAN MESIN,1.3.2.08.01.10.073
5666,Alat Ukur Sudut,PERALATAN DAN MESIN,1.3.2.08.01.10.074
5667,Data Processor,PERALATAN DAN MESIN,1.3.2.08.01.10.075
5668,Mesin Bubut Presisi,PERALATAN DAN MESIN,1.3.2.08.01.10.076
5669,60 Mesin Milling Precesi,PERALATAN DAN MESIN,1.3.2.08.01.10.077
5670,Schoper Folding Enduranche,PERALATAN DAN MESIN,1.3.2.08.01.10.078
5671,Low Level Scanner,PERALATAN DAN MESIN,1.3.2.08.01.10.079
5672,High Voltage Meter,PERALATAN DAN MESIN,1.3.2.08.01.10.080
5673,Cutting & Welding Kit,PERALATAN DAN MESIN,1.3.2.08.01.10.081
5674,Heavy Duty Hidraulic Cylender,PERALATAN DAN MESIN,1.3.2.08.01.10.082
5675,Alat Uji Bakteri,PERALATAN DAN MESIN,1.3.2.08.01.10.083
5676,Portable Polishing Equipment,PERALATAN DAN MESIN,1.3.2.08.01.10.084
5677,Specimen Mount Press,PERALATAN DAN MESIN,1.3.2.08.01.10.085
5678,Esab Tig Welding Machine,PERALATAN DAN MESIN,1.3.2.08.01.10.086
5679,"Magnetic Particle (Alat Laboratorium Logam, Mesin Dan Listrik)",PERALATAN DAN MESIN,1.3.2.08.01.10.087
5680,Radiographis Equipment,PERALATAN DAN MESIN,1.3.2.08.01.10.088
5681,Alat Uji Tekan Hydrotastic,PERALATAN DAN MESIN,1.3.2.08.01.10.089
5682,Acoustic Emmission,PERALATAN DAN MESIN,1.3.2.08.01.10.090
5683,Level Recorder,PERALATAN DAN MESIN,1.3.2.08.01.10.091
5684,Alat Electrolisa,PERALATAN DAN MESIN,1.3.2.08.01.10.092
5685,Hand Roll,PERALATAN DAN MESIN,1.3.2.08.01.10.093
5686,Iron Tester,PERALATAN DAN MESIN,1.3.2.08.01.10.094
5687,Perspiration,PERALATAN DAN MESIN,1.3.2.08.01.10.095
5688,Yarn Friction & Rubbing Tester,PERALATAN DAN MESIN,1.3.2.08.01.10.096
5689,Coloumetric Planting,PERALATAN DAN MESIN,1.3.2.08.01.10.097
5690,Alat Uji Pukul Bola Bulutangkis,PERALATAN DAN MESIN,1.3.2.08.01.10.098
5691,Temperatur & Humudity Tester,PERALATAN DAN MESIN,1.3.2.08.01.10.099
5692,Alat Uji Diameter,PERALATAN DAN MESIN,1.3.2.08.01.10.100
5693,Digital Melting Point,PERALATAN DAN MESIN,1.3.2.08.01.10.101
5694,Alat Uji Gas Buang,PERALATAN DAN MESIN,1.3.2.08.01.10.102
5695,Xyclo Crack Detector Kit,PERALATAN DAN MESIN,1.3.2.08.01.10.103
5696,"Digital Indicator (Alat Laboratorium Logam, Mesin Dan Listrik)",PERALATAN DAN MESIN,1.3.2.08.01.10.104
5697,Techometer Digital Multimeter,PERALATAN DAN MESIN,1.3.2.08.01.10.105
5698,Uniterup Tible Supply,PERALATAN DAN MESIN,1.3.2.08.01.10.106
5699,Ultrasonic Thickness Meter,PERALATAN DAN MESIN,1.3.2.08.01.10.107
5700,Torque Wrench With Socket Head,PERALATAN DAN MESIN,1.3.2.08.01.10.108
5701,Mega Ohm Meter,PERALATAN DAN MESIN,1.3.2.08.01.10.109
5702,Vernier Caliper Height Gauge,PERALATAN DAN MESIN,1.3.2.08.01.10.110
5703,Precicion Bevel Protector,PERALATAN DAN MESIN,1.3.2.08.01.10.111
5704,Engineers Combination Square Set,PERALATAN DAN MESIN,1.3.2.08.01.10.112
5705,Drying Oven,PERALATAN DAN MESIN,1.3.2.08.01.10.113
5706,Vibrating Test Equipment,PERALATAN DAN MESIN,1.3.2.08.01.10.114
5707,Measuring Instrument,PERALATAN DAN MESIN,1.3.2.08.01.10.115
5708,Permanent Magnet Kit,PERALATAN DAN MESIN,1.3.2.08.01.10.116
5709,Refletance,PERALATAN DAN MESIN,1.3.2.08.01.10.117
5710,Bondet Searing Jig For Disk Pad,PERALATAN DAN MESIN,1.3.2.08.01.10.118
5711,Sperometer For Mirror,PERALATAN DAN MESIN,1.3.2.08.01.10.119
5712,Pressure Relaxtion For Iror,PERALATAN DAN MESIN,1.3.2.08.01.10.120
5713,Shook Relaction Jig For Brake Linning,PERALATAN DAN MESIN,1.3.2.08.01.10.121
5714,Pressurizing Jig For Brake Linning,PERALATAN DAN MESIN,1.3.2.08.01.10.122
5715,Peeling Force For Disk Pads,PERALATAN DAN MESIN,1.3.2.08.01.10.123
5716,Disturtion Factor Tester For Mirror,PERALATAN DAN MESIN,1.3.2.08.01.10.124
5717,Probe Mwb 704 Nbb,PERALATAN DAN MESIN,1.3.2.08.01.10.125
5718,Cole Palmers Immersion Calculator,PERALATAN DAN MESIN,1.3.2.08.01.10.126
5719,"Step Up/Down (Alat Laboratorium Logam, Mesin Dan Listrik)",PERALATAN DAN MESIN,1.3.2.08.01.10.127
5720,Xray Unit,PERALATAN DAN MESIN,1.3.2.08.01.10.128
5721,Hot Water Hosty Type 50,PERALATAN DAN MESIN,1.3.2.08.01.10.129
5722,Mufle Furnace,PERALATAN DAN MESIN,1.3.2.08.01.10.130
5723,Cylotex Sample Min,PERALATAN DAN MESIN,1.3.2.08.01.10.131
5724,Anemometer Portable Digital,PERALATAN DAN MESIN,1.3.2.08.01.10.132
5725,Tensile Tester,PERALATAN DAN MESIN,1.3.2.08.01.10.133
5726,Transpol,PERALATAN DAN MESIN,1.3.2.08.01.10.134
5727,Alat Uji Untuk Kerja Radiator,PERALATAN DAN MESIN,1.3.2.08.01.10.135
5728,Alat Uji Tekan Hidrostatic Impact Test,PERALATAN DAN MESIN,1.3.2.08.01.10.136
5729,Alat Uji Tarik Sederhana,PERALATAN DAN MESIN,1.3.2.08.01.10.137
5730,Micro Meter,PERALATAN DAN MESIN,1.3.2.08.01.10.138
5731,Boresscope,PERALATAN DAN MESIN,1.3.2.08.01.10.139
5732,"Electrometer (Alat Laboratorium Logam, Mesin Dan Listrik)",PERALATAN DAN MESIN,1.3.2.08.01.10.140
5733,Preccision Thermocouple Calibration Standard,PERALATAN DAN MESIN,1.3.2.08.01.10.141
5734,Constat Temperatur Calibration Ice Batth,PERALATAN DAN MESIN,1.3.2.08.01.10.142
5735,Probe Calibrating Gas,PERALATAN DAN MESIN,1.3.2.08.01.10.143
5736,Vioce Grioppe,PERALATAN DAN MESIN,1.3.2.08.01.10.144
5737,Rochhet Driver Vessel,PERALATAN DAN MESIN,1.3.2.08.01.10.145
5738,Mosses Oiml,PERALATAN DAN MESIN,1.3.2.08.01.10.146
5739,Alat Uji Perendam Gas Buang,PERALATAN DAN MESIN,1.3.2.08.01.10.147
5740,Alat Uji Crack,PERALATAN DAN MESIN,1.3.2.08.01.10.148
5741,Alat Uji Ultrasonic,PERALATAN DAN MESIN,1.3.2.08.01.10.149
5742,Alat Uji Korosi,PERALATAN DAN MESIN,1.3.2.08.01.10.150
5743,Alat Uji Struktur Kimia Logam,PERALATAN DAN MESIN,1.3.2.08.01.10.151
5744,Vacum Coating,PERALATAN DAN MESIN,1.3.2.08.01.10.152
5745,Reflection Polariscope,PERALATAN DAN MESIN,1.3.2.08.01.10.153
5746,Scattered Light Polariscope,PERALATAN DAN MESIN,1.3.2.08.01.10.154
5747,Lateral Extensometer,PERALATAN DAN MESIN,1.3.2.08.01.10.155
5748,Proyektion Polariscope,PERALATAN DAN MESIN,1.3.2.08.01.10.156
5749,Ultrasonic Testes,PERALATAN DAN MESIN,1.3.2.08.01.10.157
5750,Magnetic Powder Crack Detector,PERALATAN DAN MESIN,1.3.2.08.01.10.158
5751,Parker Magnetic Yoke,PERALATAN DAN MESIN,1.3.2.08.01.10.159
5752,Crack Depth Detector,PERALATAN DAN MESIN,1.3.2.08.01.10.160
5753,Electro Plating/Pelapisan Metal,PERALATAN DAN MESIN,1.3.2.08.01.10.161
5754,Perangkat CAD/CAE/Cam,PERALATAN DAN MESIN,1.3.2.08.01.10.162
5755,Vertical Stang For Bernouli And Losestest,PERALATAN DAN MESIN,1.3.2.08.01.10.163
5756,"Vernier Calliper (Alat Laboratorium Logam, Mesin Dan Listrik)",PERALATAN DAN MESIN,1.3.2.08.01.10.164
5757,"Flow Table (Alat Laboratorium Logam, Mesin Dan Listrik)",PERALATAN DAN MESIN,1.3.2.08.01.10.165
5758,Surface Plate/Graplate,PERALATAN DAN MESIN,1.3.2.08.01.10.166
5759,Variale Gradient Chn,PERALATAN DAN MESIN,1.3.2.08.01.10.167
5760,Out Side Micrometer (ratchel Stop),PERALATAN DAN MESIN,1.3.2.08.01.10.168
5761,Adjustable Bel Flw Channel,PERALATAN DAN MESIN,1.3.2.08.01.10.169
5762,Dial Indicator,PERALATAN DAN MESIN,1.3.2.08.01.10.170
5763,Explotion Engine,PERALATAN DAN MESIN,1.3.2.08.01.10.171
5764,Digimatic Callipers,PERALATAN DAN MESIN,1.3.2.08.01.10.172
5765,Diesel Engine,PERALATAN DAN MESIN,1.3.2.08.01.10.173
5766,Bech Work,PERALATAN DAN MESIN,1.3.2.08.01.10.174
5767,Ward Leonard Motor,PERALATAN DAN MESIN,1.3.2.08.01.10.175
5768,PLC,PERALATAN DAN MESIN,1.3.2.08.01.10.176
5769,D'Alhendred Motor,PERALATAN DAN MESIN,1.3.2.08.01.10.177
5770,Motor Induksi,PERALATAN DAN MESIN,1.3.2.08.01.10.178
5771,Electric Network,PERALATAN DAN MESIN,1.3.2.08.01.10.179
5772,Universal Programmer and Testor,PERALATAN DAN MESIN,1.3.2.08.01.10.180
5773,Emergency Supply,PERALATAN DAN MESIN,1.3.2.08.01.10.181
5774,Anc Milling Machine,PERALATAN DAN MESIN,1.3.2.08.01.10.182
5775,Boat Light,PERALATAN DAN MESIN,1.3.2.08.01.10.183
5776,Surface And Pore Size Analyzer,PERALATAN DAN MESIN,1.3.2.08.01.10.184
5777,Echo Sonder Trenduser,PERALATAN DAN MESIN,1.3.2.08.01.10.185
5778,Steam House Mala,PERALATAN DAN MESIN,1.3.2.08.01.10.186
5779,Buoysmoke Similar,PERALATAN DAN MESIN,1.3.2.08.01.10.187
5780,Stering Compac Baltic,PERALATAN DAN MESIN,1.3.2.08.01.10.188
5781,Programmable AC/DC Power Source,PERALATAN DAN MESIN,1.3.2.08.01.10.189
5782,"alat laboratorium logam, mesin dan listrik  lainnya (dst)",PERALATAN DAN MESIN,1.3.2.08.01.10.190
5783,ALAT LABORATORIUM UMUM,PERALATAN DAN MESIN,1.3.2.08.01.11.000
5784,Centrifuge (Alat Laboratorium Umum),PERALATAN DAN MESIN,1.3.2.08.01.11.001
5785,Water Bath (Alat Laboratorium Umum),PERALATAN DAN MESIN,1.3.2.08.01.11.002
5786,Incubator (Alat Laboratorium Umum),PERALATAN DAN MESIN,1.3.2.08.01.11.003
5787,Mortar (Alat Laboratorium Umum),PERALATAN DAN MESIN,1.3.2.08.01.11.004
5788,Oven (Alat Laboratorium Umum),PERALATAN DAN MESIN,1.3.2.08.01.11.005
5789,Compressor Unit,PERALATAN DAN MESIN,1.3.2.08.01.11.006
5790,Nessler,PERALATAN DAN MESIN,1.3.2.08.01.11.007
5791,Penagas,PERALATAN DAN MESIN,1.3.2.08.01.11.008
5792,Burete,PERALATAN DAN MESIN,1.3.2.08.01.11.009
5793,Microscope,PERALATAN DAN MESIN,1.3.2.08.01.11.010
5794,Autoclave (Alat Laboratorium Umum),PERALATAN DAN MESIN,1.3.2.08.01.11.011
5795,Blender,PERALATAN DAN MESIN,1.3.2.08.01.11.012
5796,Timbangan/Neraca,PERALATAN DAN MESIN,1.3.2.08.01.11.013
5797,Axial Plunger Pump,PERALATAN DAN MESIN,1.3.2.08.01.11.014
5798,Dry Klim,PERALATAN DAN MESIN,1.3.2.08.01.11.015
5799,Universal Test Machine (Alat Laboratorium Umum),PERALATAN DAN MESIN,1.3.2.08.01.11.016
5800,Engenerring Test Equipment,PERALATAN DAN MESIN,1.3.2.08.01.11.017
5801,Vacum Pump,PERALATAN DAN MESIN,1.3.2.08.01.11.018
5802,Bearing Stand,PERALATAN DAN MESIN,1.3.2.08.01.11.019
5803,Stop Watch,PERALATAN DAN MESIN,1.3.2.08.01.11.020
5804,S C R E E N,PERALATAN DAN MESIN,1.3.2.08.01.11.021
5805,Alat Destilasi Air,PERALATAN DAN MESIN,1.3.2.08.01.11.022
5806,Bunson Burner,PERALATAN DAN MESIN,1.3.2.08.01.11.023
5807,Support Sheet Round,PERALATAN DAN MESIN,1.3.2.08.01.11.024
5808,Manometer,PERALATAN DAN MESIN,1.3.2.08.01.11.025
5809,Hydrometer,PERALATAN DAN MESIN,1.3.2.08.01.11.026
5810,Counter Meter,PERALATAN DAN MESIN,1.3.2.08.01.11.027
5811,Caliper & Micrometer,PERALATAN DAN MESIN,1.3.2.08.01.11.028
5812,M I X E R,PERALATAN DAN MESIN,1.3.2.08.01.11.029
5813,Thermometer (Alat Laboratorium Umum),PERALATAN DAN MESIN,1.3.2.08.01.11.030
5814,Corong,PERALATAN DAN MESIN,1.3.2.08.01.11.031
5815,Lampu Natrium,PERALATAN DAN MESIN,1.3.2.08.01.11.032
5816,Container Gas Chlorine,PERALATAN DAN MESIN,1.3.2.08.01.11.033
5817,Raw Water Kit,PERALATAN DAN MESIN,1.3.2.08.01.11.034
5818,Brightness Tester,PERALATAN DAN MESIN,1.3.2.08.01.11.035
5819,Water Absorb Tester,PERALATAN DAN MESIN,1.3.2.08.01.11.036
5820,B O D Meter,PERALATAN DAN MESIN,1.3.2.08.01.11.037
5821,Biologikal Oxigen Demand,PERALATAN DAN MESIN,1.3.2.08.01.11.038
5822,Tabung Gas Ho,PERALATAN DAN MESIN,1.3.2.08.01.11.039
5823,Tabung Gas N2,PERALATAN DAN MESIN,1.3.2.08.01.11.040
5824,Boume Meter,PERALATAN DAN MESIN,1.3.2.08.01.11.041
5825,Bak Fiberglass,PERALATAN DAN MESIN,1.3.2.08.01.11.042
5826,Crusible Penyaring,PERALATAN DAN MESIN,1.3.2.08.01.11.043
5827,Iodine Plass,PERALATAN DAN MESIN,1.3.2.08.01.11.044
5828,Thermostate,PERALATAN DAN MESIN,1.3.2.08.01.11.045
5829,Spray Gun,PERALATAN DAN MESIN,1.3.2.08.01.11.046
5830,Furnace,PERALATAN DAN MESIN,1.3.2.08.01.11.047
5831,Condensor (Alat Laboratorium Umum),PERALATAN DAN MESIN,1.3.2.08.01.11.048
5832,Lumpang Pengeram,PERALATAN DAN MESIN,1.3.2.08.01.11.049
5833,Lampu Spritus,PERALATAN DAN MESIN,1.3.2.08.01.11.050
5834,M E S T A R,PERALATAN DAN MESIN,1.3.2.08.01.11.051
5835,Pipa U,PERALATAN DAN MESIN,1.3.2.08.01.11.052
5836,Lempeng Tetes,PERALATAN DAN MESIN,1.3.2.08.01.11.053
5837,Stirer/Pengocok,PERALATAN DAN MESIN,1.3.2.08.01.11.054
5838,Alat Penyari Koch,PERALATAN DAN MESIN,1.3.2.08.01.11.055
5839,Alat Penyari Procter,PERALATAN DAN MESIN,1.3.2.08.01.11.056
5840,Dean Starek,PERALATAN DAN MESIN,1.3.2.08.01.11.057
5841,Sun Shine Recorder,PERALATAN DAN MESIN,1.3.2.08.01.11.058
5842,Crock Meter (Alat Laboratorium Umum),PERALATAN DAN MESIN,1.3.2.08.01.11.059
5843,Kipps,PERALATAN DAN MESIN,1.3.2.08.01.11.060
5844,Pengaduk,PERALATAN DAN MESIN,1.3.2.08.01.11.061
5845,Crusses Tang,PERALATAN DAN MESIN,1.3.2.08.01.11.062
5846,Pendingin Lurus,PERALATAN DAN MESIN,1.3.2.08.01.11.063
5847,T O G L E,PERALATAN DAN MESIN,1.3.2.08.01.11.064
5848,Jepitan Kulit Untuk Togle,PERALATAN DAN MESIN,1.3.2.08.01.11.065
5849,Four Position Flask Heaster,PERALATAN DAN MESIN,1.3.2.08.01.11.066
5850,Montle Heater,PERALATAN DAN MESIN,1.3.2.08.01.11.067
5851,Motor Complit Bioxidation System,PERALATAN DAN MESIN,1.3.2.08.01.11.068
5852,Standard Klem Burete,PERALATAN DAN MESIN,1.3.2.08.01.11.069
5853,Stress Cracking Tester With Thermometer Water Bath,PERALATAN DAN MESIN,1.3.2.08.01.11.070
5854,Alat Pengukur Luas Kulit,PERALATAN DAN MESIN,1.3.2.08.01.11.071
5855,Boll Mill / Boll Press,PERALATAN DAN MESIN,1.3.2.08.01.11.072
5856,PH Meter (Alat Laboratorium Umum),PERALATAN DAN MESIN,1.3.2.08.01.11.073
5857,Tangki Pembuat Sheet,PERALATAN DAN MESIN,1.3.2.08.01.11.074
5858,Tangki Bahan Baku,PERALATAN DAN MESIN,1.3.2.08.01.11.075
5859,Kjeldahl Set,PERALATAN DAN MESIN,1.3.2.08.01.11.076
5860,Salt Spray Test Chamber,PERALATAN DAN MESIN,1.3.2.08.01.11.077
5861,Corrosion Tester (Alat Laboratorium Umum),PERALATAN DAN MESIN,1.3.2.08.01.11.078
5862,Electrolytic Equipment,PERALATAN DAN MESIN,1.3.2.08.01.11.079
5863,Autograph,PERALATAN DAN MESIN,1.3.2.08.01.11.080
5864,Air Permeability Tester,PERALATAN DAN MESIN,1.3.2.08.01.11.081
5865,Penguji Titik Leleh,PERALATAN DAN MESIN,1.3.2.08.01.11.082
5866,Pengukur Derajat Putih,PERALATAN DAN MESIN,1.3.2.08.01.11.083
5867,S E M,PERALATAN DAN MESIN,1.3.2.08.01.11.084
5868,Alat Sampling Gas Buang,PERALATAN DAN MESIN,1.3.2.08.01.11.085
5869,Soun Level Meter Tester,PERALATAN DAN MESIN,1.3.2.08.01.11.086
5870,Dialcaliter,PERALATAN DAN MESIN,1.3.2.08.01.11.087
5871,Dry Oven,PERALATAN DAN MESIN,1.3.2.08.01.11.088
5872,Hydrolic Hand Press,PERALATAN DAN MESIN,1.3.2.08.01.11.089
5873,Hair Dryer/Spray Dryer/Dryer,PERALATAN DAN MESIN,1.3.2.08.01.11.090
5874,Aqua Guard,PERALATAN DAN MESIN,1.3.2.08.01.11.091
5875,Titration Apparatus,PERALATAN DAN MESIN,1.3.2.08.01.11.092
5876,Multi Unit Extraction,PERALATAN DAN MESIN,1.3.2.08.01.11.093
5877,Plat Pemanas,PERALATAN DAN MESIN,1.3.2.08.01.11.094
5878,Alat Pengukur Tebal,PERALATAN DAN MESIN,1.3.2.08.01.11.095
5879,Alat Ukur Kadar Air (Alat Laboratorium Umum),PERALATAN DAN MESIN,1.3.2.08.01.11.096
5880,Vergeot Apparat,PERALATAN DAN MESIN,1.3.2.08.01.11.097
5881,Alat Tembus Udara,PERALATAN DAN MESIN,1.3.2.08.01.11.098
5882,Alat Uji Kelembaban Udara,PERALATAN DAN MESIN,1.3.2.08.01.11.099
5883,Laminar Air Flow,PERALATAN DAN MESIN,1.3.2.08.01.11.100
5884,Microtome (Alat Laboratorium Umum),PERALATAN DAN MESIN,1.3.2.08.01.11.101
5885,Spi Flame Ability (Alat Laboratorium Umum),PERALATAN DAN MESIN,1.3.2.08.01.11.102
5886,Autoclave Unit (Alat Laboratorium Umum),PERALATAN DAN MESIN,1.3.2.08.01.11.103
5887,Electrik Thermometer,PERALATAN DAN MESIN,1.3.2.08.01.11.104
5888,Flour Photometer,PERALATAN DAN MESIN,1.3.2.08.01.11.105
5889,Microscope Dengan Camera,PERALATAN DAN MESIN,1.3.2.08.01.11.106
5890,System Pengendali Derajat Asam,PERALATAN DAN MESIN,1.3.2.08.01.11.107
5891,Mesin Potong Jerami,PERALATAN DAN MESIN,1.3.2.08.01.11.108
5892,Mesin Pres Jerami,PERALATAN DAN MESIN,1.3.2.08.01.11.109
5893,Bak Flukulator,PERALATAN DAN MESIN,1.3.2.08.01.11.110
5894,Alat Poleshing,PERALATAN DAN MESIN,1.3.2.08.01.11.111
5895,Alat Gerinda,PERALATAN DAN MESIN,1.3.2.08.01.11.112
5896,Refrigerator,PERALATAN DAN MESIN,1.3.2.08.01.11.113
5897,Freeze Dryer,PERALATAN DAN MESIN,1.3.2.08.01.11.114
5898,Refractometer (Alat Laboratorium Umum),PERALATAN DAN MESIN,1.3.2.08.01.11.115
5899,Vacuum Oven,PERALATAN DAN MESIN,1.3.2.08.01.11.116
5900,Calorimeter,PERALATAN DAN MESIN,1.3.2.08.01.11.117
5901,Galvanometer,PERALATAN DAN MESIN,1.3.2.08.01.11.118
5902,Filter Press,PERALATAN DAN MESIN,1.3.2.08.01.11.119
5903,Higromoter,PERALATAN DAN MESIN,1.3.2.08.01.11.120
5904,Termocouple,PERALATAN DAN MESIN,1.3.2.08.01.11.121
5905,Steroscop,PERALATAN DAN MESIN,1.3.2.08.01.11.122
5906,Load Cell,PERALATAN DAN MESIN,1.3.2.08.01.11.123
5907,Desitometer,PERALATAN DAN MESIN,1.3.2.08.01.11.124
5908,Tripod,PERALATAN DAN MESIN,1.3.2.08.01.11.125
5909,Spectrophotometer,PERALATAN DAN MESIN,1.3.2.08.01.11.126
5910,Epron eraser,PERALATAN DAN MESIN,1.3.2.08.01.11.127
5911,Induction Totor,PERALATAN DAN MESIN,1.3.2.08.01.11.128
5912,Container N2 Cair (Alat Laboratorium Umum),PERALATAN DAN MESIN,1.3.2.08.01.11.129
5913,Ionisator,PERALATAN DAN MESIN,1.3.2.08.01.11.130
5914,Helc and Flow,PERALATAN DAN MESIN,1.3.2.08.01.11.131
5915,Plamscope,PERALATAN DAN MESIN,1.3.2.08.01.11.132
5916,Remote Terminal Limit,PERALATAN DAN MESIN,1.3.2.08.01.11.133
5917,Ignation Wire Nickel,PERALATAN DAN MESIN,1.3.2.08.01.11.134
5918,Digital Signal Procesor,PERALATAN DAN MESIN,1.3.2.08.01.11.135
5919,Hand Saw Machine,PERALATAN DAN MESIN,1.3.2.08.01.11.136
5920,Fire Assay Furnace,PERALATAN DAN MESIN,1.3.2.08.01.11.137
5921,Function Generator (Alat Laboratorium Umum),PERALATAN DAN MESIN,1.3.2.08.01.11.138
5922,Process Calibrator Fluke,PERALATAN DAN MESIN,1.3.2.08.01.11.139
5923,Semi Automatic Penetometer,PERALATAN DAN MESIN,1.3.2.08.01.11.140
5924,Multizer Plate,PERALATAN DAN MESIN,1.3.2.08.01.11.141
5925,Cnc Milling Machine,PERALATAN DAN MESIN,1.3.2.08.01.11.142
5926,Mesin Pengayak,PERALATAN DAN MESIN,1.3.2.08.01.11.143
5927,Cyclone 2 Hall,PERALATAN DAN MESIN,1.3.2.08.01.11.144
5928,Variable Speed Transmission,PERALATAN DAN MESIN,1.3.2.08.01.11.145
5929,Bottle Regen,PERALATAN DAN MESIN,1.3.2.08.01.11.146
5930,Rock Cutting Machine,PERALATAN DAN MESIN,1.3.2.08.01.11.147
5931,Rock Strength Index,PERALATAN DAN MESIN,1.3.2.08.01.11.148
5932,Plate Pulveriser,PERALATAN DAN MESIN,1.3.2.08.01.11.149
5933,Core Bit,PERALATAN DAN MESIN,1.3.2.08.01.11.150
5934,Low Fristian Pressure,PERALATAN DAN MESIN,1.3.2.08.01.11.151
5935,Universal Coring Machine,PERALATAN DAN MESIN,1.3.2.08.01.11.152
5936,Test Set For Water Well,PERALATAN DAN MESIN,1.3.2.08.01.11.153
5937,Ayakan Gantung,PERALATAN DAN MESIN,1.3.2.08.01.11.154
5938,Earth Resistivity Meter,PERALATAN DAN MESIN,1.3.2.08.01.11.155
5939,Elektroda Spesifik,PERALATAN DAN MESIN,1.3.2.08.01.11.156
5940,Spectrometric Mode,PERALATAN DAN MESIN,1.3.2.08.01.11.157
5941,Cuvet Cadangan Metachylate,PERALATAN DAN MESIN,1.3.2.08.01.11.158
5942,Digital Indicator LCD/Metric,PERALATAN DAN MESIN,1.3.2.08.01.11.159
5943,Orsat,PERALATAN DAN MESIN,1.3.2.08.01.11.160
5944,Ultra Pure Water Chemistreat,PERALATAN DAN MESIN,1.3.2.08.01.11.161
5945,Molser Content Tester,PERALATAN DAN MESIN,1.3.2.08.01.11.162
5946,Peralatan Sampler Spliter,PERALATAN DAN MESIN,1.3.2.08.01.11.163
5947,Peralatan Homogenisasi,PERALATAN DAN MESIN,1.3.2.08.01.11.164
5948,Peralatan Petroscope,PERALATAN DAN MESIN,1.3.2.08.01.11.165
5949,Peralatan Palomagnetic,PERALATAN DAN MESIN,1.3.2.08.01.11.166
5950,Shear Strength,PERALATAN DAN MESIN,1.3.2.08.01.11.167
5951,Mesin Gerus Tanah,PERALATAN DAN MESIN,1.3.2.08.01.11.168
5952,Schimdt Hammer,PERALATAN DAN MESIN,1.3.2.08.01.11.169
5953,Jack Mill,PERALATAN DAN MESIN,1.3.2.08.01.11.170
5954,Termolline Pyrometer,PERALATAN DAN MESIN,1.3.2.08.01.11.171
5955,Gelinding,PERALATAN DAN MESIN,1.3.2.08.01.11.172
5956,Alat Procesing rumput,PERALATAN DAN MESIN,1.3.2.08.01.11.173
5957,Bacteriological Colony Counter,PERALATAN DAN MESIN,1.3.2.08.01.11.174
5958,Bacthythermograph,PERALATAN DAN MESIN,1.3.2.08.01.11.175
5959,Biocounter,PERALATAN DAN MESIN,1.3.2.08.01.11.176
5960,Closing Gear,PERALATAN DAN MESIN,1.3.2.08.01.11.177
5961,Complete Cyanida Distallation Apparatus,PERALATAN DAN MESIN,1.3.2.08.01.11.178
5962,Cooling Water Circulator,PERALATAN DAN MESIN,1.3.2.08.01.11.179
5963,Coulter Counter (Alat Laboratorium Umum),PERALATAN DAN MESIN,1.3.2.08.01.11.180
5964,Delux Two Speed Horizontal Lapidary,PERALATAN DAN MESIN,1.3.2.08.01.11.181
5965,Disecting Apparatus (Alat Laboratorium Umum),PERALATAN DAN MESIN,1.3.2.08.01.11.182
5966,Dive tank,PERALATAN DAN MESIN,1.3.2.08.01.11.183
5967,Dry Ice Storage Shest,PERALATAN DAN MESIN,1.3.2.08.01.11.184
5968,Electric Measuring Tape,PERALATAN DAN MESIN,1.3.2.08.01.11.185
5969,Elektrophoresis,PERALATAN DAN MESIN,1.3.2.08.01.11.186
5970,Enlarge,PERALATAN DAN MESIN,1.3.2.08.01.11.187
5971,Extraction Mantle 6 Hole,PERALATAN DAN MESIN,1.3.2.08.01.11.188
5972,Fibre Glass Fume Hood,PERALATAN DAN MESIN,1.3.2.08.01.11.189
5973,Filtration Apparatus,PERALATAN DAN MESIN,1.3.2.08.01.11.190
5974,Fluid Contamination Analysis Kit,PERALATAN DAN MESIN,1.3.2.08.01.11.191
5975,Gene Amp Pcr System,PERALATAN DAN MESIN,1.3.2.08.01.11.192
5976,Hand Wunch With Boom,PERALATAN DAN MESIN,1.3.2.08.01.11.193
5977,Hygrometer (Alat Laboratorium Umum),PERALATAN DAN MESIN,1.3.2.08.01.11.194
5978,Ice Maker (Alat Laboratorium Umum),PERALATAN DAN MESIN,1.3.2.08.01.11.195
5979,Jars Anaerobic System,PERALATAN DAN MESIN,1.3.2.08.01.11.196
5980,Jelly Strength Tester,PERALATAN DAN MESIN,1.3.2.08.01.11.197
5981,Laminair Flow Cabinet,PERALATAN DAN MESIN,1.3.2.08.01.11.198
5982,Linomat,PERALATAN DAN MESIN,1.3.2.08.01.11.199
5983,Liquid Extractor,PERALATAN DAN MESIN,1.3.2.08.01.11.200
5984,Liquid Scientilation Counter,PERALATAN DAN MESIN,1.3.2.08.01.11.201
5985,Mechanical Homogenenizer,PERALATAN DAN MESIN,1.3.2.08.01.11.202
5986,Mesokome,PERALATAN DAN MESIN,1.3.2.08.01.11.203
5987,Meterology Kit,PERALATAN DAN MESIN,1.3.2.08.01.11.204
5988,Micro Continuous Flow Analyzer,PERALATAN DAN MESIN,1.3.2.08.01.11.205
5989,Micro Hammer Mil Culiati,PERALATAN DAN MESIN,1.3.2.08.01.11.206
5990,Rotary Evaporator,PERALATAN DAN MESIN,1.3.2.08.01.11.207
5991,alat laboratorium umum  lainnya (dst),PERALATAN DAN MESIN,1.3.2.08.01.11.208
5992,ALAT LABORATORIUM MICROBIOLOGI,PERALATAN DAN MESIN,1.3.2.08.01.12.000
5993,Autocleve,PERALATAN DAN MESIN,1.3.2.08.01.12.001
5994,Oven/Hot Air Sterilizer,PERALATAN DAN MESIN,1.3.2.08.01.12.002
5995,Pipette Washer,PERALATAN DAN MESIN,1.3.2.08.01.12.003
5996,Pipette Dryer,PERALATAN DAN MESIN,1.3.2.08.01.12.004
5997,Santrifuge Biasa,PERALATAN DAN MESIN,1.3.2.08.01.12.005
5998,Binoculer Microscope (Alat Laboratorium Microbiologi),PERALATAN DAN MESIN,1.3.2.08.01.12.006
5999,Sentrifuge Untuk Microplate,PERALATAN DAN MESIN,1.3.2.08.01.12.007
6000,Stereo Microscope (Alat Laboratorium Microbiologi),PERALATAN DAN MESIN,1.3.2.08.01.12.008
6001,Fluricent Microscope,PERALATAN DAN MESIN,1.3.2.08.01.12.009
6002,Magnetic Stirer & Rod With Hot Plate,PERALATAN DAN MESIN,1.3.2.08.01.12.010
6003,Balance Electric,PERALATAN DAN MESIN,1.3.2.08.01.12.011
6004,Aquadestilator,PERALATAN DAN MESIN,1.3.2.08.01.12.012
6005,Demineralizer (Alat Laboratorium Microbiologi),PERALATAN DAN MESIN,1.3.2.08.01.12.013
6006,Millipore Filter,PERALATAN DAN MESIN,1.3.2.08.01.12.014
6007,Microtiter Kit,PERALATAN DAN MESIN,1.3.2.08.01.12.015
6008,Pinn Filter,PERALATAN DAN MESIN,1.3.2.08.01.12.016
6009,Pipette Filter,PERALATAN DAN MESIN,1.3.2.08.01.12.017
6010,Propipette,PERALATAN DAN MESIN,1.3.2.08.01.12.018
6011,Pipette Container,PERALATAN DAN MESIN,1.3.2.08.01.12.019
6012,Tube Container,PERALATAN DAN MESIN,1.3.2.08.01.12.020
6013,Wire Basket,PERALATAN DAN MESIN,1.3.2.08.01.12.021
6014,Discard Pan,PERALATAN DAN MESIN,1.3.2.08.01.12.022
6015,Boolling Pan,PERALATAN DAN MESIN,1.3.2.08.01.12.023
6016,Stabilizer,PERALATAN DAN MESIN,1.3.2.08.01.12.024
6017,Freezer 70 Derajat C Centrifuge With Accesories,PERALATAN DAN MESIN,1.3.2.08.01.12.025
6018,Retrigerated,PERALATAN DAN MESIN,1.3.2.08.01.12.026
6019,Analytic Balancer,PERALATAN DAN MESIN,1.3.2.08.01.12.027
6020,Bursen Burner,PERALATAN DAN MESIN,1.3.2.08.01.12.028
6021,Anerobic Jar,PERALATAN DAN MESIN,1.3.2.08.01.12.029
6022,Ice Crusher,PERALATAN DAN MESIN,1.3.2.08.01.12.030
6023,Pipette Jar Container,PERALATAN DAN MESIN,1.3.2.08.01.12.031
6024,Inculating Supplies,PERALATAN DAN MESIN,1.3.2.08.01.12.032
6025,Silicagel Desicator,PERALATAN DAN MESIN,1.3.2.08.01.12.033
6026,Peristalitic Pump,PERALATAN DAN MESIN,1.3.2.08.01.12.034
6027,Tube For Centrifuge,PERALATAN DAN MESIN,1.3.2.08.01.12.035
6028,Caps For Centrifuge Tube,PERALATAN DAN MESIN,1.3.2.08.01.12.036
6029,RES,PERALATAN DAN MESIN,1.3.2.08.01.12.037
6030,Test Tube Mixer,PERALATAN DAN MESIN,1.3.2.08.01.12.038
6031,Krucut In Hoff,PERALATAN DAN MESIN,1.3.2.08.01.12.039
6032,Rotator Shaker (Alat Laboratorium Microbiologi),PERALATAN DAN MESIN,1.3.2.08.01.12.040
6033,Microscope Monocular,PERALATAN DAN MESIN,1.3.2.08.01.12.041
6034,Microscope Binocular,PERALATAN DAN MESIN,1.3.2.08.01.12.042
6035,Photo Microscope,PERALATAN DAN MESIN,1.3.2.08.01.12.043
6036,Atomic Absorption Spectro,PERALATAN DAN MESIN,1.3.2.08.01.12.044
6037,Tl Chromatograph,PERALATAN DAN MESIN,1.3.2.08.01.12.045
6038,Electrogravimetri,PERALATAN DAN MESIN,1.3.2.08.01.12.046
6039,Chromatography Injection,PERALATAN DAN MESIN,1.3.2.08.01.12.047
6040,Device (Alat Laboratorium Microbiologi),PERALATAN DAN MESIN,1.3.2.08.01.12.048
6041,Tissue Processor Unit,PERALATAN DAN MESIN,1.3.2.08.01.12.049
6042,Microtome Unit,PERALATAN DAN MESIN,1.3.2.08.01.12.050
6043,Analitical Balance (Alat Laboratorium Microbiologi),PERALATAN DAN MESIN,1.3.2.08.01.12.051
6044,Precisions Balance,PERALATAN DAN MESIN,1.3.2.08.01.12.052
6045,Washing Instrument (Alat Laboratorium Microbiologi),PERALATAN DAN MESIN,1.3.2.08.01.12.053
6046,Microscope Fluoronsence,PERALATAN DAN MESIN,1.3.2.08.01.12.054
6047,Microscope Phase Contrast Light Field,PERALATAN DAN MESIN,1.3.2.08.01.12.055
6048,Microscope Phase Contrast Dark Field,PERALATAN DAN MESIN,1.3.2.08.01.12.056
6049,Microtitation Plate Incubator,PERALATAN DAN MESIN,1.3.2.08.01.12.057
6050,Automatic Micro Plate Laser,PERALATAN DAN MESIN,1.3.2.08.01.12.058
6051,Petri Dish,PERALATAN DAN MESIN,1.3.2.08.01.12.059
6052,Loop Sterilizer,PERALATAN DAN MESIN,1.3.2.08.01.12.060
6053,Reader Petri Dishas,PERALATAN DAN MESIN,1.3.2.08.01.12.061
6054,Reader Antibiotic,PERALATAN DAN MESIN,1.3.2.08.01.12.062
6055,French Pressure Cell & Laboratory Press Motor Driven Laobatory,PERALATAN DAN MESIN,1.3.2.08.01.12.063
6056,"Standard French Presure Cell 35 Ml Capasity, Presure Up To 40.00",PERALATAN DAN MESIN,1.3.2.08.01.12.064
6057,"Miniature French Presure Cell 3,7 Ml Capasity, Presure Up To 20.",PERALATAN DAN MESIN,1.3.2.08.01.12.065
6058,Tissue Homogenizer,PERALATAN DAN MESIN,1.3.2.08.01.12.066
6059,Hematology Analyzer ( Blood Cell Counter ),PERALATAN DAN MESIN,1.3.2.08.01.12.067
6060,Sub Marine Gel System,PERALATAN DAN MESIN,1.3.2.08.01.12.068
6061,Microcentrifuge,PERALATAN DAN MESIN,1.3.2.08.01.12.069
6062,Stiring Hot Plat,PERALATAN DAN MESIN,1.3.2.08.01.12.070
6063,Micro Pippettes,PERALATAN DAN MESIN,1.3.2.08.01.12.071
6064,Electromagnetic Current Meter,PERALATAN DAN MESIN,1.3.2.08.01.12.072
6065,Electronic Current Meter,PERALATAN DAN MESIN,1.3.2.08.01.12.073
6066,Vector Aritmatic,PERALATAN DAN MESIN,1.3.2.08.01.12.074
6067,Sandy Surface Meter,PERALATAN DAN MESIN,1.3.2.08.01.12.075
6068,Wave Height Meter,PERALATAN DAN MESIN,1.3.2.08.01.12.076
6069,Digital Storage Oscilloscope,PERALATAN DAN MESIN,1.3.2.08.01.12.077
6070,Detector,PERALATAN DAN MESIN,1.3.2.08.01.12.078
6071,Pressure Transacer,PERALATAN DAN MESIN,1.3.2.08.01.12.079
6072,Microscope Tringular,PERALATAN DAN MESIN,1.3.2.08.01.12.080
6073,Helium Liquifier,PERALATAN DAN MESIN,1.3.2.08.01.12.081
6074,Vacuum Manifold,PERALATAN DAN MESIN,1.3.2.08.01.12.082
6075,Dispensing Pump,PERALATAN DAN MESIN,1.3.2.08.01.12.083
6076,DNA Analyzer,PERALATAN DAN MESIN,1.3.2.08.01.12.084
6077,alat laboratorium microbiologi  lainnya (dst),PERALATAN DAN MESIN,1.3.2.08.01.12.085
6078,ALAT LABORATORIUM KIMIA,PERALATAN DAN MESIN,1.3.2.08.01.13.000
6079,Analytical Balance Electric,PERALATAN DAN MESIN,1.3.2.08.01.13.001
6080,Analytical Balance Non Electric,PERALATAN DAN MESIN,1.3.2.08.01.13.002
6081,Balance Trip,PERALATAN DAN MESIN,1.3.2.08.01.13.003
6082,Balance Gram,PERALATAN DAN MESIN,1.3.2.08.01.13.004
6083,Balance Miligram,PERALATAN DAN MESIN,1.3.2.08.01.13.005
6084,Balance Kodek/Kilogram,PERALATAN DAN MESIN,1.3.2.08.01.13.006
6085,Fotometer,PERALATAN DAN MESIN,1.3.2.08.01.13.007
6086,Flame Fotometer,PERALATAN DAN MESIN,1.3.2.08.01.13.008
6087,Mercury Analyzer (Alat Laboratorium Kimia),PERALATAN DAN MESIN,1.3.2.08.01.13.009
6088,Automatic Adsorption Spectrofotometer,PERALATAN DAN MESIN,1.3.2.08.01.13.010
6089,Turbidimeter (Alat Laboratorium Kimia),PERALATAN DAN MESIN,1.3.2.08.01.13.011
6090,Conductometer,PERALATAN DAN MESIN,1.3.2.08.01.13.012
6091,Khromatographi Kertas,PERALATAN DAN MESIN,1.3.2.08.01.13.013
6092,Khromatographi Tabung,PERALATAN DAN MESIN,1.3.2.08.01.13.014
6093,Khromatographi Lapisan Tipis (TLG),PERALATAN DAN MESIN,1.3.2.08.01.13.015
6094,Khromatograhi Gas Cair (GLS)-GC,PERALATAN DAN MESIN,1.3.2.08.01.13.016
6095,Tintometer Kid,PERALATAN DAN MESIN,1.3.2.08.01.13.017
6096,Comparator,PERALATAN DAN MESIN,1.3.2.08.01.13.018
6097,Desicator,PERALATAN DAN MESIN,1.3.2.08.01.13.019
6098,Sohxlet,PERALATAN DAN MESIN,1.3.2.08.01.13.020
6099,Thiel Apparatus,PERALATAN DAN MESIN,1.3.2.08.01.13.021
6100,Buret/Peralatan Titrasi,PERALATAN DAN MESIN,1.3.2.08.01.13.022
6101,Deep Freezer (Alat Laboratorium Kimia),PERALATAN DAN MESIN,1.3.2.08.01.13.023
6102,Kyldahl Apparatus,PERALATAN DAN MESIN,1.3.2.08.01.13.024
6103,U.V. Lamp (Alat Laboratorium Kimia),PERALATAN DAN MESIN,1.3.2.08.01.13.025
6104,Seperate Funnel,PERALATAN DAN MESIN,1.3.2.08.01.13.026
6105,Nephelmeter,PERALATAN DAN MESIN,1.3.2.08.01.13.027
6106,Destilator (Alat Laboratorium Kimia),PERALATAN DAN MESIN,1.3.2.08.01.13.028
6107,High Performance Liquid Diromatography (HPLG),PERALATAN DAN MESIN,1.3.2.08.01.13.029
6108,Aqua Bidest Apparatus,PERALATAN DAN MESIN,1.3.2.08.01.13.030
6109,Aquadest Apparatus,PERALATAN DAN MESIN,1.3.2.08.01.13.031
6110,Electrophorese,PERALATAN DAN MESIN,1.3.2.08.01.13.032
6111,Diyer,PERALATAN DAN MESIN,1.3.2.08.01.13.033
6112,Hot Plate (Alat Laboratorium Kimia),PERALATAN DAN MESIN,1.3.2.08.01.13.034
6113,Micro Burret,PERALATAN DAN MESIN,1.3.2.08.01.13.035
6114,Tabung Nessler Pembanding Warna,PERALATAN DAN MESIN,1.3.2.08.01.13.036
6115,Chromato Jar,PERALATAN DAN MESIN,1.3.2.08.01.13.037
6116,Chromatography Oven,PERALATAN DAN MESIN,1.3.2.08.01.13.038
6117,Chromatogram Developping Apparatus/Chambler,PERALATAN DAN MESIN,1.3.2.08.01.13.039
6118,TLC Reagent Sprayer,PERALATAN DAN MESIN,1.3.2.08.01.13.040
6119,TLC Drying Rachs,PERALATAN DAN MESIN,1.3.2.08.01.13.041
6120,Aqua Analyzer,PERALATAN DAN MESIN,1.3.2.08.01.13.042
6121,Netrogin Analyzer,PERALATAN DAN MESIN,1.3.2.08.01.13.043
6122,Preasure Sterilizer,PERALATAN DAN MESIN,1.3.2.08.01.13.044
6123,Melt Indexer (Alat Laboratorium Kimia),PERALATAN DAN MESIN,1.3.2.08.01.13.045
6124,Westover Type Frioctono Meter,PERALATAN DAN MESIN,1.3.2.08.01.13.046
6125,Brannock,PERALATAN DAN MESIN,1.3.2.08.01.13.047
6126,Water Distilation Apparatus (Alat Laboratorium Kimia),PERALATAN DAN MESIN,1.3.2.08.01.13.048
6127,E N T K A S,PERALATAN DAN MESIN,1.3.2.08.01.13.049
6128,Homogin Mixer,PERALATAN DAN MESIN,1.3.2.08.01.13.050
6129,Dry Blending,PERALATAN DAN MESIN,1.3.2.08.01.13.051
6130,Experimental Tanning Drum,PERALATAN DAN MESIN,1.3.2.08.01.13.052
6131,Hide Prosessor,PERALATAN DAN MESIN,1.3.2.08.01.13.053
6132,Tannox Drum,PERALATAN DAN MESIN,1.3.2.08.01.13.054
6133,Plat Aluminium Untuk Out Set,PERALATAN DAN MESIN,1.3.2.08.01.13.055
6134,Alat Untuk Mensol Fenasi Minyak Pelumas,PERALATAN DAN MESIN,1.3.2.08.01.13.056
6135,Spec Tonic,PERALATAN DAN MESIN,1.3.2.08.01.13.057
6136,SPI Flame Ability (Alat Laboratorium Kimia),PERALATAN DAN MESIN,1.3.2.08.01.13.058
6137,Infrared Spectro Foto Meter,PERALATAN DAN MESIN,1.3.2.08.01.13.059
6138,Laboratory Spry Dryer,PERALATAN DAN MESIN,1.3.2.08.01.13.060
6139,Lacto Meter,PERALATAN DAN MESIN,1.3.2.08.01.13.061
6140,Filtration System,PERALATAN DAN MESIN,1.3.2.08.01.13.062
6141,Water Distiling,PERALATAN DAN MESIN,1.3.2.08.01.13.063
6142,Aqua Meter/Titrator,PERALATAN DAN MESIN,1.3.2.08.01.13.064
6143,Road Coater,PERALATAN DAN MESIN,1.3.2.08.01.13.065
6144,Alat Pemisah Buih(Foam Seperator),PERALATAN DAN MESIN,1.3.2.08.01.13.066
6145,Mini Mil Computerized Laboratory Digester,PERALATAN DAN MESIN,1.3.2.08.01.13.067
6146,Peralatan Chlorine Injector,PERALATAN DAN MESIN,1.3.2.08.01.13.068
6147,Alat Pembuat Pelet,PERALATAN DAN MESIN,1.3.2.08.01.13.069
6148,Peralatan Pencampur Kompos & Bio Stabilizer,PERALATAN DAN MESIN,1.3.2.08.01.13.070
6149,Gas Orsat Apparatus,PERALATAN DAN MESIN,1.3.2.08.01.13.071
6150,Reaktor Anaerobic,PERALATAN DAN MESIN,1.3.2.08.01.13.072
6151,Alat Ultra Filtrasi,PERALATAN DAN MESIN,1.3.2.08.01.13.073
6152,Kjeltec Auto System II,PERALATAN DAN MESIN,1.3.2.08.01.13.074
6153,Melting Point Apparatus Thermolyn,PERALATAN DAN MESIN,1.3.2.08.01.13.075
6154,Portable Oil Counter Meter,PERALATAN DAN MESIN,1.3.2.08.01.13.076
6155,Soxtec System (TECATOR),PERALATAN DAN MESIN,1.3.2.08.01.13.077
6156,Salinity Conductivity/Temperaturemeter/STC,PERALATAN DAN MESIN,1.3.2.08.01.13.078
6157,T I T R A T O R,PERALATAN DAN MESIN,1.3.2.08.01.13.079
6158,Wild Zoom Stereo Microscope,PERALATAN DAN MESIN,1.3.2.08.01.13.080
6159,TV Monitor,PERALATAN DAN MESIN,1.3.2.08.01.13.081
6160,Hydrolic Lab Press,PERALATAN DAN MESIN,1.3.2.08.01.13.082
6161,Mini Pump Air Sample Flow Meter,PERALATAN DAN MESIN,1.3.2.08.01.13.083
6162,Air Sampler (Alat Laboratorium Kimia),PERALATAN DAN MESIN,1.3.2.08.01.13.084
6163,Multi Purpose,PERALATAN DAN MESIN,1.3.2.08.01.13.085
6164,Freenes Tester,PERALATAN DAN MESIN,1.3.2.08.01.13.086
6165,Spineret,PERALATAN DAN MESIN,1.3.2.08.01.13.087
6166,Ink Huber Tester,PERALATAN DAN MESIN,1.3.2.08.01.13.088
6167,Hydropulper,PERALATAN DAN MESIN,1.3.2.08.01.13.089
6168,Niagara Beater,PERALATAN DAN MESIN,1.3.2.08.01.13.090
6169,Oil Peneration Tester,PERALATAN DAN MESIN,1.3.2.08.01.13.091
6170,HCL Burner,PERALATAN DAN MESIN,1.3.2.08.01.13.092
6171,Packing Test,PERALATAN DAN MESIN,1.3.2.08.01.13.093
6172,Concora Unit,PERALATAN DAN MESIN,1.3.2.08.01.13.094
6173,Hygrometer Ruang Round,PERALATAN DAN MESIN,1.3.2.08.01.13.095
6174,Phase Conterase,PERALATAN DAN MESIN,1.3.2.08.01.13.096
6175,Hydrolic Pump,PERALATAN DAN MESIN,1.3.2.08.01.13.097
6176,Electrophoresis (Alat Laboratorium Kimia),PERALATAN DAN MESIN,1.3.2.08.01.13.098
6177,Densitometer For Protein,PERALATAN DAN MESIN,1.3.2.08.01.13.099
6178,Chloridemeter,PERALATAN DAN MESIN,1.3.2.08.01.13.100
6179,Blood Cell Counter,PERALATAN DAN MESIN,1.3.2.08.01.13.101
6180,Blood Gas Analyzer (Alat Laboratorium Kimia),PERALATAN DAN MESIN,1.3.2.08.01.13.102
6181,Coagulation Timer (Alat Laboratorium Kimia),PERALATAN DAN MESIN,1.3.2.08.01.13.103
6182,Micro Hematocrite Centrifuge,PERALATAN DAN MESIN,1.3.2.08.01.13.104
6183,Hemaglobine Photometer,PERALATAN DAN MESIN,1.3.2.08.01.13.105
6184,Iso Enzym Electrophoresis,PERALATAN DAN MESIN,1.3.2.08.01.13.106
6185,Imono Electrophoresis,PERALATAN DAN MESIN,1.3.2.08.01.13.107
6186,Imono Chemistry,PERALATAN DAN MESIN,1.3.2.08.01.13.108
6187,Ph Blood Gas Analyzer,PERALATAN DAN MESIN,1.3.2.08.01.13.109
6188,Water Destillator,PERALATAN DAN MESIN,1.3.2.08.01.13.110
6189,Precicion Balance,PERALATAN DAN MESIN,1.3.2.08.01.13.111
6190,Washing Instrument (Alat Laboratorium Kimia),PERALATAN DAN MESIN,1.3.2.08.01.13.112
6191,Blood Chemistry Analysis,PERALATAN DAN MESIN,1.3.2.08.01.13.113
6192,Trombelastograph,PERALATAN DAN MESIN,1.3.2.08.01.13.114
6193,Monitor For Diro Matograph,PERALATAN DAN MESIN,1.3.2.08.01.13.115
6194,Tangki Liquid Nitrogen,PERALATAN DAN MESIN,1.3.2.08.01.13.116
6195,Pengukur Dissolution,PERALATAN DAN MESIN,1.3.2.08.01.13.117
6196,Detection (Alat Uni Katalis dan Bio katalis),PERALATAN DAN MESIN,1.3.2.08.01.13.118
6197,Pengukur Penguapan,PERALATAN DAN MESIN,1.3.2.08.01.13.119
6198,Automatic Thin-Layer Chromatography (TLC) Sampler,PERALATAN DAN MESIN,1.3.2.08.01.13.120
6199,Atomic Absorption Spectofotometer,PERALATAN DAN MESIN,1.3.2.08.01.13.121
6200,alat laboratorium kimia  lainnya (dst),PERALATAN DAN MESIN,1.3.2.08.01.13.122
6201,ALAT LABORATORIUM PATOLOGI,PERALATAN DAN MESIN,1.3.2.08.01.14.000
6202,Electrophoresis System,PERALATAN DAN MESIN,1.3.2.08.01.14.001
6203,Gas Liquid Chromatography Apparatus,PERALATAN DAN MESIN,1.3.2.08.01.14.002
6204,Thin Layer Chromatography Apparatus,PERALATAN DAN MESIN,1.3.2.08.01.14.003
6205,Freezer (Alat Laboratorium Patologi),PERALATAN DAN MESIN,1.3.2.08.01.14.004
6206,Blood Bank Refrigerator (Alat Laboratorium Patologi),PERALATAN DAN MESIN,1.3.2.08.01.14.005
6207,Refrigerator Centrifuge,PERALATAN DAN MESIN,1.3.2.08.01.14.006
6208,Refrigerator Bath,PERALATAN DAN MESIN,1.3.2.08.01.14.007
6209,Centrifuge Hematocrit,PERALATAN DAN MESIN,1.3.2.08.01.14.008
6210,Calcium Analyzer,PERALATAN DAN MESIN,1.3.2.08.01.14.009
6211,Glucosa Analyzer,PERALATAN DAN MESIN,1.3.2.08.01.14.010
6212,Hematology Analyzer,PERALATAN DAN MESIN,1.3.2.08.01.14.011
6213,Clorida Meter,PERALATAN DAN MESIN,1.3.2.08.01.14.012
6214,Blood Bank Incubator,PERALATAN DAN MESIN,1.3.2.08.01.14.013
6215,Microscope Monoculair,PERALATAN DAN MESIN,1.3.2.08.01.14.014
6216,Microscope Binoculair,PERALATAN DAN MESIN,1.3.2.08.01.14.015
6217,Automatic Tissue Processor (Alat Laboratorium Patologi),PERALATAN DAN MESIN,1.3.2.08.01.14.016
6218,Automatic Microtome Knife Sharpener,PERALATAN DAN MESIN,1.3.2.08.01.14.017
6219,Automatic Slide Staining Machine,PERALATAN DAN MESIN,1.3.2.08.01.14.018
6220,Automatic Tissue Embedding Appatarus,PERALATAN DAN MESIN,1.3.2.08.01.14.019
6221,Cryout Microtoma,PERALATAN DAN MESIN,1.3.2.08.01.14.020
6222,Microslide Warmer,PERALATAN DAN MESIN,1.3.2.08.01.14.021
6223,Slide Warmer,PERALATAN DAN MESIN,1.3.2.08.01.14.022
6224,Flotation Bath,PERALATAN DAN MESIN,1.3.2.08.01.14.023
6225,Rotator,PERALATAN DAN MESIN,1.3.2.08.01.14.024
6226,Shaker (Alat Laboratorium Patologi),PERALATAN DAN MESIN,1.3.2.08.01.14.025
6227,Plasma Extrator,PERALATAN DAN MESIN,1.3.2.08.01.14.026
6228,Prothrombin Timer,PERALATAN DAN MESIN,1.3.2.08.01.14.027
6229,Coagulation Meter,PERALATAN DAN MESIN,1.3.2.08.01.14.028
6230,Platelet Mixer,PERALATAN DAN MESIN,1.3.2.08.01.14.029
6231,Blood Pipet Shaker,PERALATAN DAN MESIN,1.3.2.08.01.14.030
6232,Billirubinometer,PERALATAN DAN MESIN,1.3.2.08.01.14.031
6233,Automatic Dispencer,PERALATAN DAN MESIN,1.3.2.08.01.14.032
6234,Automatic Dilluter Complete,PERALATAN DAN MESIN,1.3.2.08.01.14.033
6235,Automatic Pipet Set,PERALATAN DAN MESIN,1.3.2.08.01.14.034
6236,Magnetic Stirer (Alat Laboratorium Patologi),PERALATAN DAN MESIN,1.3.2.08.01.14.035
6237,Hemathologi,PERALATAN DAN MESIN,1.3.2.08.01.14.036
6238,Hematology Staining Set,PERALATAN DAN MESIN,1.3.2.08.01.14.037
6239,Rh Typing Box,PERALATAN DAN MESIN,1.3.2.08.01.14.038
6240,B.U.N. Analyzer,PERALATAN DAN MESIN,1.3.2.08.01.14.039
6241,Enzim Analyzer,PERALATAN DAN MESIN,1.3.2.08.01.14.040
6242,Microgasometer,PERALATAN DAN MESIN,1.3.2.08.01.14.041
6243,Heating Bloet/Test Tube Heaters,PERALATAN DAN MESIN,1.3.2.08.01.14.042
6244,alat laboratorium patologi  lainnya (dst),PERALATAN DAN MESIN,1.3.2.08.01.14.043
6245,ALAT LABORATORIUM IMMUNOLOGI,PERALATAN DAN MESIN,1.3.2.08.01.15.000
6246,Autosil (Double Distiled And Demineralized,PERALATAN DAN MESIN,1.3.2.08.01.15.001
6247,Centrifuge Electric,PERALATAN DAN MESIN,1.3.2.08.01.15.002
6248,Cryostat Microtome,PERALATAN DAN MESIN,1.3.2.08.01.15.003
6249,"Dry Heat Oven Electrophoresis Kit, Consist Of",PERALATAN DAN MESIN,1.3.2.08.01.15.004
6250,Electrophoresis Chamber,PERALATAN DAN MESIN,1.3.2.08.01.15.005
6251,Power Supply (Alat Laboratorium Immunologi),PERALATAN DAN MESIN,1.3.2.08.01.15.006
6252,Sample Aplicator,PERALATAN DAN MESIN,1.3.2.08.01.15.007
6253,Electrophoresis Market,PERALATAN DAN MESIN,1.3.2.08.01.15.008
6254,Staining Trays,PERALATAN DAN MESIN,1.3.2.08.01.15.009
6255,Absorbant Pads And Trips,PERALATAN DAN MESIN,1.3.2.08.01.15.010
6256,Non Serrated Forceps,PERALATAN DAN MESIN,1.3.2.08.01.15.011
6257,Capillary Tubes,PERALATAN DAN MESIN,1.3.2.08.01.15.012
6258,Freezer - 30 Derajat Celcius,PERALATAN DAN MESIN,1.3.2.08.01.15.013
6259,Immunodiffusion System,PERALATAN DAN MESIN,1.3.2.08.01.15.014
6260,Immunodiffusion Puch Set,PERALATAN DAN MESIN,1.3.2.08.01.15.015
6261,Consist Of,PERALATAN DAN MESIN,1.3.2.08.01.15.016
6262,Punch,PERALATAN DAN MESIN,1.3.2.08.01.15.017
6263,Holder,PERALATAN DAN MESIN,1.3.2.08.01.15.018
6264,"Dye Set And 2,5 mm Wrech",PERALATAN DAN MESIN,1.3.2.08.01.15.019
6265,Immuno Frames,PERALATAN DAN MESIN,1.3.2.08.01.15.020
6266,Immuno Frame Holder,PERALATAN DAN MESIN,1.3.2.08.01.15.021
6267,Immuno Leveling Table Set,PERALATAN DAN MESIN,1.3.2.08.01.15.022
6268,Stainless Steel Tongs,PERALATAN DAN MESIN,1.3.2.08.01.15.023
6269,"Suction Needless (2,6 mm dia)",PERALATAN DAN MESIN,1.3.2.08.01.15.024
6270,Staining And Rising Tanks,PERALATAN DAN MESIN,1.3.2.08.01.15.025
6271,Magnetic Stirles & Bars,PERALATAN DAN MESIN,1.3.2.08.01.15.026
6272,Measuring Magnifier,PERALATAN DAN MESIN,1.3.2.08.01.15.027
6273,Micromixer,PERALATAN DAN MESIN,1.3.2.08.01.15.028
6274,Measuring Magnifier Microtiterkit,PERALATAN DAN MESIN,1.3.2.08.01.15.029
6275,Titration Plates U Wells,PERALATAN DAN MESIN,1.3.2.08.01.15.030
6276,Titration Plates V Wells,PERALATAN DAN MESIN,1.3.2.08.01.15.031
6277,"Sealing Tape 72 yl, 50 ul",PERALATAN DAN MESIN,1.3.2.08.01.15.032
6278,Tape Dispencer,PERALATAN DAN MESIN,1.3.2.08.01.15.033
6279,Support Plates,PERALATAN DAN MESIN,1.3.2.08.01.15.034
6280,Filter Cartigges,PERALATAN DAN MESIN,1.3.2.08.01.15.035
6281,Suction Bulb,PERALATAN DAN MESIN,1.3.2.08.01.15.036
6282,"Microdituter 25 ul, 50 ul",PERALATAN DAN MESIN,1.3.2.08.01.15.037
6283,Deliveri Tester25 ul,PERALATAN DAN MESIN,1.3.2.08.01.15.038
6284,"Stand, Diluter/Pipet",PERALATAN DAN MESIN,1.3.2.08.01.15.039
6285,"Rack, Diluter/Pipet",PERALATAN DAN MESIN,1.3.2.08.01.15.040
6286,Carrying Case,PERALATAN DAN MESIN,1.3.2.08.01.15.041
6287,Test Reading Mirror,PERALATAN DAN MESIN,1.3.2.08.01.15.042
6288,Centrifuge Carries,PERALATAN DAN MESIN,1.3.2.08.01.15.043
6289,Carrying/Storage Case,PERALATAN DAN MESIN,1.3.2.08.01.15.044
6290,Shaking Waterbath,PERALATAN DAN MESIN,1.3.2.08.01.15.045
6291,Staining Jar,PERALATAN DAN MESIN,1.3.2.08.01.15.046
6292,Waterbath With Thermostat,PERALATAN DAN MESIN,1.3.2.08.01.15.047
6293,Viewer (Alat Laboratorium Immunologi),PERALATAN DAN MESIN,1.3.2.08.01.15.048
6294,Voltmeter,PERALATAN DAN MESIN,1.3.2.08.01.15.049
6295,Reagent Aplication Device (Micro And Linier Stripper),PERALATAN DAN MESIN,1.3.2.08.01.15.050
6296,Stripping Cutting Device,PERALATAN DAN MESIN,1.3.2.08.01.15.051
6297,Laminating Module With 4 Reels,PERALATAN DAN MESIN,1.3.2.08.01.15.052
6298,Staining Set,PERALATAN DAN MESIN,1.3.2.08.01.15.053
6299,alat laboratorium immunologi  lainnya (dst),PERALATAN DAN MESIN,1.3.2.08.01.15.054
6300,ALAT LABORATORIUM HEMATOLOGI,PERALATAN DAN MESIN,1.3.2.08.01.16.000
6301,Albuminometer,PERALATAN DAN MESIN,1.3.2.08.01.16.001
6302,Bunsen Burner & Kelengkapannya,PERALATAN DAN MESIN,1.3.2.08.01.16.002
6303,Differential Cell Counter,PERALATAN DAN MESIN,1.3.2.08.01.16.003
6304,Haemocytometer,PERALATAN DAN MESIN,1.3.2.08.01.16.004
6305,Mikroskop Monokuler,PERALATAN DAN MESIN,1.3.2.08.01.16.005
6306,Mikroskop Binokuler,PERALATAN DAN MESIN,1.3.2.08.01.16.006
6307,Dispencer Adjustable,PERALATAN DAN MESIN,1.3.2.08.01.16.007
6308,Sentrifus Elektrik,PERALATAN DAN MESIN,1.3.2.08.01.16.008
6309,Sentrifus Hematokrit,PERALATAN DAN MESIN,1.3.2.08.01.16.009
6310,Timer (Alat Laboratorium Hematologi),PERALATAN DAN MESIN,1.3.2.08.01.16.010
6311,Urinometer (Alat Laboratorium Hematologi),PERALATAN DAN MESIN,1.3.2.08.01.16.011
6312,Water Distilation Apparatus (Alat Laboratorium Hematologi),PERALATAN DAN MESIN,1.3.2.08.01.16.012
6313,"Washer And Dryer,Pipet",PERALATAN DAN MESIN,1.3.2.08.01.16.013
6314,Westergren Apparatus,PERALATAN DAN MESIN,1.3.2.08.01.16.014
6315,Tips Pipet Sesuai Ukuran,PERALATAN DAN MESIN,1.3.2.08.01.16.015
6316,alat laboratorium hematologi  lainnya (dst),PERALATAN DAN MESIN,1.3.2.08.01.16.016
6317,ALAT LABORATORIUM FILM,PERALATAN DAN MESIN,1.3.2.08.01.17.000
6318,Mesin Cuci B.W Negatif,PERALATAN DAN MESIN,1.3.2.08.01.17.001
6319,Mesin Cuci B.W Positif,PERALATAN DAN MESIN,1.3.2.08.01.17.002
6320,Mesin Cuci Color ECA,PERALATAN DAN MESIN,1.3.2.08.01.17.003
6321,Mesin Cuci Color ECP,PERALATAN DAN MESIN,1.3.2.08.01.17.004
6322,Mesin Cuci Color CRI,PERALATAN DAN MESIN,1.3.2.08.01.17.005
6323,Mesin Cetak Color,PERALATAN DAN MESIN,1.3.2.08.01.17.006
6324,Mesin Vidio Color Analyzer,PERALATAN DAN MESIN,1.3.2.08.01.17.007
6325,Mesin Spesial Optical Effek Printer,PERALATAN DAN MESIN,1.3.2.08.01.17.008
6326,Chemical Analisa,PERALATAN DAN MESIN,1.3.2.08.01.17.009
6327,Fotografic Analisa,PERALATAN DAN MESIN,1.3.2.08.01.17.010
6328,Chemical Mixing,PERALATAN DAN MESIN,1.3.2.08.01.17.011
6329,Ultrasonic Cleaner (Alat Laboratorium Film),PERALATAN DAN MESIN,1.3.2.08.01.17.012
6330,Destilasi,PERALATAN DAN MESIN,1.3.2.08.01.17.013
6331,Analistic Balance,PERALATAN DAN MESIN,1.3.2.08.01.17.014
6332,Lemari Asam,PERALATAN DAN MESIN,1.3.2.08.01.17.015
6333,B.D. Meter,PERALATAN DAN MESIN,1.3.2.08.01.17.016
6334,Tensitometer,PERALATAN DAN MESIN,1.3.2.08.01.17.017
6335,Alat Pemanas,PERALATAN DAN MESIN,1.3.2.08.01.17.018
6336,Motor Mixer,PERALATAN DAN MESIN,1.3.2.08.01.17.019
6337,Tangki Meter,PERALATAN DAN MESIN,1.3.2.08.01.17.020
6338,Silver Recovery,PERALATAN DAN MESIN,1.3.2.08.01.17.021
6339,Mesin Scanning,PERALATAN DAN MESIN,1.3.2.08.01.17.022
6340,Video Printer,PERALATAN DAN MESIN,1.3.2.08.01.17.023
6341,PC-Based UV Gel Documentation System,PERALATAN DAN MESIN,1.3.2.08.01.17.024
6342,Phospor Image,PERALATAN DAN MESIN,1.3.2.08.01.17.025
6343,Tranmision Electorn Microscope,PERALATAN DAN MESIN,1.3.2.08.01.17.026
6344,alat laboratorium film  lainnya (dst),PERALATAN DAN MESIN,1.3.2.08.01.17.027
6345,ALAT LABORATORIUM MAKANAN,PERALATAN DAN MESIN,1.3.2.08.01.18.000
6346,Gilingan Mile,PERALATAN DAN MESIN,1.3.2.08.01.18.001
6347,Wajan Teflon,PERALATAN DAN MESIN,1.3.2.08.01.18.002
6348,Kompor LPG,PERALATAN DAN MESIN,1.3.2.08.01.18.003
6349,Alat Pembuat Mie,PERALATAN DAN MESIN,1.3.2.08.01.18.004
6350,Timbangan Kue,PERALATAN DAN MESIN,1.3.2.08.01.18.005
6351,Slicer,PERALATAN DAN MESIN,1.3.2.08.01.18.006
6352,Colony Counter (Alat Laboratorium Makanan),PERALATAN DAN MESIN,1.3.2.08.01.18.007
6353,Rotary Evaporator (Alat Laboratorium Makanan),PERALATAN DAN MESIN,1.3.2.08.01.18.008
6354,Protein Analyzer,PERALATAN DAN MESIN,1.3.2.08.01.18.009
6355,Kompor Gas (Alat Laboratorium Makanan),PERALATAN DAN MESIN,1.3.2.08.01.18.010
6356,Cooler (Alat Laboratorium Makanan),PERALATAN DAN MESIN,1.3.2.08.01.18.011
6357,Penghalus Es,PERALATAN DAN MESIN,1.3.2.08.01.18.012
6358,Thermos Es,PERALATAN DAN MESIN,1.3.2.08.01.18.013
6359,Cooking Range,PERALATAN DAN MESIN,1.3.2.08.01.18.014
6360,Frying Pan,PERALATAN DAN MESIN,1.3.2.08.01.18.015
6361,Boiling Pan,PERALATAN DAN MESIN,1.3.2.08.01.18.016
6362,Cold Storage (Alat Laboratorium Makanan),PERALATAN DAN MESIN,1.3.2.08.01.18.017
6363,Ice Maker (Alat Laboratorium Makanan),PERALATAN DAN MESIN,1.3.2.08.01.18.018
6364,Rice Cooker (Alat Laboratorium Makanan),PERALATAN DAN MESIN,1.3.2.08.01.18.019
6365,Rice Washer,PERALATAN DAN MESIN,1.3.2.08.01.18.020
6366,Food Processor,PERALATAN DAN MESIN,1.3.2.08.01.18.021
6367,Food Trolley,PERALATAN DAN MESIN,1.3.2.08.01.18.022
6368,Scale (Alat Laboratorium Makanan),PERALATAN DAN MESIN,1.3.2.08.01.18.023
6369,Work Bench (Alat Laboratorium Makanan),PERALATAN DAN MESIN,1.3.2.08.01.18.024
6370,Kompor Minyak Tanah,PERALATAN DAN MESIN,1.3.2.08.01.18.025
6371,Meja Kerja Stainless,PERALATAN DAN MESIN,1.3.2.08.01.18.026
6372,Alat Pelecet Kedelai,PERALATAN DAN MESIN,1.3.2.08.01.18.027
6373,Alat Pembuat Keripik,PERALATAN DAN MESIN,1.3.2.08.01.18.028
6374,Alat Pembuat Coklat,PERALATAN DAN MESIN,1.3.2.08.01.18.029
6375,Alat Penjernih Air,PERALATAN DAN MESIN,1.3.2.08.01.18.030
6376,Loyang Susun,PERALATAN DAN MESIN,1.3.2.08.01.18.031
6377,Alat Perajang Kerupuk,PERALATAN DAN MESIN,1.3.2.08.01.18.032
6378,Alat Penggiling Tahu,PERALATAN DAN MESIN,1.3.2.08.01.18.033
6379,Chopper,PERALATAN DAN MESIN,1.3.2.08.01.18.034
6380,Alat Penutup Botol,PERALATAN DAN MESIN,1.3.2.08.01.18.035
6381,Alat Penyangray Kopi,PERALATAN DAN MESIN,1.3.2.08.01.18.036
6382,Alat Kukus,PERALATAN DAN MESIN,1.3.2.08.01.18.037
6383,Alat Pembuka Sabut Kelapa,PERALATAN DAN MESIN,1.3.2.08.01.18.038
6384,Alat Perajang Pisang,PERALATAN DAN MESIN,1.3.2.08.01.18.039
6385,Alat Pencuci Botol,PERALATAN DAN MESIN,1.3.2.08.01.18.040
6386,Tangki Penyimpan,PERALATAN DAN MESIN,1.3.2.08.01.18.041
6387,Tempering,PERALATAN DAN MESIN,1.3.2.08.01.18.042
6388,alat laboratorium makanan  lainnya (dst),PERALATAN DAN MESIN,1.3.2.08.01.18.043
6389,ALAT LABORATORIUM FARMASI,PERALATAN DAN MESIN,1.3.2.08.01.19.000
6390,Analytical Balance (Alat Laboratorium Farmasi),PERALATAN DAN MESIN,1.3.2.08.01.19.001
6391,Micro Analytical Balance,PERALATAN DAN MESIN,1.3.2.08.01.19.002
6392,Top Loading Balance (Alat Laboratorium Farmasi),PERALATAN DAN MESIN,1.3.2.08.01.19.003
6393,Water Distilling Apparatus,PERALATAN DAN MESIN,1.3.2.08.01.19.004
6394,Tablet Press Machine,PERALATAN DAN MESIN,1.3.2.08.01.19.005
6395,Strip Packing Machine,PERALATAN DAN MESIN,1.3.2.08.01.19.006
6396,Viscometer (Alat Laboratorium Farmasi),PERALATAN DAN MESIN,1.3.2.08.01.19.007
6397,U V Sterilizer,PERALATAN DAN MESIN,1.3.2.08.01.19.008
6398,Pengukur Kekerasan Tablet,PERALATAN DAN MESIN,1.3.2.08.01.19.009
6399,Mesin Campur Bubuk,PERALATAN DAN MESIN,1.3.2.08.01.19.010
6400,Mesin Campur Emulsi,PERALATAN DAN MESIN,1.3.2.08.01.19.011
6401,Mesin Pengahalus Salep,PERALATAN DAN MESIN,1.3.2.08.01.19.012
6402,Mesin Pengisi Salep,PERALATAN DAN MESIN,1.3.2.08.01.19.013
6403,Mesin Pengisi Cairan,PERALATAN DAN MESIN,1.3.2.08.01.19.014
6404,Disintegrator,PERALATAN DAN MESIN,1.3.2.08.01.19.015
6405,Friability Tester,PERALATAN DAN MESIN,1.3.2.08.01.19.016
6406,Mesin Penutup Botol,PERALATAN DAN MESIN,1.3.2.08.01.19.017
6407,Mesin Penuyalut/Coating,PERALATAN DAN MESIN,1.3.2.08.01.19.018
6408,Deduster tablet,PERALATAN DAN MESIN,1.3.2.08.01.19.019
6409,Mesin Pencuci Wadah/Botol,PERALATAN DAN MESIN,1.3.2.08.01.19.020
6410,Mesin Pencampur Salep,PERALATAN DAN MESIN,1.3.2.08.01.19.021
6411,Lemari Pengering Botol,PERALATAN DAN MESIN,1.3.2.08.01.19.022
6412,Mesin Penghitung Tablet,PERALATAN DAN MESIN,1.3.2.08.01.19.023
6413,Mesin Film Coating,PERALATAN DAN MESIN,1.3.2.08.01.19.024
6414,Mesin Pembersih Kapsul,PERALATAN DAN MESIN,1.3.2.08.01.19.025
6415,Mesin Pengisi Bubuk,PERALATAN DAN MESIN,1.3.2.08.01.19.026
6416,Mesin Pengisi dan Penutup Ampul,PERALATAN DAN MESIN,1.3.2.08.01.19.027
6417,Mesin Penutup Vial,PERALATAN DAN MESIN,1.3.2.08.01.19.028
6418,Mesin Pencampur Cairan,PERALATAN DAN MESIN,1.3.2.08.01.19.029
6419,Mesin Pencampur Suspens,PERALATAN DAN MESIN,1.3.2.08.01.19.030
6420,Mortars & Pastle,PERALATAN DAN MESIN,1.3.2.08.01.19.031
6421,Counter Balance,PERALATAN DAN MESIN,1.3.2.08.01.19.032
6422,Dial Balance,PERALATAN DAN MESIN,1.3.2.08.01.19.033
6423,Anastistic Balance,PERALATAN DAN MESIN,1.3.2.08.01.19.034
6424,Seives All Sizes,PERALATAN DAN MESIN,1.3.2.08.01.19.035
6425,Medicine Can,PERALATAN DAN MESIN,1.3.2.08.01.19.036
6426,Medicine Spoon Steinless,PERALATAN DAN MESIN,1.3.2.08.01.19.037
6427,Medicine Spoon Horfr,PERALATAN DAN MESIN,1.3.2.08.01.19.038
6428,Spoon Set,PERALATAN DAN MESIN,1.3.2.08.01.19.039
6429,Wrapping Machine,PERALATAN DAN MESIN,1.3.2.08.01.19.040
6430,Medice Bottle,PERALATAN DAN MESIN,1.3.2.08.01.19.041
6431,Liquid Medicine Bottle,PERALATAN DAN MESIN,1.3.2.08.01.19.042
6432,"Steril Bottle Witt, Cup",PERALATAN DAN MESIN,1.3.2.08.01.19.043
6433,Droping Bottle,PERALATAN DAN MESIN,1.3.2.08.01.19.044
6434,Graduated Cylinder,PERALATAN DAN MESIN,1.3.2.08.01.19.045
6435,Presceription Botle,PERALATAN DAN MESIN,1.3.2.08.01.19.046
6436,Medicine Cup,PERALATAN DAN MESIN,1.3.2.08.01.19.047
6437,Spatula,PERALATAN DAN MESIN,1.3.2.08.01.19.048
6438,Ointment Plate,PERALATAN DAN MESIN,1.3.2.08.01.19.049
6439,Paste Pot,PERALATAN DAN MESIN,1.3.2.08.01.19.050
6440,Ointment Can,PERALATAN DAN MESIN,1.3.2.08.01.19.051
6441,Ointment Pan,PERALATAN DAN MESIN,1.3.2.08.01.19.052
6442,Ointment Jar,PERALATAN DAN MESIN,1.3.2.08.01.19.053
6443,Bottle Washer,PERALATAN DAN MESIN,1.3.2.08.01.19.054
6444,Rotary Bottle Rack,PERALATAN DAN MESIN,1.3.2.08.01.19.055
6445,Lig Medis Bottle Rak,PERALATAN DAN MESIN,1.3.2.08.01.19.056
6446,Capsule Filling Machine,PERALATAN DAN MESIN,1.3.2.08.01.19.057
6447,Presciption Counter,PERALATAN DAN MESIN,1.3.2.08.01.19.058
6448,Capsule Container,PERALATAN DAN MESIN,1.3.2.08.01.19.059
6449,Power Mixer,PERALATAN DAN MESIN,1.3.2.08.01.19.060
6450,Stirer,PERALATAN DAN MESIN,1.3.2.08.01.19.061
6451,Tablet  Machine,PERALATAN DAN MESIN,1.3.2.08.01.19.062
6452,Pump Fiter,PERALATAN DAN MESIN,1.3.2.08.01.19.063
6453,alat laboratorium farmasi  lainnya (dst),PERALATAN DAN MESIN,1.3.2.08.01.19.064
6454,ALAT LABORATORIUM FISIKA,PERALATAN DAN MESIN,1.3.2.08.01.20.000
6455,Adaptor,PERALATAN DAN MESIN,1.3.2.08.01.20.001
6456,Signal Generator (Alat Laboratorium Fisika),PERALATAN DAN MESIN,1.3.2.08.01.20.002
6457,VU Meter,PERALATAN DAN MESIN,1.3.2.08.01.20.003
6458,Kaca Plan Paralel,PERALATAN DAN MESIN,1.3.2.08.01.20.004
6459,Rangkaian Hambatan Jembatan Seri,PERALATAN DAN MESIN,1.3.2.08.01.20.005
6460,Rangkaian Hukum,PERALATAN DAN MESIN,1.3.2.08.01.20.006
6461,Hambatan Jembatan Wheatstome,PERALATAN DAN MESIN,1.3.2.08.01.20.007
6462,Garpu Tala,PERALATAN DAN MESIN,1.3.2.08.01.20.008
6463,Timer Switch,PERALATAN DAN MESIN,1.3.2.08.01.20.009
6464,Magnet U,PERALATAN DAN MESIN,1.3.2.08.01.20.010
6465,Kaca Prisma,PERALATAN DAN MESIN,1.3.2.08.01.20.011
6466,Lensa Cembung,PERALATAN DAN MESIN,1.3.2.08.01.20.012
6467,Bangku Optik,PERALATAN DAN MESIN,1.3.2.08.01.20.013
6468,Pipa Resonansi,PERALATAN DAN MESIN,1.3.2.08.01.20.014
6469,Audio Generator,PERALATAN DAN MESIN,1.3.2.08.01.20.015
6470,Battery Changer,PERALATAN DAN MESIN,1.3.2.08.01.20.016
6471,Power Supply (Alat Laboratorium Fisika),PERALATAN DAN MESIN,1.3.2.08.01.20.017
6472,alat laboratorium fisika  lainnya (dst),PERALATAN DAN MESIN,1.3.2.08.01.20.018
6473,ALAT LABORATORIUM HIDRODINAMIKA,PERALATAN DAN MESIN,1.3.2.08.01.21.000
6474,Carbatec Portable,PERALATAN DAN MESIN,1.3.2.08.01.21.001
6475,Gas Analysis Apparatus (Alat Laboratorium Hidrodinamika),PERALATAN DAN MESIN,1.3.2.08.01.21.002
6476,Law Volume Dust Sampler (Alat Laboratorium Hidrodinamika),PERALATAN DAN MESIN,1.3.2.08.01.21.003
6477,Middle Volume Air Sampler (Alat Laboratorium Hidrodinamika),PERALATAN DAN MESIN,1.3.2.08.01.21.004
6478,Multi Shihet Filter Press,PERALATAN DAN MESIN,1.3.2.08.01.21.005
6479,Thin Layer Chromatography (Alat Laboratorium Hidrodinamika),PERALATAN DAN MESIN,1.3.2.08.01.21.006
6480,Bench Scale/Biooxidation System,PERALATAN DAN MESIN,1.3.2.08.01.21.007
6481,Disolved Solid Mater Por (Alat Laboratorium Hidrodinamika),PERALATAN DAN MESIN,1.3.2.08.01.21.008
6482,Hydrothermograph (Alat Laboratorium Hidrodinamika),PERALATAN DAN MESIN,1.3.2.08.01.21.009
6483,Thermohigrograph (Alat Laboratorium Hidrodinamika),PERALATAN DAN MESIN,1.3.2.08.01.21.010
6484,Martindale Wear And Abration Tester (Alat Laboratorium Hidrodinam,PERALATAN DAN MESIN,1.3.2.08.01.21.011
6485,alat laboratorium hidrodinamika  lainnya (dst),PERALATAN DAN MESIN,1.3.2.08.01.21.012
6486,ALAT LABORATORIUM KLIMATOLOGI,PERALATAN DAN MESIN,1.3.2.08.01.22.000
6487,Carbotec Portable,PERALATAN DAN MESIN,1.3.2.08.01.22.001
6488,Gas Analysis Apparatus (Alat Laboratorium Klimatologi),PERALATAN DAN MESIN,1.3.2.08.01.22.002
6489,Law Volume Dust Sampler (Alat Laboratorium Klimatologi),PERALATAN DAN MESIN,1.3.2.08.01.22.003
6490,Middle Volume Air Sampler (Alat Laboratorium Klimatologi),PERALATAN DAN MESIN,1.3.2.08.01.22.004
6491,Multi Sheet Filter Press,PERALATAN DAN MESIN,1.3.2.08.01.22.005
6492,Thin Layer Chromatography (Alat Laboratorium Klimatologi),PERALATAN DAN MESIN,1.3.2.08.01.22.006
6493,Bench Scale/Bioxidation System,PERALATAN DAN MESIN,1.3.2.08.01.22.007
6494,Disolved Solid Mater Por (Alat Laboratorium Klimatologi),PERALATAN DAN MESIN,1.3.2.08.01.22.008
6495,Hydrothermograph (Alat Laboratorium Klimatologi),PERALATAN DAN MESIN,1.3.2.08.01.22.009
6496,Thermohigrograph (Alat Laboratorium Klimatologi),PERALATAN DAN MESIN,1.3.2.08.01.22.010
6497,Martindale Wear And Abration Tester (Alat Laboratorium Klimatolog,PERALATAN DAN MESIN,1.3.2.08.01.22.011
6498,Rain Gauge Transfer Calibrator,PERALATAN DAN MESIN,1.3.2.08.01.22.012
6499,Pressure Chamber,PERALATAN DAN MESIN,1.3.2.08.01.22.013
6500,Rain Gauge Laboratorium Calibrator,PERALATAN DAN MESIN,1.3.2.08.01.22.014
6501,Ion Chromatography,PERALATAN DAN MESIN,1.3.2.08.01.22.015
6502,Spectrophotometer,PERALATAN DAN MESIN,1.3.2.08.01.22.016
6503,Humidity Meter Standard,PERALATAN DAN MESIN,1.3.2.08.01.22.017
6504,Zero Air Supply,PERALATAN DAN MESIN,1.3.2.08.01.22.018
6505,Humidity Chamber,PERALATAN DAN MESIN,1.3.2.08.01.22.019
6506,alat laboratorium klimatologi  lainnya (dst),PERALATAN DAN MESIN,1.3.2.08.01.22.020
6507,ALAT LABORATORIUM PROSES PELEBURAN,PERALATAN DAN MESIN,1.3.2.08.01.23.000
6508,Cupola,PERALATAN DAN MESIN,1.3.2.08.01.23.001
6509,Shot Blast,PERALATAN DAN MESIN,1.3.2.08.01.23.002
6510,Shake Out,PERALATAN DAN MESIN,1.3.2.08.01.23.003
6511,Fual Pump,PERALATAN DAN MESIN,1.3.2.08.01.23.004
6512,Ladle Heating,PERALATAN DAN MESIN,1.3.2.08.01.23.005
6513,Induction Furnace (Alat Laboratorium Proses Peleburan),PERALATAN DAN MESIN,1.3.2.08.01.23.006
6514,Bale Out Furnace,PERALATAN DAN MESIN,1.3.2.08.01.23.007
6515,Tilting Furnace,PERALATAN DAN MESIN,1.3.2.08.01.23.008
6516,Grinding Machine,PERALATAN DAN MESIN,1.3.2.08.01.23.009
6517,Ghanematic Grinding Machine,PERALATAN DAN MESIN,1.3.2.08.01.23.010
6518,Work Bench (Alat Laboratorium Proses Peleburan),PERALATAN DAN MESIN,1.3.2.08.01.23.011
6519,Gantry Crane,PERALATAN DAN MESIN,1.3.2.08.01.23.012
6520,Rotary Furnace,PERALATAN DAN MESIN,1.3.2.08.01.23.013
6521,Small Grinding Machine,PERALATAN DAN MESIN,1.3.2.08.01.23.014
6522,Hand Grinding Machine,PERALATAN DAN MESIN,1.3.2.08.01.23.015
6523,Pyrometer Digital,PERALATAN DAN MESIN,1.3.2.08.01.23.016
6524,Carbon Aquipment Metic,PERALATAN DAN MESIN,1.3.2.08.01.23.017
6525,Tentip/Tectip,PERALATAN DAN MESIN,1.3.2.08.01.23.018
6526,Digital Ce Meter,PERALATAN DAN MESIN,1.3.2.08.01.23.019
6527,Steel Analysis Digital,PERALATAN DAN MESIN,1.3.2.08.01.23.020
6528,alat laboratorium proses peleburan  lainnya (dst),PERALATAN DAN MESIN,1.3.2.08.01.23.021
6529,ALAT LABORATORIUM PASIR,PERALATAN DAN MESIN,1.3.2.08.01.24.000
6530,Lab Sifter,PERALATAN DAN MESIN,1.3.2.08.01.24.001
6531,Jolt Aqueeze App,PERALATAN DAN MESIN,1.3.2.08.01.24.002
6532,Wet Tensile Strength,PERALATAN DAN MESIN,1.3.2.08.01.24.003
6533,Central Controler,PERALATAN DAN MESIN,1.3.2.08.01.24.004
6534,Compresive Stress,PERALATAN DAN MESIN,1.3.2.08.01.24.005
6535,Testing App,PERALATAN DAN MESIN,1.3.2.08.01.24.006
6536,Universal Strenght Machine,PERALATAN DAN MESIN,1.3.2.08.01.24.007
6537,Assesories Universal Strength,PERALATAN DAN MESIN,1.3.2.08.01.24.008
6538,Sintering Furnace,PERALATAN DAN MESIN,1.3.2.08.01.24.009
6539,Cheking Device,PERALATAN DAN MESIN,1.3.2.08.01.24.010
6540,Agitator,PERALATAN DAN MESIN,1.3.2.08.01.24.011
6541,Rammer,PERALATAN DAN MESIN,1.3.2.08.01.24.012
6542,Assesories Sand Rammer,PERALATAN DAN MESIN,1.3.2.08.01.24.013
6543,Permeability Tester,PERALATAN DAN MESIN,1.3.2.08.01.24.014
6544,Infra Red Rapid Dryer,PERALATAN DAN MESIN,1.3.2.08.01.24.015
6545,Stereoscopic Microopic,PERALATAN DAN MESIN,1.3.2.08.01.24.016
6546,Mould Hardness Tester,PERALATAN DAN MESIN,1.3.2.08.01.24.017
6547,Labo Firniture,PERALATAN DAN MESIN,1.3.2.08.01.24.018
6548,Mettler Balance,PERALATAN DAN MESIN,1.3.2.08.01.24.019
6549,Flow Ability Test,PERALATAN DAN MESIN,1.3.2.08.01.24.020
6550,Labo Mixer,PERALATAN DAN MESIN,1.3.2.08.01.24.021
6551,Sand Sample & Sand Container,PERALATAN DAN MESIN,1.3.2.08.01.24.022
6552,Continous Clay Washer,PERALATAN DAN MESIN,1.3.2.08.01.24.023
6553,Foundry Sand Pycnometer,PERALATAN DAN MESIN,1.3.2.08.01.24.024
6554,Turbo Mixer,PERALATAN DAN MESIN,1.3.2.08.01.24.025
6555,Ditato Meter,PERALATAN DAN MESIN,1.3.2.08.01.24.026
6556,Green Tensile Strength,PERALATAN DAN MESIN,1.3.2.08.01.24.027
6557,Core Hardness Tester,PERALATAN DAN MESIN,1.3.2.08.01.24.028
6558,alat laboratorium pasir  lainnya (dst),PERALATAN DAN MESIN,1.3.2.08.01.24.029
6559,ALAT LABORATORIUM PROSES PEMBUATAN CEKATAN,PERALATAN DAN MESIN,1.3.2.08.01.25.000
6560,Sand Preparation,PERALATAN DAN MESIN,1.3.2.08.01.25.001
6561,Moulding Machine,PERALATAN DAN MESIN,1.3.2.08.01.25.002
6562,Ribon Flow Mixer,PERALATAN DAN MESIN,1.3.2.08.01.25.003
6563,Mixer Zarnic,PERALATAN DAN MESIN,1.3.2.08.01.25.004
6564,Core Making Machine,PERALATAN DAN MESIN,1.3.2.08.01.25.005
6565,Core Work Banch,PERALATAN DAN MESIN,1.3.2.08.01.25.006
6566,Sand Drying,PERALATAN DAN MESIN,1.3.2.08.01.25.007
6567,Pneumatic,PERALATAN DAN MESIN,1.3.2.08.01.25.008
6568,alat laboratorium proses pembuatan cekatan  lainnya (dst),PERALATAN DAN MESIN,1.3.2.08.01.25.009
6569,ALAT LABORATORIUM PEMBUATAN POLA,PERALATAN DAN MESIN,1.3.2.08.01.26.000
6570,Circulair Saw,PERALATAN DAN MESIN,1.3.2.08.01.26.001
6571,Universal Milling Machine (Alat Laboratorium Proses Pembuatan Pola),PERALATAN DAN MESIN,1.3.2.08.01.26.002
6572,Combined Planning Machine,PERALATAN DAN MESIN,1.3.2.08.01.26.003
6573,Wood Lathe,PERALATAN DAN MESIN,1.3.2.08.01.26.004
6574,Portable Router,PERALATAN DAN MESIN,1.3.2.08.01.26.005
6575,Spidle Sander,PERALATAN DAN MESIN,1.3.2.08.01.26.006
6576,Small Bore Machines,PERALATAN DAN MESIN,1.3.2.08.01.26.007
6577,Abrasive Band Machines,PERALATAN DAN MESIN,1.3.2.08.01.26.008
6578,Movable Dust Colector,PERALATAN DAN MESIN,1.3.2.08.01.26.009
6579,Automatic Grinding,PERALATAN DAN MESIN,1.3.2.08.01.26.010
6580,Tools Grinding,PERALATAN DAN MESIN,1.3.2.08.01.26.011
6581,Work Bench (Alat Laboratorium Proses Pembuatan Pola),PERALATAN DAN MESIN,1.3.2.08.01.26.012
6582,Drawing Equipment,PERALATAN DAN MESIN,1.3.2.08.01.26.013
6583,Vertical Abrasive,PERALATAN DAN MESIN,1.3.2.08.01.26.014
6584,Hot Melt Hand Gun,PERALATAN DAN MESIN,1.3.2.08.01.26.015
6585,Wood Lathe Machine,PERALATAN DAN MESIN,1.3.2.08.01.26.016
6586,Hand Drill,PERALATAN DAN MESIN,1.3.2.08.01.26.017
6587,Electric Band Saw,PERALATAN DAN MESIN,1.3.2.08.01.26.018
6588,Grinder Band Saw,PERALATAN DAN MESIN,1.3.2.08.01.26.019
6589,alat laboratorium pembuatan pola  lainnya (dst),PERALATAN DAN MESIN,1.3.2.08.01.26.020
6590,ALAT LABORATORIUM METALOGRAPHY,PERALATAN DAN MESIN,1.3.2.08.01.27.000
6591,Orsat Analisa Gas,PERALATAN DAN MESIN,1.3.2.08.01.27.001
6592,Water Still,PERALATAN DAN MESIN,1.3.2.08.01.27.002
6593,C.S Strochlein,PERALATAN DAN MESIN,1.3.2.08.01.27.003
6594,Heating Furnace,PERALATAN DAN MESIN,1.3.2.08.01.27.004
6595,Polisishing Machine,PERALATAN DAN MESIN,1.3.2.08.01.27.005
6596,Electro Lyseur,PERALATAN DAN MESIN,1.3.2.08.01.27.006
6597,Electro Analysis App,PERALATAN DAN MESIN,1.3.2.08.01.27.007
6598,Carbon Determinator,PERALATAN DAN MESIN,1.3.2.08.01.27.008
6599,Sulphur Determinaor,PERALATAN DAN MESIN,1.3.2.08.01.27.009
6600,Metallspectroskop,PERALATAN DAN MESIN,1.3.2.08.01.27.010
6601,Probensammlung,PERALATAN DAN MESIN,1.3.2.08.01.27.011
6602,Defectometer,PERALATAN DAN MESIN,1.3.2.08.01.27.012
6603,Polasation Aurustung Fur Mikroskop,PERALATAN DAN MESIN,1.3.2.08.01.27.013
6604,Isomet Wiedertourensage Mit Zubehor Buehler,PERALATAN DAN MESIN,1.3.2.08.01.27.014
6605,Micrometer Messokuler,PERALATAN DAN MESIN,1.3.2.08.01.27.015
6606,Portable Ultrasonic Non Destruktive Digital (Pundit),PERALATAN DAN MESIN,1.3.2.08.01.27.016
6607,Flashlight Stroboscope,PERALATAN DAN MESIN,1.3.2.08.01.27.017
6608,Mess Telescope Spectrophotometer,PERALATAN DAN MESIN,1.3.2.08.01.27.018
6609,Carbon Sulfur,PERALATAN DAN MESIN,1.3.2.08.01.27.019
6610,Drumeter,PERALATAN DAN MESIN,1.3.2.08.01.27.020
6611,Hot Win,PERALATAN DAN MESIN,1.3.2.08.01.27.021
6612,Portable Coorrosometer Instrument,PERALATAN DAN MESIN,1.3.2.08.01.27.022
6613,High Temperatur Furnace Contor,PERALATAN DAN MESIN,1.3.2.08.01.27.023
6614,Scanning Microskop,PERALATAN DAN MESIN,1.3.2.08.01.27.024
6615,Stereo Microskop,PERALATAN DAN MESIN,1.3.2.08.01.27.025
6616,alat laboratorium metalography  lainnya (dst),PERALATAN DAN MESIN,1.3.2.08.01.27.026
6617,ALAT LABORATORIUM PROSES PENGELASAN,PERALATAN DAN MESIN,1.3.2.08.01.28.000
6618,Welding Rectifier (Alat Laboratorium Proses Pengelasan),PERALATAN DAN MESIN,1.3.2.08.01.28.001
6619,Welding Tranformat,PERALATAN DAN MESIN,1.3.2.08.01.28.002
6620,TIG Welding Machine,PERALATAN DAN MESIN,1.3.2.08.01.28.003
6621,NIG/MAG Welding Machine,PERALATAN DAN MESIN,1.3.2.08.01.28.004
6622,Cercomatic Automatic,PERALATAN DAN MESIN,1.3.2.08.01.28.005
6623,Vertomatic Automatic,PERALATAN DAN MESIN,1.3.2.08.01.28.006
6624,Spot Welding Machine,PERALATAN DAN MESIN,1.3.2.08.01.28.007
6625,Stud Welding Machine,PERALATAN DAN MESIN,1.3.2.08.01.28.008
6626,Oxy Acetileng Copier Cutting,PERALATAN DAN MESIN,1.3.2.08.01.28.009
6627,Plasma Cutting,PERALATAN DAN MESIN,1.3.2.08.01.28.010
6628,Manual Pipe Cutter Oxy Acetilence,PERALATAN DAN MESIN,1.3.2.08.01.28.011
6629,Plate Bending Machine,PERALATAN DAN MESIN,1.3.2.08.01.28.012
6630,Hydroulic Prosses Brake Machine,PERALATAN DAN MESIN,1.3.2.08.01.28.013
6631,Portal Press,PERALATAN DAN MESIN,1.3.2.08.01.28.014
6632,Nimbling Machine/Mesin Nimbling,PERALATAN DAN MESIN,1.3.2.08.01.28.015
6633,Hand Putch Machine,PERALATAN DAN MESIN,1.3.2.08.01.28.016
6634,Hand Plate Ahear,PERALATAN DAN MESIN,1.3.2.08.01.28.017
6635,Hand Whear Cutting,PERALATAN DAN MESIN,1.3.2.08.01.28.018
6636,Hand Roll Machine,PERALATAN DAN MESIN,1.3.2.08.01.28.019
6637,alat laboratorium proses pengelasan  lainnya (dst),PERALATAN DAN MESIN,1.3.2.08.01.28.020
6638,ALAT LABORATORIUM UJI PROSES PENGELASAN,PERALATAN DAN MESIN,1.3.2.08.01.29.000
6639,Universal Testing Machine (Alat Laboratorium Uji Proses Pengelasan),PERALATAN DAN MESIN,1.3.2.08.01.29.001
6640,Impact Test,PERALATAN DAN MESIN,1.3.2.08.01.29.002
6641,Magnetic Particle (Alat Laboratorium Uji Proses Pengelasan),PERALATAN DAN MESIN,1.3.2.08.01.29.003
6642,Flourecence Test,PERALATAN DAN MESIN,1.3.2.08.01.29.004
6643,alat laboratorium uji proses pengelasan  lainnya (dst),PERALATAN DAN MESIN,1.3.2.08.01.29.005
6644,ALAT LABORATORIUM PROSES PEMBUATAN LOGAM,PERALATAN DAN MESIN,1.3.2.08.01.30.000
6645,Converntion Lathe,PERALATAN DAN MESIN,1.3.2.08.01.30.001
6646,Cnc - Lathe,PERALATAN DAN MESIN,1.3.2.08.01.30.002
6647,Gear Hobbing Machine,PERALATAN DAN MESIN,1.3.2.08.01.30.003
6648,Boring & Milling Machine,PERALATAN DAN MESIN,1.3.2.08.01.30.004
6649,Press Machine,PERALATAN DAN MESIN,1.3.2.08.01.30.005
6650,Hydroulic Hand Press,PERALATAN DAN MESIN,1.3.2.08.01.30.006
6651,Precission Filling Machine,PERALATAN DAN MESIN,1.3.2.08.01.30.007
6652,Surface Grinding Machine,PERALATAN DAN MESIN,1.3.2.08.01.30.008
6653,Cylindrical Grinding Machine,PERALATAN DAN MESIN,1.3.2.08.01.30.009
6654,Puch Electrode Shaping Machine,PERALATAN DAN MESIN,1.3.2.08.01.30.010
6655,The Spark Erosion Machine Toll (EDM),PERALATAN DAN MESIN,1.3.2.08.01.30.011
6656,Optical Profile Grinding Machine,PERALATAN DAN MESIN,1.3.2.08.01.30.012
6657,Milling Machine (Alat Laboratorium Proses Pembuatan Logam),PERALATAN DAN MESIN,1.3.2.08.01.30.013
6658,Jig Boring Machine,PERALATAN DAN MESIN,1.3.2.08.01.30.014
6659,Hydraulic Handling Equipment,PERALATAN DAN MESIN,1.3.2.08.01.30.015
6660,Tool Grinder Machine,PERALATAN DAN MESIN,1.3.2.08.01.30.016
6661,Band Saw Machine,PERALATAN DAN MESIN,1.3.2.08.01.30.017
6662,Hack Sawing Machine,PERALATAN DAN MESIN,1.3.2.08.01.30.018
6663,Abrasive Cut Off Wheele,PERALATAN DAN MESIN,1.3.2.08.01.30.019
6664,alat laboratorium proses pembuatan logam  lainnya (dst),PERALATAN DAN MESIN,1.3.2.08.01.30.020
6665,ALAT LABORATORIUM METROLOGIE,PERALATAN DAN MESIN,1.3.2.08.01.31.000
6666,Linear Measuring Tools,PERALATAN DAN MESIN,1.3.2.08.01.31.001
6667,Measuring Standard And Calibers,PERALATAN DAN MESIN,1.3.2.08.01.31.002
6668,Miscellaneous,PERALATAN DAN MESIN,1.3.2.08.01.31.003
6669,Angle Measuring Tools (Jangka Sorong),PERALATAN DAN MESIN,1.3.2.08.01.31.004
6670,Surface Roughnes Instrument,PERALATAN DAN MESIN,1.3.2.08.01.31.005
6671,Rougness Tester,PERALATAN DAN MESIN,1.3.2.08.01.31.006
6672,Flatness Instrument And Tools Geare & Acrewa Threec,PERALATAN DAN MESIN,1.3.2.08.01.31.007
6673,Profil Measuring Instrument,PERALATAN DAN MESIN,1.3.2.08.01.31.008
6674,Treching & Leveling Instrument,PERALATAN DAN MESIN,1.3.2.08.01.31.009
6675,Meusuring Machine,PERALATAN DAN MESIN,1.3.2.08.01.31.010
6676,alat laboratorium metrologie  lainnya (dst),PERALATAN DAN MESIN,1.3.2.08.01.31.011
6677,ALAT LABORATORIUM PELAPISAN LOGAM,PERALATAN DAN MESIN,1.3.2.08.01.32.000
6678,Ticknes Tester,PERALATAN DAN MESIN,1.3.2.08.01.32.001
6679,Baumeter,PERALATAN DAN MESIN,1.3.2.08.01.32.002
6680,Bak Electronic,PERALATAN DAN MESIN,1.3.2.08.01.32.003
6681,Rectifiler,PERALATAN DAN MESIN,1.3.2.08.01.32.004
6682,Burner,PERALATAN DAN MESIN,1.3.2.08.01.32.005
6683,Heater (Alat Laboratorium Proses Pelapisan Logam),PERALATAN DAN MESIN,1.3.2.08.01.32.006
6684,alat laboratorium pelapisan logam  lainnya (dst),PERALATAN DAN MESIN,1.3.2.08.01.32.007
6685,ALAT LABORATORIUM PROSES PENGOLAHAN PANAS,PERALATAN DAN MESIN,1.3.2.08.01.33.000
6686,Dapur Pengerasan Induksi,PERALATAN DAN MESIN,1.3.2.08.01.33.001
6687,Dapur Pemanas Garam,PERALATAN DAN MESIN,1.3.2.08.01.33.002
6688,Dapur Kamar,PERALATAN DAN MESIN,1.3.2.08.01.33.003
6689,Sand Blasting,PERALATAN DAN MESIN,1.3.2.08.01.33.004
6690,Dapur Temper,PERALATAN DAN MESIN,1.3.2.08.01.33.005
6691,Bak Pendingin,PERALATAN DAN MESIN,1.3.2.08.01.33.006
6692,Crane (500 Kg),PERALATAN DAN MESIN,1.3.2.08.01.33.007
6693,Tempat Peyimpanan Garam,PERALATAN DAN MESIN,1.3.2.08.01.33.008
6694,Penetral Cyanida,PERALATAN DAN MESIN,1.3.2.08.01.33.009
6695,Exhaust Fan,PERALATAN DAN MESIN,1.3.2.08.01.33.010
6696,Cleaning Instalation,PERALATAN DAN MESIN,1.3.2.08.01.33.011
6697,alat laboratorium proses pengolahan panas  lainnya (dst),PERALATAN DAN MESIN,1.3.2.08.01.33.012
6698,ALAT LABORATORIUM PROSES TEKNOLOGI TEKSTIL,PERALATAN DAN MESIN,1.3.2.08.01.34.000
6699,Penyisir Serat Rami,PERALATAN DAN MESIN,1.3.2.08.01.34.001
6700,Dekortikasi,PERALATAN DAN MESIN,1.3.2.08.01.34.002
6701,Mesin Vernekel,PERALATAN DAN MESIN,1.3.2.08.01.34.003
6702,Mesin Selection Sutera,PERALATAN DAN MESIN,1.3.2.08.01.34.004
6703,Mesin Hani Tangan,PERALATAN DAN MESIN,1.3.2.08.01.34.005
6704,Alat Kebut,PERALATAN DAN MESIN,1.3.2.08.01.34.006
6705,Mesin Dobby,PERALATAN DAN MESIN,1.3.2.08.01.34.007
6706,Mesin Jacguard,PERALATAN DAN MESIN,1.3.2.08.01.34.008
6707,Mesin Pelubang Karton,PERALATAN DAN MESIN,1.3.2.08.01.34.009
6708,Mesin Panding,PERALATAN DAN MESIN,1.3.2.08.01.34.010
6709,Pinstenter,PERALATAN DAN MESIN,1.3.2.08.01.34.011
6710,HT Drying,PERALATAN DAN MESIN,1.3.2.08.01.34.012
6711,Mesin Celup (Alat Laboratorium Proses Teknologi Tekstil),PERALATAN DAN MESIN,1.3.2.08.01.34.013
6712,Mesin Bleaching,PERALATAN DAN MESIN,1.3.2.08.01.34.014
6713,Mesin Spreding Cut,PERALATAN DAN MESIN,1.3.2.08.01.34.015
6714,Mesin Blindstitch,PERALATAN DAN MESIN,1.3.2.08.01.34.016
6715,Mesin Jahit Lockstitich,PERALATAN DAN MESIN,1.3.2.08.01.34.017
6716,Thread Overadge Stitch,PERALATAN DAN MESIN,1.3.2.08.01.34.018
6717,Mesin Overdeck,PERALATAN DAN MESIN,1.3.2.08.01.34.019
6718,Mesin Potong Tegak,PERALATAN DAN MESIN,1.3.2.08.01.34.020
6719,Mesin Bundar,PERALATAN DAN MESIN,1.3.2.08.01.34.021
6720,Mesin Jahit Chain Stitch,PERALATAN DAN MESIN,1.3.2.08.01.34.022
6721,Feed Of The Arm,PERALATAN DAN MESIN,1.3.2.08.01.34.023
6722,matter half,PERALATAN DAN MESIN,1.3.2.08.01.34.024
6723,Mesin Press Kain,PERALATAN DAN MESIN,1.3.2.08.01.34.025
6724,Mesin Strika Uap,PERALATAN DAN MESIN,1.3.2.08.01.34.026
6725,Mesin Blowing,PERALATAN DAN MESIN,1.3.2.08.01.34.027
6726,Mesin Carding,PERALATAN DAN MESIN,1.3.2.08.01.34.028
6727,Mesin Drawing,PERALATAN DAN MESIN,1.3.2.08.01.34.029
6728,Mesin Spinning,PERALATAN DAN MESIN,1.3.2.08.01.34.030
6729,Mesin Winding,PERALATAN DAN MESIN,1.3.2.08.01.34.031
6730,Mesin Silver Lap,PERALATAN DAN MESIN,1.3.2.08.01.34.032
6731,Mesin Ribbon Lap,PERALATAN DAN MESIN,1.3.2.08.01.34.033
6732,Mesin Combing,PERALATAN DAN MESIN,1.3.2.08.01.34.034
6733,Mesin Hroving,PERALATAN DAN MESIN,1.3.2.08.01.34.035
6734,Mesin Gintir,PERALATAN DAN MESIN,1.3.2.08.01.34.036
6735,Mesin Ginning,PERALATAN DAN MESIN,1.3.2.08.01.34.037
6736,Mesin Tali,PERALATAN DAN MESIN,1.3.2.08.01.34.038
6737,Mesin Packing Benang,PERALATAN DAN MESIN,1.3.2.08.01.34.039
6738,Mesin Kanji,PERALATAN DAN MESIN,1.3.2.08.01.34.040
6739,Mesin Sambung,PERALATAN DAN MESIN,1.3.2.08.01.34.041
6740,Mesin Cucuk,PERALATAN DAN MESIN,1.3.2.08.01.34.042
6741,Mesin Cucuk Tangan,PERALATAN DAN MESIN,1.3.2.08.01.34.043
6742,Alat Tenun Reeling,PERALATAN DAN MESIN,1.3.2.08.01.34.044
6743,Mesin Inspeksi Kain,PERALATAN DAN MESIN,1.3.2.08.01.34.045
6744,Mesin Jahit Dial Lingking,PERALATAN DAN MESIN,1.3.2.08.01.34.046
6745,Mesin Jahit Locksitik,PERALATAN DAN MESIN,1.3.2.08.01.34.047
6746,Mesin Jahit Elastik 5 Benang 3 Jarum,PERALATAN DAN MESIN,1.3.2.08.01.34.048
6747,Mesin Bordir Highspeed,PERALATAN DAN MESIN,1.3.2.08.01.34.049
6748,Mesin Jahit Bartacking,PERALATAN DAN MESIN,1.3.2.08.01.34.050
6749,Mesin Jahit Pasang Kancing,PERALATAN DAN MESIN,1.3.2.08.01.34.051
6750,Mesin Jahit Overlock,PERALATAN DAN MESIN,1.3.2.08.01.34.052
6751,Mesin Collarettes Tape Cutting,PERALATAN DAN MESIN,1.3.2.08.01.34.053
6752,Mesin Knife Clath Cutting,PERALATAN DAN MESIN,1.3.2.08.01.34.054
6753,Mesin Printing,PERALATAN DAN MESIN,1.3.2.08.01.34.055
6754,Mesin Pemasang Kain Screen,PERALATAN DAN MESIN,1.3.2.08.01.34.056
6755,Mesin Steam Rol,PERALATAN DAN MESIN,1.3.2.08.01.34.057
6756,Mesin Gulung Kaos,PERALATAN DAN MESIN,1.3.2.08.01.34.058
6757,Mesin Lipat Kain,PERALATAN DAN MESIN,1.3.2.08.01.34.059
6758,Mesin Kalender,PERALATAN DAN MESIN,1.3.2.08.01.34.060
6759,Mesin Spannram,PERALATAN DAN MESIN,1.3.2.08.01.34.061
6760,Mesin Jigger,PERALATAN DAN MESIN,1.3.2.08.01.34.062
6761,Ketel Pemasakan,PERALATAN DAN MESIN,1.3.2.08.01.34.063
6762,Mesin Curring,PERALATAN DAN MESIN,1.3.2.08.01.34.064
6763,Mesin Haspel,PERALATAN DAN MESIN,1.3.2.08.01.34.065
6764,Mesin Peras,PERALATAN DAN MESIN,1.3.2.08.01.34.066
6765,Mesin Pengering,PERALATAN DAN MESIN,1.3.2.08.01.34.067
6766,Mesin Bakar Bulu Kain,PERALATAN DAN MESIN,1.3.2.08.01.34.068
6767,Exomat Hydro Extrator,PERALATAN DAN MESIN,1.3.2.08.01.34.069
6768,Alat Pembuka Serat Kelapa,PERALATAN DAN MESIN,1.3.2.08.01.34.070
6769,Mesin Rami,PERALATAN DAN MESIN,1.3.2.08.01.34.071
6770,Mesin Pemotong Serat,PERALATAN DAN MESIN,1.3.2.08.01.34.072
6771,alat laboratorium proses teknologi tekstil  lainnya (dst),PERALATAN DAN MESIN,1.3.2.08.01.34.073
6772,ALAT LABORATORIUM UJI TEKSTIL,PERALATAN DAN MESIN,1.3.2.08.01.35.000
6773,Twist Tester,PERALATAN DAN MESIN,1.3.2.08.01.35.001
6774,Alat Uji Serat Sintetik,PERALATAN DAN MESIN,1.3.2.08.01.35.002
6775,Alat Uji Kekuatan Tarik Kain,PERALATAN DAN MESIN,1.3.2.08.01.35.003
6776,Rulling Machine Honeybear,PERALATAN DAN MESIN,1.3.2.08.01.35.004
6777,Incline Plane Tester,PERALATAN DAN MESIN,1.3.2.08.01.35.005
6778,Chemical Mixing Charton,PERALATAN DAN MESIN,1.3.2.08.01.35.006
6779,Rabbing Machine,PERALATAN DAN MESIN,1.3.2.08.01.35.007
6780,Alat Uji Grade Kain,PERALATAN DAN MESIN,1.3.2.08.01.35.008
6781,Kringle Facto Meter,PERALATAN DAN MESIN,1.3.2.08.01.35.009
6782,Alat Crimp Tester,PERALATAN DAN MESIN,1.3.2.08.01.35.010
6783,Evennes Tester,PERALATAN DAN MESIN,1.3.2.08.01.35.011
6784,Alat Uji Siram Air,PERALATAN DAN MESIN,1.3.2.08.01.35.012
6785,Alat Uji Sobek Kain,PERALATAN DAN MESIN,1.3.2.08.01.35.013
6786,Crease Recovery,PERALATAN DAN MESIN,1.3.2.08.01.35.014
6787,Bear Sorter,PERALATAN DAN MESIN,1.3.2.08.01.35.015
6788,Stelo Meter (Alat Laboratorium Uji Tekstil),PERALATAN DAN MESIN,1.3.2.08.01.35.016
6789,Alat Uji Tarik Benang,PERALATAN DAN MESIN,1.3.2.08.01.35.017
6790,Alat Ukur Suhu Kain,PERALATAN DAN MESIN,1.3.2.08.01.35.018
6791,Rabbing Tester,PERALATAN DAN MESIN,1.3.2.08.01.35.019
6792,Gloss Meter,PERALATAN DAN MESIN,1.3.2.08.01.35.020
6793,Gaschromatograph,PERALATAN DAN MESIN,1.3.2.08.01.35.021
6794,Scanning Electron Microscope (Alat Laboratorium Uji Tekstil),PERALATAN DAN MESIN,1.3.2.08.01.35.022
6795,Tensio Meter,PERALATAN DAN MESIN,1.3.2.08.01.35.023
6796,Ion Meter,PERALATAN DAN MESIN,1.3.2.08.01.35.024
6797,Weather Meter,PERALATAN DAN MESIN,1.3.2.08.01.35.025
6798,Rain Tester,PERALATAN DAN MESIN,1.3.2.08.01.35.026
6799,Tumble Dryer,PERALATAN DAN MESIN,1.3.2.08.01.35.027
6800,Conedrop Test (Alat Laboratorium Uji Tekstil),PERALATAN DAN MESIN,1.3.2.08.01.35.028
6801,Autometic Shive Sheker,PERALATAN DAN MESIN,1.3.2.08.01.35.029
6802,Brusting Tester,PERALATAN DAN MESIN,1.3.2.08.01.35.030
6803,Hygro Thermograph,PERALATAN DAN MESIN,1.3.2.08.01.35.031
6804,Psychrometer (Alat Laboratorium Uji Tekstil),PERALATAN DAN MESIN,1.3.2.08.01.35.032
6805,Martindale Wear And Arbartion Tester,PERALATAN DAN MESIN,1.3.2.08.01.35.033
6806,Alat Penomoran Benang,PERALATAN DAN MESIN,1.3.2.08.01.35.034
6807,Shirley Stifness Tester,PERALATAN DAN MESIN,1.3.2.08.01.35.035
6808,Stollflax /Gosok Tekuk,PERALATAN DAN MESIN,1.3.2.08.01.35.036
6809,Thermogravimetri,PERALATAN DAN MESIN,1.3.2.08.01.35.037
6810,Line Test,PERALATAN DAN MESIN,1.3.2.08.01.35.038
6811,Melting Point,PERALATAN DAN MESIN,1.3.2.08.01.35.039
6812,Alat Uji Beda Warna,PERALATAN DAN MESIN,1.3.2.08.01.35.040
6813,Sinco Thermocontroller,PERALATAN DAN MESIN,1.3.2.08.01.35.041
6814,Electric Roeder,PERALATAN DAN MESIN,1.3.2.08.01.35.042
6815,Alat Pintal Sabut Kelapa,PERALATAN DAN MESIN,1.3.2.08.01.35.043
6816,Presslay Fiber Strengh Tester,PERALATAN DAN MESIN,1.3.2.08.01.35.044
6817,Tergotometer,PERALATAN DAN MESIN,1.3.2.08.01.35.045
6818,Waskator,PERALATAN DAN MESIN,1.3.2.08.01.35.046
6819,Crock Meter (Alat Laboratorium Uji Tekstil),PERALATAN DAN MESIN,1.3.2.08.01.35.047
6820,Knit Shrinkage Gauge,PERALATAN DAN MESIN,1.3.2.08.01.35.048
6821,Flammeability Tester,PERALATAN DAN MESIN,1.3.2.08.01.35.049
6822,Scorch Tester,PERALATAN DAN MESIN,1.3.2.08.01.35.050
6823,Pilling Tester,PERALATAN DAN MESIN,1.3.2.08.01.35.051
6824,Fafegraph M,PERALATAN DAN MESIN,1.3.2.08.01.35.052
6825,Sliver Reel,PERALATAN DAN MESIN,1.3.2.08.01.35.053
6826,Fibrograph (Alat Laboratorium Uji Tekstil),PERALATAN DAN MESIN,1.3.2.08.01.35.054
6827,Micronair,PERALATAN DAN MESIN,1.3.2.08.01.35.055
6828,Rotary Static Tester,PERALATAN DAN MESIN,1.3.2.08.01.35.056
6829,Yern Abratrion Tester,PERALATAN DAN MESIN,1.3.2.08.01.35.057
6830,Hairiness Tester,PERALATAN DAN MESIN,1.3.2.08.01.35.058
6831,Instron Tensile Streng Tester,PERALATAN DAN MESIN,1.3.2.08.01.35.059
6832,Elemendorf Testing Tester,PERALATAN DAN MESIN,1.3.2.08.01.35.060
6833,Alat Uji Sudut Kain,PERALATAN DAN MESIN,1.3.2.08.01.35.061
6834,alat laboratorium uji tekstil  lainnya (dst),PERALATAN DAN MESIN,1.3.2.08.01.35.062
6835,ALAT LABORATORIUM PROSES TEKNOLOGI KERAMIK,PERALATAN DAN MESIN,1.3.2.08.01.36.000
6836,Double Sharp Mixer,PERALATAN DAN MESIN,1.3.2.08.01.36.001
6837,Momen Mixer,PERALATAN DAN MESIN,1.3.2.08.01.36.002
6838,Purometer Optik,PERALATAN DAN MESIN,1.3.2.08.01.36.003
6839,Air Sifler,PERALATAN DAN MESIN,1.3.2.08.01.36.004
6840,Alat Pemadam Kapur,PERALATAN DAN MESIN,1.3.2.08.01.36.005
6841,Plaster Extentiometer,PERALATAN DAN MESIN,1.3.2.08.01.36.006
6842,Pogmill Machine,PERALATAN DAN MESIN,1.3.2.08.01.36.007
6843,Extruder (Alat Laboratorium Proses Teknologi Keramik),PERALATAN DAN MESIN,1.3.2.08.01.36.008
6844,Pengatur Tahanan Resistor,PERALATAN DAN MESIN,1.3.2.08.01.36.009
6845,Magnetic Ferofilter,PERALATAN DAN MESIN,1.3.2.08.01.36.010
6846,Alat Slip Kaolin,PERALATAN DAN MESIN,1.3.2.08.01.36.011
6847,Pyrometer Radiasi,PERALATAN DAN MESIN,1.3.2.08.01.36.012
6848,Electric Boiler,PERALATAN DAN MESIN,1.3.2.08.01.36.013
6849,Law Crusher,PERALATAN DAN MESIN,1.3.2.08.01.36.014
6850,Edge Runner Mill,PERALATAN DAN MESIN,1.3.2.08.01.36.015
6851,Hammer Mill (Alat Laboratorium Proses Teknologi Keramik),PERALATAN DAN MESIN,1.3.2.08.01.36.016
6852,Rall Chrusher,PERALATAN DAN MESIN,1.3.2.08.01.36.017
6853,Grinding Mill,PERALATAN DAN MESIN,1.3.2.08.01.36.018
6854,Saringan Magnet,PERALATAN DAN MESIN,1.3.2.08.01.36.019
6855,Perpurated Ball Mill,PERALATAN DAN MESIN,1.3.2.08.01.36.020
6856,Cyclon Tupe Sparating Machine,PERALATAN DAN MESIN,1.3.2.08.01.36.021
6857,Sand Washing Machine,PERALATAN DAN MESIN,1.3.2.08.01.36.022
6858,Friction Press,PERALATAN DAN MESIN,1.3.2.08.01.36.023
6859,Hydrolic Press,PERALATAN DAN MESIN,1.3.2.08.01.36.024
6860,Press Angka Roda Gila,PERALATAN DAN MESIN,1.3.2.08.01.36.025
6861,Semi Automatic Cam Press,PERALATAN DAN MESIN,1.3.2.08.01.36.026
6862,Ban Berjalan,PERALATAN DAN MESIN,1.3.2.08.01.36.027
6863,Motorized Kick Well,PERALATAN DAN MESIN,1.3.2.08.01.36.028
6864,Mesin Bubut Isolator,PERALATAN DAN MESIN,1.3.2.08.01.36.029
6865,Mesin Bor Pembuat Ulir,PERALATAN DAN MESIN,1.3.2.08.01.36.030
6866,Pot Mill,PERALATAN DAN MESIN,1.3.2.08.01.36.031
6867,Table Wheel,PERALATAN DAN MESIN,1.3.2.08.01.36.032
6868,Manual Kick Wheel,PERALATAN DAN MESIN,1.3.2.08.01.36.033
6869,Tunnel Kiln (Solar),PERALATAN DAN MESIN,1.3.2.08.01.36.034
6870,Tunnel Kiln (Gas Elpiji),PERALATAN DAN MESIN,1.3.2.08.01.36.035
6871,Tunnel Kiln (Listrik),PERALATAN DAN MESIN,1.3.2.08.01.36.036
6872,alat laboratorium proses teknologi keramik  lainnya (dst),PERALATAN DAN MESIN,1.3.2.08.01.36.037
6873,"ALAT LABORATORIUM PROSES TEKNOLOGI KULIT, KARET DAN PLASTIK",PERALATAN DAN MESIN,1.3.2.08.01.37.000
6874,Mesin Drum Pemasak Kulit,PERALATAN DAN MESIN,1.3.2.08.01.37.001
6875,Mesin Setrika Kulit,PERALATAN DAN MESIN,1.3.2.08.01.37.002
6876,Mesin Glandstot,PERALATAN DAN MESIN,1.3.2.08.01.37.003
6877,Mesin Setol,PERALATAN DAN MESIN,1.3.2.08.01.37.004
6878,Mesin Perah,PERALATAN DAN MESIN,1.3.2.08.01.37.005
6879,Mesin Skrep,PERALATAN DAN MESIN,1.3.2.08.01.37.006
6880,Mesin Shaving,PERALATAN DAN MESIN,1.3.2.08.01.37.007
6881,Mesin Flashing,PERALATAN DAN MESIN,1.3.2.08.01.37.008
6882,Mesin Molding Vulkanisasi,PERALATAN DAN MESIN,1.3.2.08.01.37.009
6883,Mesin Molding Injection,PERALATAN DAN MESIN,1.3.2.08.01.37.010
6884,Mesin Shoes Flashing,PERALATAN DAN MESIN,1.3.2.08.01.37.011
6885,Mesin Ukur Kulit,PERALATAN DAN MESIN,1.3.2.08.01.37.012
6886,Mesin Pengaktif Lem,PERALATAN DAN MESIN,1.3.2.08.01.37.013
6887,Mesin Staking Wheel,PERALATAN DAN MESIN,1.3.2.08.01.37.014
6888,Mesin Seser,PERALATAN DAN MESIN,1.3.2.08.01.37.015
6889,Mesin Domai,PERALATAN DAN MESIN,1.3.2.08.01.37.016
6890,Mesin Alur Jahitan,PERALATAN DAN MESIN,1.3.2.08.01.37.017
6891,Hydrolic Oven Camant Lasting,PERALATAN DAN MESIN,1.3.2.08.01.37.018
6892,Mesin Split,PERALATAN DAN MESIN,1.3.2.08.01.37.019
6893,Mesin Vacum Trockner Dryne,PERALATAN DAN MESIN,1.3.2.08.01.37.020
6894,Mesin Potong Kulit,PERALATAN DAN MESIN,1.3.2.08.01.37.021
6895,Mesin Pemanas,PERALATAN DAN MESIN,1.3.2.08.01.37.022
6896,Tunning Drum Experiment,PERALATAN DAN MESIN,1.3.2.08.01.37.023
6897,Alat Press Sol Listrik,PERALATAN DAN MESIN,1.3.2.08.01.37.024
6898,Alat Pembelah Sol,PERALATAN DAN MESIN,1.3.2.08.01.37.025
6899,Alat Kembang Pita,PERALATAN DAN MESIN,1.3.2.08.01.37.026
6900,Alat Pelonggar Sepatu,PERALATAN DAN MESIN,1.3.2.08.01.37.027
6901,Alat Potong Sol,PERALATAN DAN MESIN,1.3.2.08.01.37.028
6902,Alat Pressol Tangan,PERALATAN DAN MESIN,1.3.2.08.01.37.029
6903,Mesin Finishing Combinasi,PERALATAN DAN MESIN,1.3.2.08.01.37.030
6904,Mesin Roughing,PERALATAN DAN MESIN,1.3.2.08.01.37.031
6905,Mesin Aflap Sol,PERALATAN DAN MESIN,1.3.2.08.01.37.032
6906,Mesin Press Sol,PERALATAN DAN MESIN,1.3.2.08.01.37.033
6907,Mesin Roll Press,PERALATAN DAN MESIN,1.3.2.08.01.37.034
6908,Mesin Aflap Sepatu,PERALATAN DAN MESIN,1.3.2.08.01.37.035
6909,Alat Press Angin,PERALATAN DAN MESIN,1.3.2.08.01.37.036
6910,Mesin Paku Sol Dalam,PERALATAN DAN MESIN,1.3.2.08.01.37.037
6911,Mesin Paku Open,PERALATAN DAN MESIN,1.3.2.08.01.37.038
6912,Mesin Lem Open Samping,PERALATAN DAN MESIN,1.3.2.08.01.37.039
6913,Mesin Trimming,PERALATAN DAN MESIN,1.3.2.08.01.37.040
6914,Mesin Potong Atasan Sepatu,PERALATAN DAN MESIN,1.3.2.08.01.37.041
6915,Mesin Open Sepatu,PERALATAN DAN MESIN,1.3.2.08.01.37.042
6916,Mesin Gergaji Pola Acuan,PERALATAN DAN MESIN,1.3.2.08.01.37.043
6917,Mesin Enjeksi Bakalan Acuan,PERALATAN DAN MESIN,1.3.2.08.01.37.044
6918,Leather Finishing Machine,PERALATAN DAN MESIN,1.3.2.08.01.37.045
6919,Hydrolic Ironing Embossing Press,PERALATAN DAN MESIN,1.3.2.08.01.37.046
6920,Vibration Stacking Machine,PERALATAN DAN MESIN,1.3.2.08.01.37.047
6921,Satyluk Trening Machine,PERALATAN DAN MESIN,1.3.2.08.01.37.048
6922,Alat Pengering Sistem Tonggle,PERALATAN DAN MESIN,1.3.2.08.01.37.049
6923,Mesin Two Roll Mill,PERALATAN DAN MESIN,1.3.2.08.01.37.050
6924,Mesin Compouding,PERALATAN DAN MESIN,1.3.2.08.01.37.051
6925,Alat Press Laminasi,PERALATAN DAN MESIN,1.3.2.08.01.37.052
6926,Mesin Takar Abration Tester,PERALATAN DAN MESIN,1.3.2.08.01.37.053
6927,Alat Potong Plastik,PERALATAN DAN MESIN,1.3.2.08.01.37.054
6928,Mesin Hide Progesser,PERALATAN DAN MESIN,1.3.2.08.01.37.055
6929,Mesin Tannox Drum,PERALATAN DAN MESIN,1.3.2.08.01.37.056
6930,Alat Mensolfinasi Minyak,PERALATAN DAN MESIN,1.3.2.08.01.37.057
6931,Mesin Potong Hardboard,PERALATAN DAN MESIN,1.3.2.08.01.37.058
6932,Mesin Kikir Hardboard,PERALATAN DAN MESIN,1.3.2.08.01.37.059
6933,Mesin Bending,PERALATAN DAN MESIN,1.3.2.08.01.37.060
6934,Mesin Granding Super Lince,PERALATAN DAN MESIN,1.3.2.08.01.37.061
6935,Mesin Grending Acuan,PERALATAN DAN MESIN,1.3.2.08.01.37.062
6936,Mesin Tanda / Cap,PERALATAN DAN MESIN,1.3.2.08.01.37.063
6937,Mesin Bording,PERALATAN DAN MESIN,1.3.2.08.01.37.064
6938,Mesin Mixer Coumpond,PERALATAN DAN MESIN,1.3.2.08.01.37.065
6939,"alat laboratorium proses teknologi kulit, karet dan plastik  lainnya (dst)",PERALATAN DAN MESIN,1.3.2.08.01.37.066
6940,"ALAT LABORATORIUM UJI KULIT, KARET DAN PLASTIK",PERALATAN DAN MESIN,1.3.2.08.01.38.000
6941,Tensile Strength Tester,PERALATAN DAN MESIN,1.3.2.08.01.38.001
6942,Alat Uji Penyerapan Air / Udara,PERALATAN DAN MESIN,1.3.2.08.01.38.002
6943,Contilever Tensiometer,PERALATAN DAN MESIN,1.3.2.08.01.38.003
6944,Vacum Filtration Funil,PERALATAN DAN MESIN,1.3.2.08.01.38.004
6945,Alat Uji Pengaduk,PERALATAN DAN MESIN,1.3.2.08.01.38.005
6946,Refter KS Condensor,PERALATAN DAN MESIN,1.3.2.08.01.38.006
6947,Constant Load Deftiction,PERALATAN DAN MESIN,1.3.2.08.01.38.007
6948,Alat Uji Kebocoran Air Untuk Glove,PERALATAN DAN MESIN,1.3.2.08.01.38.008
6949,Stress Cracking Tester,PERALATAN DAN MESIN,1.3.2.08.01.38.009
6950,Westhover Type Frictiometer,PERALATAN DAN MESIN,1.3.2.08.01.38.010
6951,Presure Stillser,PERALATAN DAN MESIN,1.3.2.08.01.38.011
6952,"Melt Indexer (Alat Laboratorium Uji Kulit, Karet Dan Plastik)",PERALATAN DAN MESIN,1.3.2.08.01.38.012
6953,Cross Beather Mill,PERALATAN DAN MESIN,1.3.2.08.01.38.013
6954,Compression Set Apparatus,PERALATAN DAN MESIN,1.3.2.08.01.38.014
6955,"Tensile Head Distortion (Alat Laboratorium Uji Kulit, Karet Dan Plastik)",PERALATAN DAN MESIN,1.3.2.08.01.38.015
6956,Alat Uji Keretakan Kulit,PERALATAN DAN MESIN,1.3.2.08.01.38.016
6957,Alat Pelubang Mata Ayam,PERALATAN DAN MESIN,1.3.2.08.01.38.017
6958,Super Type Thickness Tester,PERALATAN DAN MESIN,1.3.2.08.01.38.018
6959,Electric Mointure Tester,PERALATAN DAN MESIN,1.3.2.08.01.38.019
6960,Alat Uji Falling Weight,PERALATAN DAN MESIN,1.3.2.08.01.38.020
6961,Mixer Drum Experiment Machine,PERALATAN DAN MESIN,1.3.2.08.01.38.021
6962,Ross Plexing Machine,PERALATAN DAN MESIN,1.3.2.08.01.38.022
6963,Punthing Machine,PERALATAN DAN MESIN,1.3.2.08.01.38.023
6964,Smaal Mixing Test Roll,PERALATAN DAN MESIN,1.3.2.08.01.38.024
6965,Alat Uji Pampart,PERALATAN DAN MESIN,1.3.2.08.01.38.025
6966,Alat Uji Pantul Bola,PERALATAN DAN MESIN,1.3.2.08.01.38.026
6967,Lestometer,PERALATAN DAN MESIN,1.3.2.08.01.38.027
6968,Mercury Mix KIM,PERALATAN DAN MESIN,1.3.2.08.01.38.028
6969,Deal Tickness Gauge,PERALATAN DAN MESIN,1.3.2.08.01.38.029
6970,Pompa Airasil,PERALATAN DAN MESIN,1.3.2.08.01.38.030
6971,Weather Station,PERALATAN DAN MESIN,1.3.2.08.01.38.031
6972,"Top Loading Balance (Alat Laboratorium Uji Kulit, Karet Dan Plastik)",PERALATAN DAN MESIN,1.3.2.08.01.38.032
6973,Disolved Open Meter,PERALATAN DAN MESIN,1.3.2.08.01.38.033
6974,Shoubury Curometer,PERALATAN DAN MESIN,1.3.2.08.01.38.034
6975,Alat Uji Kebocoran Udara Untuk Glove,PERALATAN DAN MESIN,1.3.2.08.01.38.035
6976,"alat laboratorium uji kulit, karet dan plastik  lainnya (dst)",PERALATAN DAN MESIN,1.3.2.08.01.38.036
6977,ALAT LABORATORIUM UJI KERAMIK,PERALATAN DAN MESIN,1.3.2.08.01.39.000
6978,Dilatometer,PERALATAN DAN MESIN,1.3.2.08.01.39.001
6979,Alat Uji Kejut Suhu,PERALATAN DAN MESIN,1.3.2.08.01.39.002
6980,Alat Uji Keplostisam,PERALATAN DAN MESIN,1.3.2.08.01.39.003
6981,Plastisimeter,PERALATAN DAN MESIN,1.3.2.08.01.39.004
6982,Alat Uji Deviasi Optik,PERALATAN DAN MESIN,1.3.2.08.01.39.005
6983,Alat Uji Viscositas Gelas,PERALATAN DAN MESIN,1.3.2.08.01.39.006
6984,Increment Presure Tester,PERALATAN DAN MESIN,1.3.2.08.01.39.007
6985,Alat Uji Tegangan Dalam Gelas,PERALATAN DAN MESIN,1.3.2.08.01.39.008
6986,Alat Pemeriksaan Ukuran Kaca,PERALATAN DAN MESIN,1.3.2.08.01.39.009
6987,Alat Uji Ketepatan Bentuk,PERALATAN DAN MESIN,1.3.2.08.01.39.010
6988,Alat Uji Keausan Pasir Jatuh,PERALATAN DAN MESIN,1.3.2.08.01.39.011
6989,Alat Uji Tembus Listrik,PERALATAN DAN MESIN,1.3.2.08.01.39.012
6990,Alat Pengukur Eflorisen,PERALATAN DAN MESIN,1.3.2.08.01.39.013
6991,Alat Uji Refleksi Kaca,PERALATAN DAN MESIN,1.3.2.08.01.39.014
6992,X Ray Apparatus Defraction,PERALATAN DAN MESIN,1.3.2.08.01.39.015
6993,Alat Uji Kekuatan Glasir (Glaze Strength Tester),PERALATAN DAN MESIN,1.3.2.08.01.39.016
6994,Alat Uji Analisa Oksida Logam-Logam (Spektofotometer),PERALATAN DAN MESIN,1.3.2.08.01.39.017
6995,Alat Uji Analisa Butiran Bahan (Laboratory Testing Screen),PERALATAN DAN MESIN,1.3.2.08.01.39.018
6996,Alat Uji Kekentalan Bahan,PERALATAN DAN MESIN,1.3.2.08.01.39.019
6997,alat laboratorium uji keramik  lainnya (dst),PERALATAN DAN MESIN,1.3.2.08.01.39.020
6998,ALAT LABORATORIUM PROSES TEKNOLOGI SELULOSA,PERALATAN DAN MESIN,1.3.2.08.01.40.000
6999,Hend Help Uv Lamp,PERALATAN DAN MESIN,1.3.2.08.01.40.001
7000,Alat Pemutih Pulp Dengan Oxygen,PERALATAN DAN MESIN,1.3.2.08.01.40.002
7001,Mesin Karton,PERALATAN DAN MESIN,1.3.2.08.01.40.003
7002,Mesin PCB,PERALATAN DAN MESIN,1.3.2.08.01.40.004
7003,Mesin Waste Water Purification,PERALATAN DAN MESIN,1.3.2.08.01.40.005
7004,Mesin Auxyliary Service,PERALATAN DAN MESIN,1.3.2.08.01.40.006
7005,Mesin Rayon,PERALATAN DAN MESIN,1.3.2.08.01.40.007
7006,Mesin Chorine Alkali Electrolysis,PERALATAN DAN MESIN,1.3.2.08.01.40.008
7007,Mesin Repair And Maintenance Shop,PERALATAN DAN MESIN,1.3.2.08.01.40.009
7008,Mesin Power Station White Emergency Diesel Generating,PERALATAN DAN MESIN,1.3.2.08.01.40.010
7009,Mesin Water Softering Plant,PERALATAN DAN MESIN,1.3.2.08.01.40.011
7010,Mesin Pulp,PERALATAN DAN MESIN,1.3.2.08.01.40.012
7011,Deflaker,PERALATAN DAN MESIN,1.3.2.08.01.40.013
7012,Mesin Cetak Karton,PERALATAN DAN MESIN,1.3.2.08.01.40.014
7013,Calender,PERALATAN DAN MESIN,1.3.2.08.01.40.015
7014,Poros Transmisi,PERALATAN DAN MESIN,1.3.2.08.01.40.016
7015,Beater Unit (Mesin Penggiling),PERALATAN DAN MESIN,1.3.2.08.01.40.017
7016,Alat Deteksi Ketebalan Kertas,PERALATAN DAN MESIN,1.3.2.08.01.40.018
7017,alat laboratorium proses teknologi selulosa  lainnya (dst),PERALATAN DAN MESIN,1.3.2.08.01.40.019
7018,ALAT LABORATORIUM PERTANIAN,PERALATAN DAN MESIN,1.3.2.08.01.41.000
7019,AAS Multi Lamp,PERALATAN DAN MESIN,1.3.2.08.01.41.001
7020,AI Apparatus,PERALATAN DAN MESIN,1.3.2.08.01.41.002
7021,Air Compressor (Alat Laboratorium Pertanian),PERALATAN DAN MESIN,1.3.2.08.01.41.003
7022,Alat Degreening Jeruk Kap 100 Kg,PERALATAN DAN MESIN,1.3.2.08.01.41.004
7023,Alat Penanggulangan Penyakit Pasca Panen Dg Air Panas,PERALATAN DAN MESIN,1.3.2.08.01.41.005
7024,Alat Pengering Sederhana Dng Kompor,PERALATAN DAN MESIN,1.3.2.08.01.41.006
7025,Alat Pengering (Force Draught),PERALATAN DAN MESIN,1.3.2.08.01.41.007
7026,Alat Precooling Buah Dng Es Secara Sirmulasi,PERALATAN DAN MESIN,1.3.2.08.01.41.008
7027,Alat Simulasi Transportasi,PERALATAN DAN MESIN,1.3.2.08.01.41.009
7028,Amino Acid Analyzer (AAA),PERALATAN DAN MESIN,1.3.2.08.01.41.010
7029,Amylograph,PERALATAN DAN MESIN,1.3.2.08.01.41.011
7030,Anaerobic Jar,PERALATAN DAN MESIN,1.3.2.08.01.41.012
7031,Anaerobic Jar Oxide,PERALATAN DAN MESIN,1.3.2.08.01.41.013
7032,Analitycal Balance,PERALATAN DAN MESIN,1.3.2.08.01.41.014
7033,Anemometer (Alat Laboratorium Pertanian),PERALATAN DAN MESIN,1.3.2.08.01.41.015
7034,Atomic Absorption Spectrophotometer (AAS) (Alat Lab. Pertanian),PERALATAN DAN MESIN,1.3.2.08.01.41.016
7035,Auto Anylyzer,PERALATAN DAN MESIN,1.3.2.08.01.41.017
7036,Auto Still,PERALATAN DAN MESIN,1.3.2.08.01.41.018
7037,Autoclave (Alat Laboratorium Pertanian),PERALATAN DAN MESIN,1.3.2.08.01.41.019
7038,AW Meter,PERALATAN DAN MESIN,1.3.2.08.01.41.020
7039,Balance (Alat Laboratorium Pertanian),PERALATAN DAN MESIN,1.3.2.08.01.41.021
7040,Battery Charger (Alat Laboratorium Pertanian),PERALATAN DAN MESIN,1.3.2.08.01.41.022
7041,Biofreezer,PERALATAN DAN MESIN,1.3.2.08.01.41.023
7042,Block Digester,PERALATAN DAN MESIN,1.3.2.08.01.41.024
7043,Bod Monitor,PERALATAN DAN MESIN,1.3.2.08.01.41.025
7044,Bomb Calorimeter,PERALATAN DAN MESIN,1.3.2.08.01.41.026
7045,Buckard Apparatus,PERALATAN DAN MESIN,1.3.2.08.01.41.027
7046,Cabinet Drier,PERALATAN DAN MESIN,1.3.2.08.01.41.028
7047,Can Closing Mesin,PERALATAN DAN MESIN,1.3.2.08.01.41.029
7048,Canning Unit,PERALATAN DAN MESIN,1.3.2.08.01.41.030
7049,Carburator,PERALATAN DAN MESIN,1.3.2.08.01.41.031
7050,Centrifuge (Alat Laboratorium Pertanian),PERALATAN DAN MESIN,1.3.2.08.01.41.032
7051,Cervix Dilatator,PERALATAN DAN MESIN,1.3.2.08.01.41.033
7052,Climatic Chamber,PERALATAN DAN MESIN,1.3.2.08.01.41.034
7053,Cod Monitor,PERALATAN DAN MESIN,1.3.2.08.01.41.035
7054,Cold Chamber/Cabinet,PERALATAN DAN MESIN,1.3.2.08.01.41.036
7055,Cold Handling Cabinet,PERALATAN DAN MESIN,1.3.2.08.01.41.037
7056,Cold Storage (Alat Laboratorium Pertanian),PERALATAN DAN MESIN,1.3.2.08.01.41.038
7057,Colony Counter (Alat Laboratorium Pertanian),PERALATAN DAN MESIN,1.3.2.08.01.41.039
7058,Coloumn Chromatography,PERALATAN DAN MESIN,1.3.2.08.01.41.040
7059,Conductivity Meter (Alat Laboratorium Pertanian),PERALATAN DAN MESIN,1.3.2.08.01.41.041
7060,Container N2 Cair (Alat Laboratorium Pertanian),PERALATAN DAN MESIN,1.3.2.08.01.41.042
7061,Cooker Bak Terbuka,PERALATAN DAN MESIN,1.3.2.08.01.41.043
7062,Cooker Stainlessteel,PERALATAN DAN MESIN,1.3.2.08.01.41.044
7063,Cosmotektor,PERALATAN DAN MESIN,1.3.2.08.01.41.045
7064,Coulter Counter (Alat Laboratorium Pertanian),PERALATAN DAN MESIN,1.3.2.08.01.41.046
7065,Cross Blaser,PERALATAN DAN MESIN,1.3.2.08.01.41.047
7066,Crusher/Mixer,PERALATAN DAN MESIN,1.3.2.08.01.41.048
7067,Cryogenic Container,PERALATAN DAN MESIN,1.3.2.08.01.41.049
7068,Culture Dish,PERALATAN DAN MESIN,1.3.2.08.01.41.050
7069,Current Meter (Alat Laboratorium Pertanian),PERALATAN DAN MESIN,1.3.2.08.01.41.051
7070,Data Assignation (Polycorder),PERALATAN DAN MESIN,1.3.2.08.01.41.052
7071,Data Logger (Alat Laboratorium Pertanian),PERALATAN DAN MESIN,1.3.2.08.01.41.053
7072,Data Recorder,PERALATAN DAN MESIN,1.3.2.08.01.41.054
7073,Dead Weight Press.Gauge Tester,PERALATAN DAN MESIN,1.3.2.08.01.41.055
7074,Deep Freezer (Alat Laboratorium Pertanian),PERALATAN DAN MESIN,1.3.2.08.01.41.056
7075,Dehumidifier (Alat Laboratorium Pertanian),PERALATAN DAN MESIN,1.3.2.08.01.41.057
7076,Demineralizer (Alat Laboratorium Pertanian),PERALATAN DAN MESIN,1.3.2.08.01.41.058
7077,Digital Multimeter (Alat Laboratorium Pertanian),PERALATAN DAN MESIN,1.3.2.08.01.41.059
7078,Digital Preassure Gauge,PERALATAN DAN MESIN,1.3.2.08.01.41.060
7079,Dispenser & Diluter,PERALATAN DAN MESIN,1.3.2.08.01.41.061
7080,Distiling Apparatus,PERALATAN DAN MESIN,1.3.2.08.01.41.062
7081,Distiling Unit For TMA,PERALATAN DAN MESIN,1.3.2.08.01.41.063
7082,Distiling Unit For VRS,PERALATAN DAN MESIN,1.3.2.08.01.41.064
7083,Dna Sequezing,PERALATAN DAN MESIN,1.3.2.08.01.41.065
7084,DO Meter (Alat Laboratorium Pertanian),PERALATAN DAN MESIN,1.3.2.08.01.41.066
7085,Dredge,PERALATAN DAN MESIN,1.3.2.08.01.41.067
7086,Dringking Monitor,PERALATAN DAN MESIN,1.3.2.08.01.41.068
7087,Drying Test,PERALATAN DAN MESIN,1.3.2.08.01.41.069
7088,Dynamometer Car,PERALATAN DAN MESIN,1.3.2.08.01.41.070
7089,Echo Sounder (Alat Laboratorium Pertanian),PERALATAN DAN MESIN,1.3.2.08.01.41.071
7090,Electric Meat San,PERALATAN DAN MESIN,1.3.2.08.01.41.072
7091,Electrophoresis (Alat Laboratorium Pertanian),PERALATAN DAN MESIN,1.3.2.08.01.41.073
7092,Elisa Reader,PERALATAN DAN MESIN,1.3.2.08.01.41.074
7093,"Elisa Reader(Computerized,Semi Manual)",PERALATAN DAN MESIN,1.3.2.08.01.41.075
7094,Embrio Filter,PERALATAN DAN MESIN,1.3.2.08.01.41.076
7095,Embrio Manipulator,PERALATAN DAN MESIN,1.3.2.08.01.41.077
7096,Ergonomic Tester,PERALATAN DAN MESIN,1.3.2.08.01.41.078
7097,Exhouse Gas Analyzer,PERALATAN DAN MESIN,1.3.2.08.01.41.079
7098,Extruder (Alat Laboratorium Pertanian),PERALATAN DAN MESIN,1.3.2.08.01.41.080
7099,Feed Mixer,PERALATAN DAN MESIN,1.3.2.08.01.41.081
7100,Fermentor (Alat Laboratorium Pertanian),PERALATAN DAN MESIN,1.3.2.08.01.41.082
7101,Fibertec System,PERALATAN DAN MESIN,1.3.2.08.01.41.083
7102,Fibrograph (Alat Laboratorium Pertanian),PERALATAN DAN MESIN,1.3.2.08.01.41.084
7103,Filter Holder (Stainless Steel 1000 Ml),PERALATAN DAN MESIN,1.3.2.08.01.41.085
7104,Filtration Unit,PERALATAN DAN MESIN,1.3.2.08.01.41.086
7105,Fish Moisture Tester,PERALATAN DAN MESIN,1.3.2.08.01.41.087
7106,Flamephotometer,PERALATAN DAN MESIN,1.3.2.08.01.41.088
7107,Flow Meter (Alat Laboratorium Pertanian),PERALATAN DAN MESIN,1.3.2.08.01.41.089
7108,Fluorence Dektor,PERALATAN DAN MESIN,1.3.2.08.01.41.090
7109,Fractional Distilation,PERALATAN DAN MESIN,1.3.2.08.01.41.091
7110,Freezer (Alat Laboratorium Pertanian),PERALATAN DAN MESIN,1.3.2.08.01.41.092
7111,Frequency Generator,PERALATAN DAN MESIN,1.3.2.08.01.41.093
7112,Fuel Flow Meter,PERALATAN DAN MESIN,1.3.2.08.01.41.094
7113,Fumehood,PERALATAN DAN MESIN,1.3.2.08.01.41.095
7114,Gamma Counter,PERALATAN DAN MESIN,1.3.2.08.01.41.096
7115,Gas Chamber,PERALATAN DAN MESIN,1.3.2.08.01.41.097
7116,Gas Chromatography (Alat Laboratorium Pertanian),PERALATAN DAN MESIN,1.3.2.08.01.41.098
7117,"Gas Cylinder(-N2,Co2,Udara)",PERALATAN DAN MESIN,1.3.2.08.01.41.099
7118,Generator,PERALATAN DAN MESIN,1.3.2.08.01.41.100
7119,Germinator,PERALATAN DAN MESIN,1.3.2.08.01.41.101
7120,Glass Dryer,PERALATAN DAN MESIN,1.3.2.08.01.41.102
7121,Grader,PERALATAN DAN MESIN,1.3.2.08.01.41.103
7122,Grain Counter,PERALATAN DAN MESIN,1.3.2.08.01.41.104
7123,Grain Crack Inspector,PERALATAN DAN MESIN,1.3.2.08.01.41.105
7124,Grain Devider,PERALATAN DAN MESIN,1.3.2.08.01.41.106
7125,Grain Moisture Tester,PERALATAN DAN MESIN,1.3.2.08.01.41.107
7126,Grain Sorter,PERALATAN DAN MESIN,1.3.2.08.01.41.108
7127,Green Meter,PERALATAN DAN MESIN,1.3.2.08.01.41.109
7128,Grinder,PERALATAN DAN MESIN,1.3.2.08.01.41.110
7129,Growth Chamber,PERALATAN DAN MESIN,1.3.2.08.01.41.111
7130,Haematocrit Reader,PERALATAN DAN MESIN,1.3.2.08.01.41.112
7131,Haemoglobin Meter,PERALATAN DAN MESIN,1.3.2.08.01.41.113
7132,Hammer Mill (Alat Laboratorium Pertanian),PERALATAN DAN MESIN,1.3.2.08.01.41.114
7133,Hand Counter,PERALATAN DAN MESIN,1.3.2.08.01.41.115
7134,Hand Penetrometer,PERALATAN DAN MESIN,1.3.2.08.01.41.116
7135,Hardness Tester,PERALATAN DAN MESIN,1.3.2.08.01.41.117
7136,Hating Mantle,PERALATAN DAN MESIN,1.3.2.08.01.41.118
7137,Heating Air Incubator,PERALATAN DAN MESIN,1.3.2.08.01.41.119
7138,Hematocrit Reader,PERALATAN DAN MESIN,1.3.2.08.01.41.120
7139,High Perfomance Liquid Chromatography (HPLC),PERALATAN DAN MESIN,1.3.2.08.01.41.121
7140,Higro Thermograph,PERALATAN DAN MESIN,1.3.2.08.01.41.122
7141,Homogenizer (Alat Laboratorium Pertanian),PERALATAN DAN MESIN,1.3.2.08.01.41.123
7142,Hot Plate (Alat Laboratorium Pertanian),PERALATAN DAN MESIN,1.3.2.08.01.41.124
7143,Hot Plate Stirer,PERALATAN DAN MESIN,1.3.2.08.01.41.125
7144,Humidified Chamber,PERALATAN DAN MESIN,1.3.2.08.01.41.126
7145,Ice Maker (Alat Laboratorium Pertanian),PERALATAN DAN MESIN,1.3.2.08.01.41.127
7146,Incinerator (Alat Laboratorium Pertanian),PERALATAN DAN MESIN,1.3.2.08.01.41.128
7147,Incubator (Alat Laboratorium Pertanian),PERALATAN DAN MESIN,1.3.2.08.01.41.129
7148,Inductively Coupled Plasma (ICP),PERALATAN DAN MESIN,1.3.2.08.01.41.130
7149,Infra Red Gas Analyzer,PERALATAN DAN MESIN,1.3.2.08.01.41.131
7150,Insemination Device,PERALATAN DAN MESIN,1.3.2.08.01.41.132
7151,Instron Food Tester,PERALATAN DAN MESIN,1.3.2.08.01.41.133
7152,Instron Machine,PERALATAN DAN MESIN,1.3.2.08.01.41.134
7153,Integrating Quantum Radiometer,PERALATAN DAN MESIN,1.3.2.08.01.41.135
7154,Ion Analyzer,PERALATAN DAN MESIN,1.3.2.08.01.41.136
7155,IRGA,PERALATAN DAN MESIN,1.3.2.08.01.41.137
7156,Janet Ketel,PERALATAN DAN MESIN,1.3.2.08.01.41.138
7157,Kjeltec,PERALATAN DAN MESIN,1.3.2.08.01.41.139
7158,Kompor Distilasi,PERALATAN DAN MESIN,1.3.2.08.01.41.140
7159,Kompor Gas (Alat Laboratorium Pertanian),PERALATAN DAN MESIN,1.3.2.08.01.41.141
7160,Laminar Flow,PERALATAN DAN MESIN,1.3.2.08.01.41.142
7161,Laparascopi,PERALATAN DAN MESIN,1.3.2.08.01.41.143
7162,Leaf Area Meter (LAM),PERALATAN DAN MESIN,1.3.2.08.01.41.144
7163,Liminar Flow Cabinet,PERALATAN DAN MESIN,1.3.2.08.01.41.145
7164,Liquid N2 Container,PERALATAN DAN MESIN,1.3.2.08.01.41.146
7165,Low Temperature Incubator,PERALATAN DAN MESIN,1.3.2.08.01.41.147
7166,Macro Balance,PERALATAN DAN MESIN,1.3.2.08.01.41.148
7167,Magnetic Stirer (Alat Laboratorium Pertanian),PERALATAN DAN MESIN,1.3.2.08.01.41.149
7168,Meat Grinder,PERALATAN DAN MESIN,1.3.2.08.01.41.150
7169,Mesin Pencuci Sayuran,PERALATAN DAN MESIN,1.3.2.08.01.41.151
7170,Mesin Pengepres Buah,PERALATAN DAN MESIN,1.3.2.08.01.41.152
7171,Mesin Pengolahan Susu,PERALATAN DAN MESIN,1.3.2.08.01.41.153
7172,Metabolisme Cages+Spirometer,PERALATAN DAN MESIN,1.3.2.08.01.41.154
7173,Metal Crack/Roughness Detector,PERALATAN DAN MESIN,1.3.2.08.01.41.155
7174,Metal Hadness Tester,PERALATAN DAN MESIN,1.3.2.08.01.41.156
7175,Microfuge,PERALATAN DAN MESIN,1.3.2.08.01.41.157
7176,Micrometer,PERALATAN DAN MESIN,1.3.2.08.01.41.158
7177,Micronaire (Alat Laboratorium Pertanian),PERALATAN DAN MESIN,1.3.2.08.01.41.159
7178,Microscope Discecting,PERALATAN DAN MESIN,1.3.2.08.01.41.160
7179,Microscope Electron,PERALATAN DAN MESIN,1.3.2.08.01.41.161
7180,Microscope Flourescence,PERALATAN DAN MESIN,1.3.2.08.01.41.162
7181,Microscope Inverted,PERALATAN DAN MESIN,1.3.2.08.01.41.163
7182,Microscope Light,PERALATAN DAN MESIN,1.3.2.08.01.41.164
7183,Microscope Phase Contras,PERALATAN DAN MESIN,1.3.2.08.01.41.165
7184,Microscope Photomicrograph,PERALATAN DAN MESIN,1.3.2.08.01.41.166
7185,Microtone Cryostat,PERALATAN DAN MESIN,1.3.2.08.01.41.167
7186,Microwave Oven,PERALATAN DAN MESIN,1.3.2.08.01.41.168
7187,Milling Test,PERALATAN DAN MESIN,1.3.2.08.01.41.169
7188,Mixer (Alat Laboratorium Pertanian),PERALATAN DAN MESIN,1.3.2.08.01.41.170
7189,Model Pilot Plant,PERALATAN DAN MESIN,1.3.2.08.01.41.171
7190,Moisture Tester (Alat Laboratorium Pertanian),PERALATAN DAN MESIN,1.3.2.08.01.41.172
7191,Muffle Furnace,PERALATAN DAN MESIN,1.3.2.08.01.41.173
7192,Multi Channel Thermometer,PERALATAN DAN MESIN,1.3.2.08.01.41.174
7193,Multichannel Pippete Dispenser,PERALATAN DAN MESIN,1.3.2.08.01.41.175
7194,Near Infrared Reflectance,PERALATAN DAN MESIN,1.3.2.08.01.41.176
7195,Nematoda Separator,PERALATAN DAN MESIN,1.3.2.08.01.41.177
7196,Neuber Chamber (Cell Counter),PERALATAN DAN MESIN,1.3.2.08.01.41.178
7197,Neubeur Chamber,PERALATAN DAN MESIN,1.3.2.08.01.41.179
7198,Oilbath,PERALATAN DAN MESIN,1.3.2.08.01.41.180
7199,Operating Table+Overhead Light,PERALATAN DAN MESIN,1.3.2.08.01.41.181
7200,Orifice,PERALATAN DAN MESIN,1.3.2.08.01.41.182
7201,Oscilloscope,PERALATAN DAN MESIN,1.3.2.08.01.41.183
7202,Oven (Alat Laboratorium Pertanian),PERALATAN DAN MESIN,1.3.2.08.01.41.184
7203,Oxigenmeter,PERALATAN DAN MESIN,1.3.2.08.01.41.185
7204,Pasteurisasi Unit,PERALATAN DAN MESIN,1.3.2.08.01.41.186
7205,Pelleting Machine,PERALATAN DAN MESIN,1.3.2.08.01.41.187
7206,Penetrometer (Alat Laboratorium Pertanian),PERALATAN DAN MESIN,1.3.2.08.01.41.188
7207,Penggilingan Buah,PERALATAN DAN MESIN,1.3.2.08.01.41.189
7208,Penggilingan Tepung,PERALATAN DAN MESIN,1.3.2.08.01.41.190
7209,Penutup Botol,PERALATAN DAN MESIN,1.3.2.08.01.41.191
7210,Personal Computer,PERALATAN DAN MESIN,1.3.2.08.01.41.192
7211,PH Meter Digital,PERALATAN DAN MESIN,1.3.2.08.01.41.193
7212,PH Meter Portable,PERALATAN DAN MESIN,1.3.2.08.01.41.194
7213,Physicrometer,PERALATAN DAN MESIN,1.3.2.08.01.41.195
7214,Physicrometer Potensial,PERALATAN DAN MESIN,1.3.2.08.01.41.196
7215,Phytotron,PERALATAN DAN MESIN,1.3.2.08.01.41.197
7216,Pilot Tube,PERALATAN DAN MESIN,1.3.2.08.01.41.198
7217,Pippet Machine,PERALATAN DAN MESIN,1.3.2.08.01.41.199
7218,Planimeter (Alat Laboratorium Pertanian),PERALATAN DAN MESIN,1.3.2.08.01.41.200
7219,Plankton Net (Alat Laboratorium Pertanian),PERALATAN DAN MESIN,1.3.2.08.01.41.201
7220,Platform Ballance,PERALATAN DAN MESIN,1.3.2.08.01.41.202
7221,Polarimeter (Alat Laboratorium Pertanian),PERALATAN DAN MESIN,1.3.2.08.01.41.203
7222,Polihon,PERALATAN DAN MESIN,1.3.2.08.01.41.204
7223,Portable Pen Recorder,PERALATAN DAN MESIN,1.3.2.08.01.41.205
7224,Portable Spectroradiometic Research System,PERALATAN DAN MESIN,1.3.2.08.01.41.206
7225,Power Conditioner (Alat Laboratorium Pertanian),PERALATAN DAN MESIN,1.3.2.08.01.41.207
7226,Precooling Apparatus Froced Air,PERALATAN DAN MESIN,1.3.2.08.01.41.208
7227,Pressure Bomb,PERALATAN DAN MESIN,1.3.2.08.01.41.209
7228,Pressure Gauge (Alat Laboratorium Pertanian),PERALATAN DAN MESIN,1.3.2.08.01.41.210
7229,Prony Brake For Axle,PERALATAN DAN MESIN,1.3.2.08.01.41.211
7230,Prony Brake For PTO,PERALATAN DAN MESIN,1.3.2.08.01.41.212
7231,Pull Tipe Dinamometer,PERALATAN DAN MESIN,1.3.2.08.01.41.213
7232,Pulper,PERALATAN DAN MESIN,1.3.2.08.01.41.214
7233,Pump Testing Apparatus,PERALATAN DAN MESIN,1.3.2.08.01.41.215
7234,Pyrometer (Alat Laboratorium Pertanian),PERALATAN DAN MESIN,1.3.2.08.01.41.216
7235,Radiotrackin Micro Applycator,PERALATAN DAN MESIN,1.3.2.08.01.41.217
7236,Respirator (Alat Laboratorium Pertanian),PERALATAN DAN MESIN,1.3.2.08.01.41.218
7237,Respirometer,PERALATAN DAN MESIN,1.3.2.08.01.41.219
7238,Roll Meter,PERALATAN DAN MESIN,1.3.2.08.01.41.220
7239,Rotary Evaporator (Alat Laboratorium Pertanian),PERALATAN DAN MESIN,1.3.2.08.01.41.221
7240,Ruang Aklimatisasi,PERALATAN DAN MESIN,1.3.2.08.01.41.222
7241,Rubber Hardness Tester,PERALATAN DAN MESIN,1.3.2.08.01.41.223
7242,Rubber Moisture Tester,PERALATAN DAN MESIN,1.3.2.08.01.41.224
7243,Scale (Alat Laboratorium Pertanian),PERALATAN DAN MESIN,1.3.2.08.01.41.225
7244,Scanning Electron Microscope (SEM)/(TEM),PERALATAN DAN MESIN,1.3.2.08.01.41.226
7245,Seechi Disk,PERALATAN DAN MESIN,1.3.2.08.01.41.227
7246,Seed Divider,PERALATAN DAN MESIN,1.3.2.08.01.41.228
7247,Semen Dan Embrio Collection Device,PERALATAN DAN MESIN,1.3.2.08.01.41.229
7248,Shaker (Alat Laboratorium Pertanian),PERALATAN DAN MESIN,1.3.2.08.01.41.230
7249,Sharp Knife,PERALATAN DAN MESIN,1.3.2.08.01.41.231
7250,Siever,PERALATAN DAN MESIN,1.3.2.08.01.41.232
7251,Siro Kent Lamp,PERALATAN DAN MESIN,1.3.2.08.01.41.233
7252,Sistem Boiler,PERALATAN DAN MESIN,1.3.2.08.01.41.234
7253,Soil Bin,PERALATAN DAN MESIN,1.3.2.08.01.41.235
7254,Soil Hardness Tester,PERALATAN DAN MESIN,1.3.2.08.01.41.236
7255,Soil Hydrometer,PERALATAN DAN MESIN,1.3.2.08.01.41.237
7256,Soil Moisture Tester,PERALATAN DAN MESIN,1.3.2.08.01.41.238
7257,Solarimeter (Alat Laboratorium Pertanian),PERALATAN DAN MESIN,1.3.2.08.01.41.239
7258,Sosis Maker,PERALATAN DAN MESIN,1.3.2.08.01.41.240
7259,Sound Level Meter (Alat Laboratorium Pertanian),PERALATAN DAN MESIN,1.3.2.08.01.41.241
7260,Soxtec,PERALATAN DAN MESIN,1.3.2.08.01.41.242
7261,Soxtec System,PERALATAN DAN MESIN,1.3.2.08.01.41.243
7262,Spark Tes For Steel,PERALATAN DAN MESIN,1.3.2.08.01.41.244
7263,Spora Trap,PERALATAN DAN MESIN,1.3.2.08.01.41.245
7264,Sprayer,PERALATAN DAN MESIN,1.3.2.08.01.41.246
7265,Spring Ballance,PERALATAN DAN MESIN,1.3.2.08.01.41.247
7266,Spyral Probe,PERALATAN DAN MESIN,1.3.2.08.01.41.248
7267,Stabilizer/UPS,PERALATAN DAN MESIN,1.3.2.08.01.41.249
7268,Steam Boiler,PERALATAN DAN MESIN,1.3.2.08.01.41.250
7269,Steam Generator,PERALATAN DAN MESIN,1.3.2.08.01.41.251
7270,Steel Ruller,PERALATAN DAN MESIN,1.3.2.08.01.41.252
7271,Stelo Meter (Alat Laboratorium Pertanian),PERALATAN DAN MESIN,1.3.2.08.01.41.253
7272,Stereo Microscope (Alat Laboratorium Pertanian),PERALATAN DAN MESIN,1.3.2.08.01.41.254
7273,Sterilisator Kecil,PERALATAN DAN MESIN,1.3.2.08.01.41.255
7274,Stick Thermometer,PERALATAN DAN MESIN,1.3.2.08.01.41.256
7275,Stomacher,PERALATAN DAN MESIN,1.3.2.08.01.41.257
7276,Strain Amplifier,PERALATAN DAN MESIN,1.3.2.08.01.41.258
7277,Strain Gauge,PERALATAN DAN MESIN,1.3.2.08.01.41.259
7278,Superporometer,PERALATAN DAN MESIN,1.3.2.08.01.41.260
7279,Tachometer (Alat Laboratorium Pertanian),PERALATAN DAN MESIN,1.3.2.08.01.41.261
7280,Tape Meter,PERALATAN DAN MESIN,1.3.2.08.01.41.262
7281,Tendero Meter,PERALATAN DAN MESIN,1.3.2.08.01.41.263
7282,Tensiometer (Alat Laboratorium Pertanian),PERALATAN DAN MESIN,1.3.2.08.01.41.264
7283,Test Road,PERALATAN DAN MESIN,1.3.2.08.01.41.265
7284,Theodolite (Alat Laboratorium Pertanian),PERALATAN DAN MESIN,1.3.2.08.01.41.266
7285,Thermocycle,PERALATAN DAN MESIN,1.3.2.08.01.41.267
7286,Thermohidrometer,PERALATAN DAN MESIN,1.3.2.08.01.41.268
7287,Thermometer Digital (Alat Laboratorium Pertanian),PERALATAN DAN MESIN,1.3.2.08.01.41.269
7288,Thermometer Glass (Gelas),PERALATAN DAN MESIN,1.3.2.08.01.41.270
7289,Thermostatic Box,PERALATAN DAN MESIN,1.3.2.08.01.41.271
7290,Thermostatic Cabinet,PERALATAN DAN MESIN,1.3.2.08.01.41.272
7291,Timer Lab.,PERALATAN DAN MESIN,1.3.2.08.01.41.273
7292,Tintometer,PERALATAN DAN MESIN,1.3.2.08.01.41.274
7293,Tissue Block,PERALATAN DAN MESIN,1.3.2.08.01.41.275
7294,Tissue Grinder (Alat Laboratorium Pertanian),PERALATAN DAN MESIN,1.3.2.08.01.41.276
7295,Tissue Processor,PERALATAN DAN MESIN,1.3.2.08.01.41.277
7296,Tissue Tek,PERALATAN DAN MESIN,1.3.2.08.01.41.278
7297,Tlc Scanner,PERALATAN DAN MESIN,1.3.2.08.01.41.279
7298,Toploading Balance,PERALATAN DAN MESIN,1.3.2.08.01.41.280
7299,Torque Sensor,PERALATAN DAN MESIN,1.3.2.08.01.41.281
7300,Transducer Strain Indicator,PERALATAN DAN MESIN,1.3.2.08.01.41.282
7301,Transiluminator,PERALATAN DAN MESIN,1.3.2.08.01.41.283
7302,TS. Detektor,PERALATAN DAN MESIN,1.3.2.08.01.41.284
7303,Turbidimeter (Alat Laboratorium Pertanian),PERALATAN DAN MESIN,1.3.2.08.01.41.285
7304,UIV-VIS Spectrophotometer,PERALATAN DAN MESIN,1.3.2.08.01.41.286
7305,Ultra Centrifuge (Alat Laboratorium Pertanian),PERALATAN DAN MESIN,1.3.2.08.01.41.287
7306,Ultrasonic Cell Disrupter,PERALATAN DAN MESIN,1.3.2.08.01.41.288
7307,Ultra-X Moisture Meter,PERALATAN DAN MESIN,1.3.2.08.01.41.289
7308,Unit Ekstraksi,PERALATAN DAN MESIN,1.3.2.08.01.41.290
7309,Unit Filtrasi,PERALATAN DAN MESIN,1.3.2.08.01.41.291
7310,Unit Pengalengan,PERALATAN DAN MESIN,1.3.2.08.01.41.292
7311,Unit Pengering,PERALATAN DAN MESIN,1.3.2.08.01.41.293
7312,Unit Penggilingan,PERALATAN DAN MESIN,1.3.2.08.01.41.294
7313,Unit Sterilisasi,PERALATAN DAN MESIN,1.3.2.08.01.41.295
7314,Universal Counter (Alat Laboratorium Pertanian),PERALATAN DAN MESIN,1.3.2.08.01.41.296
7315,Uv-Vis Spectrophotometer,PERALATAN DAN MESIN,1.3.2.08.01.41.297
7316,Vaccum Tester,PERALATAN DAN MESIN,1.3.2.08.01.41.298
7317,Vacum Evaporator,PERALATAN DAN MESIN,1.3.2.08.01.41.299
7318,Variable Resistor,PERALATAN DAN MESIN,1.3.2.08.01.41.300
7319,Variable Speed,PERALATAN DAN MESIN,1.3.2.08.01.41.301
7320,Vernier Calliper (Alat Laboratorium Pertanian),PERALATAN DAN MESIN,1.3.2.08.01.41.302
7321,Vibrometer (Alat Laboratorium Pertanian),PERALATAN DAN MESIN,1.3.2.08.01.41.303
7322,Viscometer (Alat Laboratorium Pertanian),PERALATAN DAN MESIN,1.3.2.08.01.41.304
7323,Volumetric Glass,PERALATAN DAN MESIN,1.3.2.08.01.41.305
7324,Vortex Mixer,PERALATAN DAN MESIN,1.3.2.08.01.41.306
7325,Warburgh Apparatus,PERALATAN DAN MESIN,1.3.2.08.01.41.307
7326,Water Analysis Test Kitt,PERALATAN DAN MESIN,1.3.2.08.01.41.308
7327,Water Chiller Bath,PERALATAN DAN MESIN,1.3.2.08.01.41.309
7328,Water Deinozer,PERALATAN DAN MESIN,1.3.2.08.01.41.310
7329,Water Distilation Apparatus (Alat Laboratorium Pertanian),PERALATAN DAN MESIN,1.3.2.08.01.41.311
7330,Water Distilation Unit,PERALATAN DAN MESIN,1.3.2.08.01.41.312
7331,Water Distillation Purifier,PERALATAN DAN MESIN,1.3.2.08.01.41.313
7332,Water Inspector,PERALATAN DAN MESIN,1.3.2.08.01.41.314
7333,Water Pressure Pump Test,PERALATAN DAN MESIN,1.3.2.08.01.41.315
7334,Water Sampler (Alat Laboratorium Pertanian),PERALATAN DAN MESIN,1.3.2.08.01.41.316
7335,"Waterbath (Shake,Still)",PERALATAN DAN MESIN,1.3.2.08.01.41.317
7336,Watt Meter,PERALATAN DAN MESIN,1.3.2.08.01.41.318
7337,Whiteness Meter,PERALATAN DAN MESIN,1.3.2.08.01.41.319
7338,Whiteness Tester,PERALATAN DAN MESIN,1.3.2.08.01.41.320
7339,Willey Mill,PERALATAN DAN MESIN,1.3.2.08.01.41.321
7340,Winnowing Test,PERALATAN DAN MESIN,1.3.2.08.01.41.322
7341,Juicer,PERALATAN DAN MESIN,1.3.2.08.01.41.323
7342,Acid Bench,PERALATAN DAN MESIN,1.3.2.08.01.41.324
7343,Angle Rotor,PERALATAN DAN MESIN,1.3.2.08.01.41.325
7344,Aspirator,PERALATAN DAN MESIN,1.3.2.08.01.41.326
7345,Bio Mixer,PERALATAN DAN MESIN,1.3.2.08.01.41.327
7346,Boster,PERALATAN DAN MESIN,1.3.2.08.01.41.328
7347,Center Well,PERALATAN DAN MESIN,1.3.2.08.01.41.329
7348,Clean Bench,PERALATAN DAN MESIN,1.3.2.08.01.41.330
7349,Clean Both,PERALATAN DAN MESIN,1.3.2.08.01.41.331
7350,Deionized Water Purified,PERALATAN DAN MESIN,1.3.2.08.01.41.332
7351,Digestor Heating,PERALATAN DAN MESIN,1.3.2.08.01.41.333
7352,Dispenting Pressure Vessel,PERALATAN DAN MESIN,1.3.2.08.01.41.334
7353,Distulasi Pretreatment,PERALATAN DAN MESIN,1.3.2.08.01.41.335
7354,Electron Capture Detector,PERALATAN DAN MESIN,1.3.2.08.01.41.336
7355,Filling Sealing,PERALATAN DAN MESIN,1.3.2.08.01.41.337
7356,Inseminasi Gun,PERALATAN DAN MESIN,1.3.2.08.01.41.338
7357,Maxidigest,PERALATAN DAN MESIN,1.3.2.08.01.41.339
7358,New Tawing Kit,PERALATAN DAN MESIN,1.3.2.08.01.41.340
7359,Penyedot Asap Nitrogen,PERALATAN DAN MESIN,1.3.2.08.01.41.341
7360,Polymerase Chain Reactor,PERALATAN DAN MESIN,1.3.2.08.01.41.342
7361,Printing Machine,PERALATAN DAN MESIN,1.3.2.08.01.41.343
7362,Rostranning Stal,PERALATAN DAN MESIN,1.3.2.08.01.41.344
7363,Roller Tissue Culture Apparatus,PERALATAN DAN MESIN,1.3.2.08.01.41.345
7364,Stainless Steel Unline Filter,PERALATAN DAN MESIN,1.3.2.08.01.41.346
7365,The Nara Pulvirizing System,PERALATAN DAN MESIN,1.3.2.08.01.41.347
7366,Ultrapure Water Prod,PERALATAN DAN MESIN,1.3.2.08.01.41.348
7367,Ultrapure Water Making,PERALATAN DAN MESIN,1.3.2.08.01.41.349
7368,Ultra Turax,PERALATAN DAN MESIN,1.3.2.08.01.41.350
7369,Ultrasonic Probe Guide,PERALATAN DAN MESIN,1.3.2.08.01.41.351
7370,Ultrasonic Scanner,PERALATAN DAN MESIN,1.3.2.08.01.41.352
7371,Ultrasonic Washer,PERALATAN DAN MESIN,1.3.2.08.01.41.353
7372,Multi Drop,PERALATAN DAN MESIN,1.3.2.08.01.41.354
7373,Moisture Content Apparatus,PERALATAN DAN MESIN,1.3.2.08.01.41.355
7374,Alat CS2,PERALATAN DAN MESIN,1.3.2.08.01.41.356
7375,ultrasonic Generator,PERALATAN DAN MESIN,1.3.2.08.01.41.357
7376,Sieving Shaker,PERALATAN DAN MESIN,1.3.2.08.01.41.358
7377,Vaccum Filter Soloent,PERALATAN DAN MESIN,1.3.2.08.01.41.359
7378,Gas Controller,PERALATAN DAN MESIN,1.3.2.08.01.41.360
7379,Grafic Printer PR-1,PERALATAN DAN MESIN,1.3.2.08.01.41.361
7380,PH Eter,PERALATAN DAN MESIN,1.3.2.08.01.41.362
7381,Meter Toledo,PERALATAN DAN MESIN,1.3.2.08.01.41.363
7382,Filter Compressor,PERALATAN DAN MESIN,1.3.2.08.01.41.364
7383,Removal,PERALATAN DAN MESIN,1.3.2.08.01.41.365
7384,TLC Spreading Template,PERALATAN DAN MESIN,1.3.2.08.01.41.366
7385,Diagram Pump Single,PERALATAN DAN MESIN,1.3.2.08.01.41.367
7386,Multi Purpose Template,PERALATAN DAN MESIN,1.3.2.08.01.41.368
7387,Stage With 4 Independent,PERALATAN DAN MESIN,1.3.2.08.01.41.369
7388,Solid Carbon Biooxyde Dry Ice Producing,PERALATAN DAN MESIN,1.3.2.08.01.41.370
7389,Lab Jack Laboratory Supoet,PERALATAN DAN MESIN,1.3.2.08.01.41.371
7390,"Multi Purpose Stand, Light 100 Cm",PERALATAN DAN MESIN,1.3.2.08.01.41.372
7391,Dymo Laber Maker Kit,PERALATAN DAN MESIN,1.3.2.08.01.41.373
7392,Dry Ice Countiner,PERALATAN DAN MESIN,1.3.2.08.01.41.374
7393,Vin Intercol Timer With Alarm,PERALATAN DAN MESIN,1.3.2.08.01.41.375
7394,Heating Coil,PERALATAN DAN MESIN,1.3.2.08.01.41.376
7395,Timbangan O Dial,PERALATAN DAN MESIN,1.3.2.08.01.41.377
7396,Specify Gravity Balance System,PERALATAN DAN MESIN,1.3.2.08.01.41.378
7397,Direct reading Balance,PERALATAN DAN MESIN,1.3.2.08.01.41.379
7398,Electronic Reading Balance (Alat Laboratorium Pertanian),PERALATAN DAN MESIN,1.3.2.08.01.41.380
7399,Electronic Moisture Balance,PERALATAN DAN MESIN,1.3.2.08.01.41.381
7400,Electronic Analytical Balance (Alat Laboratorium Pertanian),PERALATAN DAN MESIN,1.3.2.08.01.41.382
7401,Multi Function Balance,PERALATAN DAN MESIN,1.3.2.08.01.41.383
7402,Spring Electronic Analis Balance,PERALATAN DAN MESIN,1.3.2.08.01.41.384
7403,Laboratory Sleving Machine,PERALATAN DAN MESIN,1.3.2.08.01.41.385
7404,Recorder Model Single Pen,PERALATAN DAN MESIN,1.3.2.08.01.41.386
7405,Grinder Machine,PERALATAN DAN MESIN,1.3.2.08.01.41.387
7406,Cutter Blender With 1000 Ml Gas jar,PERALATAN DAN MESIN,1.3.2.08.01.41.388
7407,Sera Moisture,PERALATAN DAN MESIN,1.3.2.08.01.41.389
7408,Blander SS,PERALATAN DAN MESIN,1.3.2.08.01.41.390
7409,Alat Pengukur Curah Hujan,PERALATAN DAN MESIN,1.3.2.08.01.41.391
7410,Alat Pengukur Cahaya,PERALATAN DAN MESIN,1.3.2.08.01.41.392
7411,Alat Pengukur Intensitas Cahaya,PERALATAN DAN MESIN,1.3.2.08.01.41.393
7412,Alat Pengukur Temperatur,PERALATAN DAN MESIN,1.3.2.08.01.41.394
7413,Alat Pengukur P.H. Tanah (Soil Tester),PERALATAN DAN MESIN,1.3.2.08.01.41.395
7414,Alat Pengambil Sample Tanah,PERALATAN DAN MESIN,1.3.2.08.01.41.396
7415,Rice,PERALATAN DAN MESIN,1.3.2.08.01.41.397
7416,Grindding Mill,PERALATAN DAN MESIN,1.3.2.08.01.41.398
7417,Volume Test,PERALATAN DAN MESIN,1.3.2.08.01.41.399
7418,Weight,PERALATAN DAN MESIN,1.3.2.08.01.41.400
7419,Straw Facture,PERALATAN DAN MESIN,1.3.2.08.01.41.401
7420,Falling Number,PERALATAN DAN MESIN,1.3.2.08.01.41.402
7421,Electrode Ph Meter,PERALATAN DAN MESIN,1.3.2.08.01.41.403
7422,Alat Penurun Kadar Air Madu,PERALATAN DAN MESIN,1.3.2.08.01.41.404
7423,Alat Pengolahan Pupuk Organik,PERALATAN DAN MESIN,1.3.2.08.01.41.405
7424,Peralatan Ubinan,PERALATAN DAN MESIN,1.3.2.08.01.41.406
7425,Rak Pengering,PERALATAN DAN MESIN,1.3.2.08.01.41.407
7426,Pengukur Kekerasan Biji,PERALATAN DAN MESIN,1.3.2.08.01.41.408
7427,Alat Pengepres Pengolahan Hasil Laut,PERALATAN DAN MESIN,1.3.2.08.01.41.409
7428,Mesin Pengering Rumput Laut,PERALATAN DAN MESIN,1.3.2.08.01.41.410
7429,Vertical Continue Sealing Machine,PERALATAN DAN MESIN,1.3.2.08.01.41.411
7430,alat laboratorium pertanian  lainnya (dst),PERALATAN DAN MESIN,1.3.2.08.01.41.412
7431,ALAT LABORATORIUM ELEKTRONIKA DAN DAYA,PERALATAN DAN MESIN,1.3.2.08.01.42.000
7432,Alat Ukur,PERALATAN DAN MESIN,1.3.2.08.01.42.001
7433,Perkakas,PERALATAN DAN MESIN,1.3.2.08.01.42.002
7434,alat laboratorium elektronika dan daya  lainnya (dst),PERALATAN DAN MESIN,1.3.2.08.01.42.003
7435,ALAT LABORATORIUM ENERGI SURYA,PERALATAN DAN MESIN,1.3.2.08.01.43.000
7436,Fotovol (Sel Surya),PERALATAN DAN MESIN,1.3.2.08.01.43.001
7437,Alat Pemanas Surya,PERALATAN DAN MESIN,1.3.2.08.01.43.002
7438,alat laboratorium energi surya  lainnya (dst),PERALATAN DAN MESIN,1.3.2.08.01.43.003
7439,ALAT LABORATORIUM KONVERSI BATUBARA DAN BIOMAS,PERALATAN DAN MESIN,1.3.2.08.01.44.000
7440,Alat Pembakaran,PERALATAN DAN MESIN,1.3.2.08.01.44.001
7441,Alat Pencairan,PERALATAN DAN MESIN,1.3.2.08.01.44.002
7442,Alat Glasifikasi,PERALATAN DAN MESIN,1.3.2.08.01.44.003
7443,alat laboratorium konversi batubara dan biomas  lainnya (dst),PERALATAN DAN MESIN,1.3.2.08.01.44.004
7444,ALAT LABORATORIUM OCEANOGRAFI,PERALATAN DAN MESIN,1.3.2.08.01.45.000
7445,Turbidity Meter,PERALATAN DAN MESIN,1.3.2.08.01.45.001
7446,Radio Activity Demonstrator,PERALATAN DAN MESIN,1.3.2.08.01.45.002
7447,Flow Analysis Sistem,PERALATAN DAN MESIN,1.3.2.08.01.45.003
7448,Saliniti Temperatir Depth Analyzer (STDA),PERALATAN DAN MESIN,1.3.2.08.01.45.004
7449,Protector,PERALATAN DAN MESIN,1.3.2.08.01.45.005
7450,Soil Tester,PERALATAN DAN MESIN,1.3.2.08.01.45.006
7451,Echo Sounder (Alat Laboratorium Oceanografi),PERALATAN DAN MESIN,1.3.2.08.01.45.007
7452,Bathytermograph,PERALATAN DAN MESIN,1.3.2.08.01.45.008
7453,Towing Depth Distance Recorder,PERALATAN DAN MESIN,1.3.2.08.01.45.009
7454,Temperature Salinity Deph Recorder,PERALATAN DAN MESIN,1.3.2.08.01.45.010
7455,Meter Whell,PERALATAN DAN MESIN,1.3.2.08.01.45.011
7456,Current Meter (Alat Laboratorium Oceanografi),PERALATAN DAN MESIN,1.3.2.08.01.45.012
7457,Theodolit,PERALATAN DAN MESIN,1.3.2.08.01.45.013
7458,Automatic Level,PERALATAN DAN MESIN,1.3.2.08.01.45.014
7459,Alidade Plane Table,PERALATAN DAN MESIN,1.3.2.08.01.45.015
7460,Panthograph,PERALATAN DAN MESIN,1.3.2.08.01.45.016
7461,Tidal Gauge,PERALATAN DAN MESIN,1.3.2.08.01.45.017
7462,Balance Analitical Electric,PERALATAN DAN MESIN,1.3.2.08.01.45.018
7463,Thermometer Unprotected,PERALATAN DAN MESIN,1.3.2.08.01.45.019
7464,Thermometer Protected,PERALATAN DAN MESIN,1.3.2.08.01.45.020
7465,Wave Height Recoeder,PERALATAN DAN MESIN,1.3.2.08.01.45.021
7466,Angel Meter,PERALATAN DAN MESIN,1.3.2.08.01.45.022
7467,Kompas (Alat Laboratorium Oceanografi),PERALATAN DAN MESIN,1.3.2.08.01.45.023
7468,Stereoscope,PERALATAN DAN MESIN,1.3.2.08.01.45.024
7469,Tabung Nansen,PERALATAN DAN MESIN,1.3.2.08.01.45.025
7470,Phleger Correr,PERALATAN DAN MESIN,1.3.2.08.01.45.026
7471,Hand Auger Kit,PERALATAN DAN MESIN,1.3.2.08.01.45.027
7472,Point Integrated Suspended Sampler,PERALATAN DAN MESIN,1.3.2.08.01.45.028
7473,Tabung Nisken,PERALATAN DAN MESIN,1.3.2.08.01.45.029
7474,Stainless Steel Wire,PERALATAN DAN MESIN,1.3.2.08.01.45.030
7475,Hot Plate Stirrer,PERALATAN DAN MESIN,1.3.2.08.01.45.031
7476,Sieve Shaker (Alat Laboratorium Oceanografi),PERALATAN DAN MESIN,1.3.2.08.01.45.032
7477,Cutting Machine,PERALATAN DAN MESIN,1.3.2.08.01.45.033
7478,Distilling Aquametri Apparatus,PERALATAN DAN MESIN,1.3.2.08.01.45.034
7479,De Lux 2 Speed Horizontal Lapidary,PERALATAN DAN MESIN,1.3.2.08.01.45.035
7480,Combination Lapidary,PERALATAN DAN MESIN,1.3.2.08.01.45.036
7481,Diamond Saw,PERALATAN DAN MESIN,1.3.2.08.01.45.037
7482,Direct Shear Test Set,PERALATAN DAN MESIN,1.3.2.08.01.45.038
7483,alat laboratorium oceanografi  lainnya (dst),PERALATAN DAN MESIN,1.3.2.08.01.45.039
7484,ALAT LABORATORIUM LINGKUNGAN PERAIRAN,PERALATAN DAN MESIN,1.3.2.08.01.46.000
7485,Flourometer,PERALATAN DAN MESIN,1.3.2.08.01.46.001
7486,Water Quality Checker,PERALATAN DAN MESIN,1.3.2.08.01.46.002
7487,Disolved Oksigen Analyzer,PERALATAN DAN MESIN,1.3.2.08.01.46.003
7488,Atomic Absorption Spectrophotometer (AAS) (Alat Lab. L. Perairan),PERALATAN DAN MESIN,1.3.2.08.01.46.004
7489,Liquid Scantilation Counter,PERALATAN DAN MESIN,1.3.2.08.01.46.005
7490,Conductivity Salinity Analyzer,PERALATAN DAN MESIN,1.3.2.08.01.46.006
7491,Under Water Irradiameter,PERALATAN DAN MESIN,1.3.2.08.01.46.007
7492,Liqor Light Meter,PERALATAN DAN MESIN,1.3.2.08.01.46.008
7493,Radio Meter (Alat Laboratorium Lingkungan Perairan),PERALATAN DAN MESIN,1.3.2.08.01.46.009
7494,Gas Chromatograph Mass Spectrometer System (GCMSS),PERALATAN DAN MESIN,1.3.2.08.01.46.010
7495,Gas Chromatograph (GC),PERALATAN DAN MESIN,1.3.2.08.01.46.011
7496,Deph Flow Temperature Continous Recorder (DFTCR),PERALATAN DAN MESIN,1.3.2.08.01.46.012
7497,Lux Meter (Alat Laboratorium Lingkungan Perairan),PERALATAN DAN MESIN,1.3.2.08.01.46.013
7498,Spiegel Relascope,PERALATAN DAN MESIN,1.3.2.08.01.46.014
7499,Zoo Bell Sampler Bacteriological,PERALATAN DAN MESIN,1.3.2.08.01.46.015
7500,Tabung Van Dorn,PERALATAN DAN MESIN,1.3.2.08.01.46.016
7501,Light Weight Hand Winch With Boom,PERALATAN DAN MESIN,1.3.2.08.01.46.017
7502,Productivity Kit,PERALATAN DAN MESIN,1.3.2.08.01.46.018
7503,Bak Aquarium,PERALATAN DAN MESIN,1.3.2.08.01.46.019
7504,Bak Porselin,PERALATAN DAN MESIN,1.3.2.08.01.46.020
7505,Bak Kultivasi,PERALATAN DAN MESIN,1.3.2.08.01.46.021
7506,Cage Net,PERALATAN DAN MESIN,1.3.2.08.01.46.022
7507,Six Place Hydromanifolds,PERALATAN DAN MESIN,1.3.2.08.01.46.023
7508,Laminar Air Flow Cabinet,PERALATAN DAN MESIN,1.3.2.08.01.46.024
7509,Rod Blower,PERALATAN DAN MESIN,1.3.2.08.01.46.025
7510,Tissue Grinder (Alat Laboratorium Lingkungan Perairan),PERALATAN DAN MESIN,1.3.2.08.01.46.026
7511,Liquid Dispenser,PERALATAN DAN MESIN,1.3.2.08.01.46.027
7512,Rotation Evaporating,PERALATAN DAN MESIN,1.3.2.08.01.46.028
7513,alat laboratorium lingkungan perairan  lainnya (dst),PERALATAN DAN MESIN,1.3.2.08.01.46.029
7514,ALAT LABORATORIUM BIOLOGI PERAIRAN,PERALATAN DAN MESIN,1.3.2.08.01.47.000
7515,Triple Beam Balance,PERALATAN DAN MESIN,1.3.2.08.01.47.001
7516,Under Water Camera,PERALATAN DAN MESIN,1.3.2.08.01.47.002
7517,Grab Bottom Sampler,PERALATAN DAN MESIN,1.3.2.08.01.47.003
7518,Alat Selam,PERALATAN DAN MESIN,1.3.2.08.01.47.004
7519,Disecting Apparatus (Alat Laboratorium Biologi Perairan),PERALATAN DAN MESIN,1.3.2.08.01.47.005
7520,alat laboratorium biologi perairan  lainnya (dst),PERALATAN DAN MESIN,1.3.2.08.01.47.006
7521,ALAT LABORATORIUM BIOLOGI,PERALATAN DAN MESIN,1.3.2.08.01.48.000
7522,N2 Distalation Unit,PERALATAN DAN MESIN,1.3.2.08.01.48.001
7523,Ultra Data System,PERALATAN DAN MESIN,1.3.2.08.01.48.002
7524,Tromol Herbarium,PERALATAN DAN MESIN,1.3.2.08.01.48.003
7525,Aquarium (Alat Laboratorium Biologi),PERALATAN DAN MESIN,1.3.2.08.01.48.004
7526,Alat Perangkap Binatang,PERALATAN DAN MESIN,1.3.2.08.01.48.005
7527,Alat Perekat Alumunium Foil,PERALATAN DAN MESIN,1.3.2.08.01.48.006
7528,Counting Cel,PERALATAN DAN MESIN,1.3.2.08.01.48.007
7529,Emulsifier,PERALATAN DAN MESIN,1.3.2.08.01.48.008
7530,Licht Back,PERALATAN DAN MESIN,1.3.2.08.01.48.009
7531,Area Meter,PERALATAN DAN MESIN,1.3.2.08.01.48.010
7532,Automatic Absor Spection,PERALATAN DAN MESIN,1.3.2.08.01.48.011
7533,Desaltor,PERALATAN DAN MESIN,1.3.2.08.01.48.012
7534,Automatic Area Meter,PERALATAN DAN MESIN,1.3.2.08.01.48.013
7535,alat laboratorium biologi  lainnya (dst),PERALATAN DAN MESIN,1.3.2.08.01.48.014
7536,ALAT LABORATORIUM GEOFISIKA,PERALATAN DAN MESIN,1.3.2.08.01.49.000
7537,Land Gravity Meter,PERALATAN DAN MESIN,1.3.2.08.01.49.001
7538,Self Potensial,PERALATAN DAN MESIN,1.3.2.08.01.49.002
7539,Electric Current Meter,PERALATAN DAN MESIN,1.3.2.08.01.49.003
7540,Physical Property,PERALATAN DAN MESIN,1.3.2.08.01.49.004
7541,Automatic Point Counter,PERALATAN DAN MESIN,1.3.2.08.01.49.005
7542,Abem Sounding Cable,PERALATAN DAN MESIN,1.3.2.08.01.49.006
7543,Densitylog Module,PERALATAN DAN MESIN,1.3.2.08.01.49.007
7544,Portable Digital Fluxgate Magnetometer,PERALATAN DAN MESIN,1.3.2.08.01.49.008
7545,Digital Thermometer,PERALATAN DAN MESIN,1.3.2.08.01.49.009
7546,Tester Kit,PERALATAN DAN MESIN,1.3.2.08.01.49.010
7547,Vane Tester,PERALATAN DAN MESIN,1.3.2.08.01.49.011
7548,Circuit Tester (Alat Laboratorium Geofisika),PERALATAN DAN MESIN,1.3.2.08.01.49.012
7549,Moisture Content Tester,PERALATAN DAN MESIN,1.3.2.08.01.49.013
7550,Magnetometer,PERALATAN DAN MESIN,1.3.2.08.01.49.014
7551,Geolistrik,PERALATAN DAN MESIN,1.3.2.08.01.49.015
7552,Meicrobarometer,PERALATAN DAN MESIN,1.3.2.08.01.49.016
7553,Seismograph (Alat Laboratorium Geofisika),PERALATAN DAN MESIN,1.3.2.08.01.49.017
7554,Proton Magnetometer Geometric,PERALATAN DAN MESIN,1.3.2.08.01.49.018
7555,Abem Terrain Meter,PERALATAN DAN MESIN,1.3.2.08.01.49.019
7556,Portable Baoreholelogger,PERALATAN DAN MESIN,1.3.2.08.01.49.020
7557,alat laboratorium geofisika  lainnya (dst),PERALATAN DAN MESIN,1.3.2.08.01.49.021
7558,ALAT LABORATORIUM TAMBANG,PERALATAN DAN MESIN,1.3.2.08.01.50.000
7559,Flotasion Machine,PERALATAN DAN MESIN,1.3.2.08.01.50.001
7560,Lab. Selective Mineral,PERALATAN DAN MESIN,1.3.2.08.01.50.002
7561,Lab. Jar Mill,PERALATAN DAN MESIN,1.3.2.08.01.50.003
7562,Magn. Tube Test,PERALATAN DAN MESIN,1.3.2.08.01.50.004
7563,Sparator High,PERALATAN DAN MESIN,1.3.2.08.01.50.005
7564,Pulvarezer,PERALATAN DAN MESIN,1.3.2.08.01.50.006
7565,Slurry Mixer,PERALATAN DAN MESIN,1.3.2.08.01.50.007
7566,Speciment Mount Press,PERALATAN DAN MESIN,1.3.2.08.01.50.008
7567,Graverkit,PERALATAN DAN MESIN,1.3.2.08.01.50.009
7568,Sample Holder,PERALATAN DAN MESIN,1.3.2.08.01.50.010
7569,Iron M. Wheel,PERALATAN DAN MESIN,1.3.2.08.01.50.011
7570,Coper Wheel,PERALATAN DAN MESIN,1.3.2.08.01.50.012
7571,Strain Gouge Indicator,PERALATAN DAN MESIN,1.3.2.08.01.50.013
7572,Gas Scruber,PERALATAN DAN MESIN,1.3.2.08.01.50.014
7573,Shear Strenght,PERALATAN DAN MESIN,1.3.2.08.01.50.015
7574,Milling Unit,PERALATAN DAN MESIN,1.3.2.08.01.50.016
7575,alat laboratorium tambang  lainnya (dst),PERALATAN DAN MESIN,1.3.2.08.01.50.017
7576,ALAT LABORATORIUM PROSES/TEKNIK KIMIA,PERALATAN DAN MESIN,1.3.2.08.01.51.000
7577,Bucket Elevator,PERALATAN DAN MESIN,1.3.2.08.01.51.001
7578,S I L O,PERALATAN DAN MESIN,1.3.2.08.01.51.002
7579,Extruder Cooker,PERALATAN DAN MESIN,1.3.2.08.01.51.003
7580,Bin Outlet Feeding,PERALATAN DAN MESIN,1.3.2.08.01.51.004
7581,Spray Dryer,PERALATAN DAN MESIN,1.3.2.08.01.51.005
7582,Rotary Dryer,PERALATAN DAN MESIN,1.3.2.08.01.51.006
7583,Rotary Coler,PERALATAN DAN MESIN,1.3.2.08.01.51.007
7584,Vibrating Screen (Alat Laboratorium Proses/teknik Kimia),PERALATAN DAN MESIN,1.3.2.08.01.51.008
7585,Tungku,PERALATAN DAN MESIN,1.3.2.08.01.51.009
7586,Cyclon,PERALATAN DAN MESIN,1.3.2.08.01.51.010
7587,Disk Mill,PERALATAN DAN MESIN,1.3.2.08.01.51.011
7588,Flavour Apikator,PERALATAN DAN MESIN,1.3.2.08.01.51.012
7589,Bagging Conveyor,PERALATAN DAN MESIN,1.3.2.08.01.51.013
7590,Macerator,PERALATAN DAN MESIN,1.3.2.08.01.51.014
7591,Bag Closer,PERALATAN DAN MESIN,1.3.2.08.01.51.015
7592,Sterilizer (Alat Laboratorium Proses/teknik Kimia),PERALATAN DAN MESIN,1.3.2.08.01.51.016
7593,Packaging Machine,PERALATAN DAN MESIN,1.3.2.08.01.51.017
7594,Cracking Machine,PERALATAN DAN MESIN,1.3.2.08.01.51.018
7595,Dehuling Machine,PERALATAN DAN MESIN,1.3.2.08.01.51.019
7596,Homogenizer (Alat Laboratorium Proses/teknik Kimia),PERALATAN DAN MESIN,1.3.2.08.01.51.020
7597,Crystallizer,PERALATAN DAN MESIN,1.3.2.08.01.51.021
7598,Gentong Plastik,PERALATAN DAN MESIN,1.3.2.08.01.51.022
7599,Drum Stainless Steel,PERALATAN DAN MESIN,1.3.2.08.01.51.023
7600,Wash Bak,PERALATAN DAN MESIN,1.3.2.08.01.51.024
7601,Fermentor (Alat Laboratorium Proses/teknik Kimia),PERALATAN DAN MESIN,1.3.2.08.01.51.025
7602,Humadity Chamber (Alat Laboratorium Proses/teknik Kimia),PERALATAN DAN MESIN,1.3.2.08.01.51.026
7603,Pressure Vessel (Alat Laboratorium Proses/teknik Kimia),PERALATAN DAN MESIN,1.3.2.08.01.51.027
7604,Retort (Alat Laboratorium Proses/teknik Kimia),PERALATAN DAN MESIN,1.3.2.08.01.51.028
7605,Tangki Pemanas,PERALATAN DAN MESIN,1.3.2.08.01.51.029
7606,Economical Wiley Cutting Mill,PERALATAN DAN MESIN,1.3.2.08.01.51.030
7607,BIN Modul,PERALATAN DAN MESIN,1.3.2.08.01.51.031
7608,alat laboratorium proses/teknik kimia  lainnya (dst),PERALATAN DAN MESIN,1.3.2.08.01.51.032
7609,ALAT LABORATORIUM PROSES INDUSTRI,PERALATAN DAN MESIN,1.3.2.08.01.52.000
7610,Actuator,PERALATAN DAN MESIN,1.3.2.08.01.52.001
7611,Controller Tekanan,PERALATAN DAN MESIN,1.3.2.08.01.52.002
7612,Controller Level,PERALATAN DAN MESIN,1.3.2.08.01.52.003
7613,Controller Temperature,PERALATAN DAN MESIN,1.3.2.08.01.52.004
7614,Controller Flow,PERALATAN DAN MESIN,1.3.2.08.01.52.005
7615,Controller PH,PERALATAN DAN MESIN,1.3.2.08.01.52.006
7616,Converter / Transducer,PERALATAN DAN MESIN,1.3.2.08.01.52.007
7617,Indicator,PERALATAN DAN MESIN,1.3.2.08.01.52.008
7618,Transmitter,PERALATAN DAN MESIN,1.3.2.08.01.52.009
7619,Linier Actuator,PERALATAN DAN MESIN,1.3.2.08.01.52.010
7620,alat laboratorium proses industri  lainnya (dst),PERALATAN DAN MESIN,1.3.2.08.01.52.011
7621,ALAT LABORATORIUM KESEHATAN KERJA,PERALATAN DAN MESIN,1.3.2.08.01.53.000
7622,Mobile Lab. Met System Data Logger,PERALATAN DAN MESIN,1.3.2.08.01.53.001
7623,Mobile Lab. Met System Software Start,PERALATAN DAN MESIN,1.3.2.08.01.53.002
7624,Mobile Lab. Met System Software Ramgen,PERALATAN DAN MESIN,1.3.2.08.01.53.003
7625,Mobile Lab. Met System Instrumen Stand,PERALATAN DAN MESIN,1.3.2.08.01.53.004
7626,Mobile Lab. Met System Lockable Housing,PERALATAN DAN MESIN,1.3.2.08.01.53.005
7627,Mobile Lab. Met System Sands Shelter & Test Book,PERALATAN DAN MESIN,1.3.2.08.01.53.006
7628,Mobile Lab. Met System Solar Power Panel,PERALATAN DAN MESIN,1.3.2.08.01.53.007
7629,Mobile Lab. Met System Barometrik Pressure Sens,PERALATAN DAN MESIN,1.3.2.08.01.53.008
7630,Mobile Lab. Met System Solar Radiation Sensor,PERALATAN DAN MESIN,1.3.2.08.01.53.009
7631,Mobile Lab. Met System Air Temp. Sensor,PERALATAN DAN MESIN,1.3.2.08.01.53.010
7632,Mobile Lab. Met System Wind Direction Sensor,PERALATAN DAN MESIN,1.3.2.08.01.53.011
7633,Mobile Lab. Met System Wind Speed Sensor,PERALATAN DAN MESIN,1.3.2.08.01.53.012
7634,Mobile Lab. Met System UV Radiation Sensor,PERALATAN DAN MESIN,1.3.2.08.01.53.013
7635,Mobile Lab. Met System Consumables,PERALATAN DAN MESIN,1.3.2.08.01.53.014
7636,Mobile Lab. High Volume Air Sampler,PERALATAN DAN MESIN,1.3.2.08.01.53.015
7637,Mobile Lab. High Volume Air Sampler Filter,PERALATAN DAN MESIN,1.3.2.08.01.53.016
7638,Mobile Lab. High Volume Air Sampler Calibrator,PERALATAN DAN MESIN,1.3.2.08.01.53.017
7639,Mobile Lab. High Volume Air Sampler Consumabler,PERALATAN DAN MESIN,1.3.2.08.01.53.018
7640,Mobile Lab. Source Sampling System,PERALATAN DAN MESIN,1.3.2.08.01.53.019
7641,Mobile Lab. S. S. S. Accerosies,PERALATAN DAN MESIN,1.3.2.08.01.53.020
7642,Mobile Lab. S. S. S. Method 5 Glassawer,PERALATAN DAN MESIN,1.3.2.08.01.53.021
7643,Mobile Lab. S. S. S. Transport Case,PERALATAN DAN MESIN,1.3.2.08.01.53.022
7644,Mobile Lab. S. S. S. Manuals,PERALATAN DAN MESIN,1.3.2.08.01.53.023
7645,Mobile Lab. Dust Respirator (Sepatu Safety),PERALATAN DAN MESIN,1.3.2.08.01.53.024
7646,Mobile Lab. Safety Hard Hats (Topi Safety),PERALATAN DAN MESIN,1.3.2.08.01.53.025
7647,Mobile Lab. Safety Footwear,PERALATAN DAN MESIN,1.3.2.08.01.53.026
7648,"Mobile Lab. Safety Goggles, Gloves",PERALATAN DAN MESIN,1.3.2.08.01.53.027
7649,Mobile Lab. Temperature Meter Field,PERALATAN DAN MESIN,1.3.2.08.01.53.028
7650,Mobile Lab. Conduct/Salinity/Temp. Meter Field,PERALATAN DAN MESIN,1.3.2.08.01.53.029
7651,Mobile Lab. Conduct/Salinity/Temp. Meter Consumable,PERALATAN DAN MESIN,1.3.2.08.01.53.030
7652,Mobile Lab. Ph Meter Field,PERALATAN DAN MESIN,1.3.2.08.01.53.031
7653,Mobile Lab. Tubidity Meter Field,PERALATAN DAN MESIN,1.3.2.08.01.53.032
7654,Mobile Lab. Dissolved Oxygen Meter Field,PERALATAN DAN MESIN,1.3.2.08.01.53.033
7655,Mobile Lab. Dissolved Oxygen And Temp. Electrode,PERALATAN DAN MESIN,1.3.2.08.01.53.034
7656,Mobile Lab. Dissolved Oxygen Meter Consumable,PERALATAN DAN MESIN,1.3.2.08.01.53.035
7657,Mobile Lab. Bod Bottle Whith Stop 300 ml,PERALATAN DAN MESIN,1.3.2.08.01.53.036
7658,Mobile Lab. Portable Refrigerator,PERALATAN DAN MESIN,1.3.2.08.01.53.037
7659,Mobile Lab. Grab Sampler,PERALATAN DAN MESIN,1.3.2.08.01.53.038
7660,Mobile Lab. Spare Bottles For Grab Samplers,PERALATAN DAN MESIN,1.3.2.08.01.53.039
7661,Mobile Lab. Well Bailer,PERALATAN DAN MESIN,1.3.2.08.01.53.040
7662,Mobile Lab. Suspension Cord. Well Bailer Teflon,PERALATAN DAN MESIN,1.3.2.08.01.53.041
7663,Mobile Lab. Schott Bottels 1 Litre,PERALATAN DAN MESIN,1.3.2.08.01.53.042
7664,Mobile Lab. Polytethylene Sample Bottles,PERALATAN DAN MESIN,1.3.2.08.01.53.043
7665,Mobile Lab. Power Generator,PERALATAN DAN MESIN,1.3.2.08.01.53.044
7666,Mobile Lab. Instrument Transport Cases,PERALATAN DAN MESIN,1.3.2.08.01.53.045
7667,Mobile Lab. Horizontal Sampler,PERALATAN DAN MESIN,1.3.2.08.01.53.046
7668,Mobile Lab. Vertical Sampler,PERALATAN DAN MESIN,1.3.2.08.01.53.047
7669,Mobile Lab. Boiler Water,PERALATAN DAN MESIN,1.3.2.08.01.53.048
7670,Mobile Lab. Laboratory Vehicle,PERALATAN DAN MESIN,1.3.2.08.01.53.049
7671,Laboratory Benching Regionals,PERALATAN DAN MESIN,1.3.2.08.01.53.050
7672,Laboratory Instrument Cabinet,PERALATAN DAN MESIN,1.3.2.08.01.53.051
7673,Laboratory Air Conditioner 1 HP,PERALATAN DAN MESIN,1.3.2.08.01.53.052
7674,"Laboratory Air Conditioner 1,50 HP",PERALATAN DAN MESIN,1.3.2.08.01.53.053
7675,Laboratory Water Pressurising Systems,PERALATAN DAN MESIN,1.3.2.08.01.53.054
7676,Laboratory Emergency Shower/Eyewash,PERALATAN DAN MESIN,1.3.2.08.01.53.055
7677,Laboratory Fridge/Freezer,PERALATAN DAN MESIN,1.3.2.08.01.53.056
7678,Laboratory Flammable Storage Cabinets,PERALATAN DAN MESIN,1.3.2.08.01.53.057
7679,Laboratory Acid Storage Cupboard,PERALATAN DAN MESIN,1.3.2.08.01.53.058
7680,Laboratory Incubator,PERALATAN DAN MESIN,1.3.2.08.01.53.059
7681,Laboratory Bench Stand,PERALATAN DAN MESIN,1.3.2.08.01.53.060
7682,Laboratory Blender Warning,PERALATAN DAN MESIN,1.3.2.08.01.53.061
7683,Laboratory Hardware-General Items Standards Pack,PERALATAN DAN MESIN,1.3.2.08.01.53.062
7684,Laboratory Safety Manual,PERALATAN DAN MESIN,1.3.2.08.01.53.063
7685,Laboratory Chemical Pack Standards,PERALATAN DAN MESIN,1.3.2.08.01.53.064
7686,alat laboratorium kesehatan kerja  lainnya (dst),PERALATAN DAN MESIN,1.3.2.08.01.53.065
7687,LABORATORIUM KEARSIPAN,PERALATAN DAN MESIN,1.3.2.08.01.54.000
7688,Mangkok Porselin,PERALATAN DAN MESIN,1.3.2.08.01.54.001
7689,Gogglas,PERALATAN DAN MESIN,1.3.2.08.01.54.002
7690,Respirator (Laboratorium Kearsipan),PERALATAN DAN MESIN,1.3.2.08.01.54.003
7691,Cawan Porselin,PERALATAN DAN MESIN,1.3.2.08.01.54.004
7692,Lumpang Keramik,PERALATAN DAN MESIN,1.3.2.08.01.54.005
7693,Elektrode,PERALATAN DAN MESIN,1.3.2.08.01.54.006
7694,Filter Photo Meter,PERALATAN DAN MESIN,1.3.2.08.01.54.007
7695,Vacum Destilator,PERALATAN DAN MESIN,1.3.2.08.01.54.008
7696,Kaki Tiga,PERALATAN DAN MESIN,1.3.2.08.01.54.009
7697,Rustrak Recorders,PERALATAN DAN MESIN,1.3.2.08.01.54.010
7698,Petri Dishes,PERALATAN DAN MESIN,1.3.2.08.01.54.011
7699,Bulb,PERALATAN DAN MESIN,1.3.2.08.01.54.012
7700,Statip,PERALATAN DAN MESIN,1.3.2.08.01.54.013
7701,Tempat Prepara,PERALATAN DAN MESIN,1.3.2.08.01.54.014
7702,Time Control,PERALATAN DAN MESIN,1.3.2.08.01.54.015
7703,Eye Wash,PERALATAN DAN MESIN,1.3.2.08.01.54.016
7704,Thermograph (Laboratorium Kearsipan),PERALATAN DAN MESIN,1.3.2.08.01.54.017
7705,Tang,PERALATAN DAN MESIN,1.3.2.08.01.54.018
7706,Timer (Laboratorium Kearsipan),PERALATAN DAN MESIN,1.3.2.08.01.54.019
7707,Visco Meter Tubes,PERALATAN DAN MESIN,1.3.2.08.01.54.020
7708,Elemen,PERALATAN DAN MESIN,1.3.2.08.01.54.021
7709,Kawat Kasa,PERALATAN DAN MESIN,1.3.2.08.01.54.022
7710,Klem (Laboratorium Kearsipan),PERALATAN DAN MESIN,1.3.2.08.01.54.023
7711,laboratorium kearsipan  lainnya (dst),PERALATAN DAN MESIN,1.3.2.08.01.54.024
7712,LABORATORIUM HEMATOLOGI DAN URINALISIS,PERALATAN DAN MESIN,1.3.2.08.01.55.000
7713,Centrifuge Heamatocrite,PERALATAN DAN MESIN,1.3.2.08.01.55.001
7714,Haemocitometer,PERALATAN DAN MESIN,1.3.2.08.01.55.002
7715,Prothombin Meter,PERALATAN DAN MESIN,1.3.2.08.01.55.003
7716,Heamtology Analyzer,PERALATAN DAN MESIN,1.3.2.08.01.55.004
7717,Chemistry Analyzer,PERALATAN DAN MESIN,1.3.2.08.01.55.005
7718,Coagulation Timer (Laboratorium Hematologi & Urinalisis),PERALATAN DAN MESIN,1.3.2.08.01.55.006
7719,Laboratory Refrigerator,PERALATAN DAN MESIN,1.3.2.08.01.55.007
7720,Rotator Shaker (Laboratorium Hematologi & Urinalisis),PERALATAN DAN MESIN,1.3.2.08.01.55.008
7721,Hb. Meter,PERALATAN DAN MESIN,1.3.2.08.01.55.009
7722,Washing Instrument (Laboratorium Hematologi & Urinalisis),PERALATAN DAN MESIN,1.3.2.08.01.55.010
7723,Dry Sterilizer,PERALATAN DAN MESIN,1.3.2.08.01.55.011
7724,Cystology Centrifuge,PERALATAN DAN MESIN,1.3.2.08.01.55.012
7725,Steam Sterilizer (Laboratorium Hematologi & Urinalisis),PERALATAN DAN MESIN,1.3.2.08.01.55.013
7726,Ultrasonic Cleaner (Laboratorium Hematologi & Urinalisis),PERALATAN DAN MESIN,1.3.2.08.01.55.014
7727,Micro Plate Reader,PERALATAN DAN MESIN,1.3.2.08.01.55.015
7728,Outomatic Microplate Laser,PERALATAN DAN MESIN,1.3.2.08.01.55.016
7729,Osmometer (Laboratorium Hematologi & Urinalisis),PERALATAN DAN MESIN,1.3.2.08.01.55.017
7730,Altifity Water Meter,PERALATAN DAN MESIN,1.3.2.08.01.55.018
7731,Oxigenmeter,PERALATAN DAN MESIN,1.3.2.08.01.55.019
7732,Alat Reasifikasi,PERALATAN DAN MESIN,1.3.2.08.01.55.020
7733,Sample Consetrator,PERALATAN DAN MESIN,1.3.2.08.01.55.021
7734,Alat Detruksi,PERALATAN DAN MESIN,1.3.2.08.01.55.022
7735,Universal Noister Tesater,PERALATAN DAN MESIN,1.3.2.08.01.55.023
7736,Grinder Ciclotek,PERALATAN DAN MESIN,1.3.2.08.01.55.024
7737,Handy Aspirator,PERALATAN DAN MESIN,1.3.2.08.01.55.025
7738,Tabung Centrifugal,PERALATAN DAN MESIN,1.3.2.08.01.55.026
7739,Kolom Fraksinasi,PERALATAN DAN MESIN,1.3.2.08.01.55.027
7740,Detector HPLC,PERALATAN DAN MESIN,1.3.2.08.01.55.028
7741,Electric Counter Fryer,PERALATAN DAN MESIN,1.3.2.08.01.55.029
7742,Testtoterm,PERALATAN DAN MESIN,1.3.2.08.01.55.030
7743,Conmotector,PERALATAN DAN MESIN,1.3.2.08.01.55.031
7744,Hallow Cathode Lamp,PERALATAN DAN MESIN,1.3.2.08.01.55.032
7745,Destilasi Bertingkat,PERALATAN DAN MESIN,1.3.2.08.01.55.033
7746,Heating Mantle,PERALATAN DAN MESIN,1.3.2.08.01.55.034
7747,Anak Timbangan,PERALATAN DAN MESIN,1.3.2.08.01.55.035
7748,Wastle Water Terster,PERALATAN DAN MESIN,1.3.2.08.01.55.036
7749,Alat Kalibrasi Thermometer,PERALATAN DAN MESIN,1.3.2.08.01.55.037
7750,Cawan Kwarsa,PERALATAN DAN MESIN,1.3.2.08.01.55.038
7751,Scuber Unit,PERALATAN DAN MESIN,1.3.2.08.01.55.039
7752,laboratorium hematologi dan urinalisis   lainnya (dst),PERALATAN DAN MESIN,1.3.2.08.01.55.041
7753,ALAT LABORATORIUM LAIN,PERALATAN DAN MESIN,1.3.2.08.01.56.000
7754,Electrostatic Tester,PERALATAN DAN MESIN,1.3.2.08.01.56.001
7755,Seiz Filter Lengkap Dengan Vacum Pump Dan Blender,PERALATAN DAN MESIN,1.3.2.08.01.56.002
7756,L And W Billerud,PERALATAN DAN MESIN,1.3.2.08.01.56.003
7757,Multi Glass Meter,PERALATAN DAN MESIN,1.3.2.08.01.56.004
7758,Instron Bend Flucture,PERALATAN DAN MESIN,1.3.2.08.01.56.005
7759,Electro Analysis Apparatus,PERALATAN DAN MESIN,1.3.2.08.01.56.006
7760,Mesin Penghilang Tinta,PERALATAN DAN MESIN,1.3.2.08.01.56.007
7761,Alat Pengolah Lumpur Aktif,PERALATAN DAN MESIN,1.3.2.08.01.56.008
7762,Pola Pemotong Karton Dari Stainless Steel,PERALATAN DAN MESIN,1.3.2.08.01.56.009
7763,Alat Pengukur Massa Jenis,PERALATAN DAN MESIN,1.3.2.08.01.56.010
7764,Alat Uji Kuat Lentur,PERALATAN DAN MESIN,1.3.2.08.01.56.011
7765,Alat Tangki Pengapungan,PERALATAN DAN MESIN,1.3.2.08.01.56.012
7766,Alat Pengukur Kadar Air Dengan Electrode,PERALATAN DAN MESIN,1.3.2.08.01.56.013
7767,Alat Pengolah Lumpur Hasil Pengolahan Limbah (Dewa Tearing),PERALATAN DAN MESIN,1.3.2.08.01.56.014
7768,Alat Uji Koefisien Gesek Kertas,PERALATAN DAN MESIN,1.3.2.08.01.56.015
7769,Instron Bending Tester Attachment,PERALATAN DAN MESIN,1.3.2.08.01.56.016
7770,Alat Pengolah Air Limbah,PERALATAN DAN MESIN,1.3.2.08.01.56.017
7771,Handy Pump,PERALATAN DAN MESIN,1.3.2.08.01.56.018
7772,Bendseen Smoothness And Porosity Tester,PERALATAN DAN MESIN,1.3.2.08.01.56.019
7773,Funce And Die Cutter,PERALATAN DAN MESIN,1.3.2.08.01.56.020
7774,Beach Funcure Tester,PERALATAN DAN MESIN,1.3.2.08.01.56.021
7775,William Standard Sheet (TMI),PERALATAN DAN MESIN,1.3.2.08.01.56.022
7776,Directional Pendulum,PERALATAN DAN MESIN,1.3.2.08.01.56.023
7777,Extractrion Heater,PERALATAN DAN MESIN,1.3.2.08.01.56.024
7778,Colony Counter & Automatic Tally,PERALATAN DAN MESIN,1.3.2.08.01.56.025
7779,IGT Tester,PERALATAN DAN MESIN,1.3.2.08.01.56.026
7780,Digital Pocket Oxygen Meter,PERALATAN DAN MESIN,1.3.2.08.01.56.027
7781,Desintegrator,PERALATAN DAN MESIN,1.3.2.08.01.56.028
7782,Stable Fibre Classifier,PERALATAN DAN MESIN,1.3.2.08.01.56.029
7783,Smoothness Tester,PERALATAN DAN MESIN,1.3.2.08.01.56.030
7784,Presision Yarn Reel,PERALATAN DAN MESIN,1.3.2.08.01.56.031
7785,Perata Ink Pernis,PERALATAN DAN MESIN,1.3.2.08.01.56.032
7786,Denso Meter,PERALATAN DAN MESIN,1.3.2.08.01.56.033
7787,Expantion Contra Tester,PERALATAN DAN MESIN,1.3.2.08.01.56.034
7788,Paper Scale,PERALATAN DAN MESIN,1.3.2.08.01.56.035
7789,Tensile Strength Tester For Rayon,PERALATAN DAN MESIN,1.3.2.08.01.56.036
7790,Thecness Strengts,PERALATAN DAN MESIN,1.3.2.08.01.56.037
7791,Bursting Tester Molen,PERALATAN DAN MESIN,1.3.2.08.01.56.038
7792,Alat Press Kertas,PERALATAN DAN MESIN,1.3.2.08.01.56.039
7793,PFI Mill,PERALATAN DAN MESIN,1.3.2.08.01.56.040
7794,Fibre Clasifier,PERALATAN DAN MESIN,1.3.2.08.01.56.041
7795,Refiner (Mesin Giling Pulp),PERALATAN DAN MESIN,1.3.2.08.01.56.042
7796,PAT Attachment Bc Phase Drainage Jar With Thermos Control,PERALATAN DAN MESIN,1.3.2.08.01.56.043
7797,Mecanical Compresion Gauge,PERALATAN DAN MESIN,1.3.2.08.01.56.044
7798,Peeler Gauge,PERALATAN DAN MESIN,1.3.2.08.01.56.045
7799,Methylation Celulosa,PERALATAN DAN MESIN,1.3.2.08.01.56.046
7800,Aparatus Dan Stirer,PERALATAN DAN MESIN,1.3.2.08.01.56.047
7801,Alat Box Compresion Test,PERALATAN DAN MESIN,1.3.2.08.01.56.048
7802,Alat Pembuat Lembaran Kertas,PERALATAN DAN MESIN,1.3.2.08.01.56.049
7803,Ultra Filter Cell,PERALATAN DAN MESIN,1.3.2.08.01.56.050
7804,Alat Uji Pembentuk Contoh Uji Pulff Pulp,PERALATAN DAN MESIN,1.3.2.08.01.56.051
7805,Dreging And Sampling Equipment Complit,PERALATAN DAN MESIN,1.3.2.08.01.56.052
7806,Fermentor (Alat Laboratorium Lainnya),PERALATAN DAN MESIN,1.3.2.08.01.56.053
7807,Noise Tester / DB Tester,PERALATAN DAN MESIN,1.3.2.08.01.56.054
7808,AAS Attachment For HG Determination And 16 Lamp,PERALATAN DAN MESIN,1.3.2.08.01.56.055
7809,Parker Print Siuf Tester (PPS Tester),PERALATAN DAN MESIN,1.3.2.08.01.56.056
7810,Reed Nui Meter Mk II Formtion,PERALATAN DAN MESIN,1.3.2.08.01.56.057
7811,Geer Type Drying Coaster,PERALATAN DAN MESIN,1.3.2.08.01.56.058
7812,Chip Clasifier,PERALATAN DAN MESIN,1.3.2.08.01.56.059
7813,Prototip Pengolahan Air Limbah,PERALATAN DAN MESIN,1.3.2.08.01.56.060
7814,Alat Fraksinasi Serat,PERALATAN DAN MESIN,1.3.2.08.01.56.061
7815,Coefisient Of Erection Tester,PERALATAN DAN MESIN,1.3.2.08.01.56.062
7816,Disseting Set,PERALATAN DAN MESIN,1.3.2.08.01.56.063
7817,Dynamic Hand Sheet,PERALATAN DAN MESIN,1.3.2.08.01.56.064
7818,Multiflax,PERALATAN DAN MESIN,1.3.2.08.01.56.065
7819,Prooper Coater Alt,PERALATAN DAN MESIN,1.3.2.08.01.56.066
7820,Flowing Film,PERALATAN DAN MESIN,1.3.2.08.01.56.067
7821,Elecyric Stabilizer,PERALATAN DAN MESIN,1.3.2.08.01.56.068
7822,Bioflo Fermentor,PERALATAN DAN MESIN,1.3.2.08.01.56.069
7823,Set Up,PERALATAN DAN MESIN,1.3.2.08.01.56.070
7824,Alat Uji Komperator,PERALATAN DAN MESIN,1.3.2.08.01.56.071
7825,Gas Detector,PERALATAN DAN MESIN,1.3.2.08.01.56.072
7826,Fibre Clasfier,PERALATAN DAN MESIN,1.3.2.08.01.56.073
7827,Alat Uji Permanensi Kertas,PERALATAN DAN MESIN,1.3.2.08.01.56.074
7828,Portable Comperasit Sample,PERALATAN DAN MESIN,1.3.2.08.01.56.075
7829,Laboratory Sewage Tream Plase,PERALATAN DAN MESIN,1.3.2.08.01.56.076
7830,Granulator,PERALATAN DAN MESIN,1.3.2.08.01.56.077
7831,New Quart Thermohygroraph,PERALATAN DAN MESIN,1.3.2.08.01.56.078
7832,Head Lamp (Alat Laboratorium Lainnya),PERALATAN DAN MESIN,1.3.2.08.01.56.079
7833,Aneroid Barometerjar,PERALATAN DAN MESIN,1.3.2.08.01.56.080
7834,Meja Kerja,PERALATAN DAN MESIN,1.3.2.08.01.56.081
7835,Screen Pembaras,PERALATAN DAN MESIN,1.3.2.08.01.56.082
7836,Thermometer Digital (Alat Laboratorium Lainnya),PERALATAN DAN MESIN,1.3.2.08.01.56.083
7837,Tempat Air Suling,PERALATAN DAN MESIN,1.3.2.08.01.56.084
7838,Alat Penyaring,PERALATAN DAN MESIN,1.3.2.08.01.56.085
7839,Aneroid Jar,PERALATAN DAN MESIN,1.3.2.08.01.56.086
7840,Automatic Pipet Dispenser,PERALATAN DAN MESIN,1.3.2.08.01.56.087
7841,Exicator,PERALATAN DAN MESIN,1.3.2.08.01.56.088
7842,Extraction Heater,PERALATAN DAN MESIN,1.3.2.08.01.56.089
7843,Faden Thermometer,PERALATAN DAN MESIN,1.3.2.08.01.56.090
7844,Furne Hood,PERALATAN DAN MESIN,1.3.2.08.01.56.091
7845,Mental Heater,PERALATAN DAN MESIN,1.3.2.08.01.56.092
7846,Mechanic Heater,PERALATAN DAN MESIN,1.3.2.08.01.56.093
7847,Neraca Analitis Kalibrator,PERALATAN DAN MESIN,1.3.2.08.01.56.094
7848,Standar Masa,PERALATAN DAN MESIN,1.3.2.08.01.56.095
7849,Tabung Detruksi,PERALATAN DAN MESIN,1.3.2.08.01.56.096
7850,Karl Fiher,PERALATAN DAN MESIN,1.3.2.08.01.56.097
7851,Altifity Water Meter,PERALATAN DAN MESIN,1.3.2.08.01.56.098
7852,Oxigen Meter,PERALATAN DAN MESIN,1.3.2.08.01.56.099
7853,Alat Reasifikasi,PERALATAN DAN MESIN,1.3.2.08.01.56.100
7854,Sample Consetrator,PERALATAN DAN MESIN,1.3.2.08.01.56.101
7855,Alat Detruksi,PERALATAN DAN MESIN,1.3.2.08.01.56.102
7856,Universal Noister Tesater,PERALATAN DAN MESIN,1.3.2.08.01.56.103
7857,Grindet Ciclotek,PERALATAN DAN MESIN,1.3.2.08.01.56.104
7858,Handy Aspirator,PERALATAN DAN MESIN,1.3.2.08.01.56.105
7859,Tabung Centrifugal,PERALATAN DAN MESIN,1.3.2.08.01.56.106
7860,Kolom Fraksinasi,PERALATAN DAN MESIN,1.3.2.08.01.56.107
7861,Detector HPLC,PERALATAN DAN MESIN,1.3.2.08.01.56.108
7862,Electric Counter Fryer,PERALATAN DAN MESIN,1.3.2.08.01.56.109
7863,Testoterm,PERALATAN DAN MESIN,1.3.2.08.01.56.110
7864,Cosmotector,PERALATAN DAN MESIN,1.3.2.08.01.56.111
7865,Hallow Cathode Lamp,PERALATAN DAN MESIN,1.3.2.08.01.56.112
7866,Destilasi Bertngkat,PERALATAN DAN MESIN,1.3.2.08.01.56.113
7867,Heating Mantle (Alat Laboratorium Lainnya),PERALATAN DAN MESIN,1.3.2.08.01.56.114
7868,Anak Timbangan,PERALATAN DAN MESIN,1.3.2.08.01.56.115
7869,Waste Water Tester,PERALATAN DAN MESIN,1.3.2.08.01.56.116
7870,Alat Kalibrasi Thermometer,PERALATAN DAN MESIN,1.3.2.08.01.56.117
7871,Cawan Kwarsa,PERALATAN DAN MESIN,1.3.2.08.01.56.118
7872,Scuber Unit,PERALATAN DAN MESIN,1.3.2.08.01.56.119
7873,HPLC Isocratic System,PERALATAN DAN MESIN,1.3.2.08.01.56.120
7874,Logic Probe (Alat Laboratorium Lainnya),PERALATAN DAN MESIN,1.3.2.08.01.56.121
7875,Sero Motor,PERALATAN DAN MESIN,1.3.2.08.01.56.122
7876,Sensor Proxinity,PERALATAN DAN MESIN,1.3.2.08.01.56.123
7877,handy Digital IC Tester,PERALATAN DAN MESIN,1.3.2.08.01.56.124
7878,Rom/Ram Emulator,PERALATAN DAN MESIN,1.3.2.08.01.56.125
7879,Hand Held Logic Analyzer,PERALATAN DAN MESIN,1.3.2.08.01.56.126
7880,alat laboratorium lain  lainnya (dst),PERALATAN DAN MESIN,1.3.2.08.01.56.127
7881,ALAT LABORATORIUM HERMODINAMIKA MOTOR DAN SISTEM PROPULASI,PERALATAN DAN MESIN,1.3.2.08.01.57.000
7882,Swagin Machine/Morgan R,PERALATAN DAN MESIN,1.3.2.08.01.57.001
7883,Hydraulic Press/AC,PERALATAN DAN MESIN,1.3.2.08.01.57.002
7884,Vertex Flown Motor,PERALATAN DAN MESIN,1.3.2.08.01.57.003
7885,Hygrometer (Alat Lab. Hermodinamika Motor Dan Sistem Propulasi),PERALATAN DAN MESIN,1.3.2.08.01.57.004
7886,Thermo Hygrograph,PERALATAN DAN MESIN,1.3.2.08.01.57.005
7887,Burograph,PERALATAN DAN MESIN,1.3.2.08.01.57.006
7888,alat laboratorium hermodinamika motor dan sistem propulasi   lainnya (dst),PERALATAN DAN MESIN,1.3.2.08.01.57.007
7889,ALAT LABORATORIUM PENDIDIKAN,PERALATAN DAN MESIN,1.3.2.08.01.58.000
7890,"Teleprinter Sencieper, Teleprinter Receiver",PERALATAN DAN MESIN,1.3.2.08.01.58.001
7891,Harmoni Generator,PERALATAN DAN MESIN,1.3.2.08.01.58.002
7892,Standard Signal Generator,PERALATAN DAN MESIN,1.3.2.08.01.58.003
7893,Am Signal Generator,PERALATAN DAN MESIN,1.3.2.08.01.58.004
7894,Timing Unit,PERALATAN DAN MESIN,1.3.2.08.01.58.005
7895,Heterodyne Unit,PERALATAN DAN MESIN,1.3.2.08.01.58.006
7896,Electronic Counter,PERALATAN DAN MESIN,1.3.2.08.01.58.007
7897,General Radio Frequence Standard,PERALATAN DAN MESIN,1.3.2.08.01.58.008
7898,Redipon Transciever NDB,PERALATAN DAN MESIN,1.3.2.08.01.58.009
7899,Receiber SSB FM,PERALATAN DAN MESIN,1.3.2.08.01.58.010
7900,Transciever Recall,PERALATAN DAN MESIN,1.3.2.08.01.58.011
7901,Fuse Generator,PERALATAN DAN MESIN,1.3.2.08.01.58.012
7902,Low Frequent Generator,PERALATAN DAN MESIN,1.3.2.08.01.58.013
7903,Magnetic Amplifiere,PERALATAN DAN MESIN,1.3.2.08.01.58.014
7904,Freuquence Meter Instrument,PERALATAN DAN MESIN,1.3.2.08.01.58.015
7905,Valve Caracteristic,PERALATAN DAN MESIN,1.3.2.08.01.58.016
7906,Transistor Analyzer,PERALATAN DAN MESIN,1.3.2.08.01.58.017
7907,Antenna Landing,PERALATAN DAN MESIN,1.3.2.08.01.58.018
7908,Antenna Tunig Unit,PERALATAN DAN MESIN,1.3.2.08.01.58.019
7909,Radio Control BBC,PERALATAN DAN MESIN,1.3.2.08.01.58.020
7910,Antenna Relay,PERALATAN DAN MESIN,1.3.2.08.01.58.021
7911,Valve Tester Avo,PERALATAN DAN MESIN,1.3.2.08.01.58.022
7912,Txorx Marconi Out Put,PERALATAN DAN MESIN,1.3.2.08.01.58.023
7913,Rc Motor Uniscope,PERALATAN DAN MESIN,1.3.2.08.01.58.024
7914,Alternator Variable,PERALATAN DAN MESIN,1.3.2.08.01.58.025
7915,Auto Meter Stabilizer,PERALATAN DAN MESIN,1.3.2.08.01.58.026
7916,SSR Control,PERALATAN DAN MESIN,1.3.2.08.01.58.027
7917,Instrucure Control Display Unit,PERALATAN DAN MESIN,1.3.2.08.01.58.028
7918,Target Generator Unit,PERALATAN DAN MESIN,1.3.2.08.01.58.029
7919,Control Procesing Unit,PERALATAN DAN MESIN,1.3.2.08.01.58.030
7920,Target Control Unit,PERALATAN DAN MESIN,1.3.2.08.01.58.031
7921,Ssr Decode Lition System,PERALATAN DAN MESIN,1.3.2.08.01.58.032
7922,Flight Strips Standard,PERALATAN DAN MESIN,1.3.2.08.01.58.033
7923,Maket Kapal,PERALATAN DAN MESIN,1.3.2.08.01.58.034
7924,Maket Kemudi Kapal,PERALATAN DAN MESIN,1.3.2.08.01.58.035
7925,Maket Mesin Kapal,PERALATAN DAN MESIN,1.3.2.08.01.58.036
7926,Panggung Master,PERALATAN DAN MESIN,1.3.2.08.01.58.037
7927,Radio Penduga Arah,PERALATAN DAN MESIN,1.3.2.08.01.58.038
7928,Perum Gempa,PERALATAN DAN MESIN,1.3.2.08.01.58.039
7929,Lifeboat Tranciever,PERALATAN DAN MESIN,1.3.2.08.01.58.040
7930,Titor Amplifiere Kit,PERALATAN DAN MESIN,1.3.2.08.01.58.041
7931,Giroscpe,PERALATAN DAN MESIN,1.3.2.08.01.58.042
7932,Tube Checker,PERALATAN DAN MESIN,1.3.2.08.01.58.043
7933,Morse T Mitter,PERALATAN DAN MESIN,1.3.2.08.01.58.044
7934,Penggulung Pita Morse,PERALATAN DAN MESIN,1.3.2.08.01.58.045
7935,Brno Traditional,PERALATAN DAN MESIN,1.3.2.08.01.58.046
7936,Demonstration Vernier Callypear,PERALATAN DAN MESIN,1.3.2.08.01.58.047
7937,Scrow Micrometer,PERALATAN DAN MESIN,1.3.2.08.01.58.048
7938,Sperometer,PERALATAN DAN MESIN,1.3.2.08.01.58.049
7939,Eye Picci Micro Meter,PERALATAN DAN MESIN,1.3.2.08.01.58.050
7940,Diselogeram,PERALATAN DAN MESIN,1.3.2.08.01.58.051
7941,Venier Calliter,PERALATAN DAN MESIN,1.3.2.08.01.58.052
7942,Demonstration Spring Scalemetric,PERALATAN DAN MESIN,1.3.2.08.01.58.053
7943,Dial Spring Scale,PERALATAN DAN MESIN,1.3.2.08.01.58.054
7944,Hockeys Low Apparatus,PERALATAN DAN MESIN,1.3.2.08.01.58.055
7945,Energy Transformation Apparatus,PERALATAN DAN MESIN,1.3.2.08.01.58.056
7946,Deep and Diclination Noodle,PERALATAN DAN MESIN,1.3.2.08.01.58.057
7947,Alat Percobaan Archimedes,PERALATAN DAN MESIN,1.3.2.08.01.58.058
7948,Gby Free Fall Apparatus G Griffin,PERALATAN DAN MESIN,1.3.2.08.01.58.059
7949,Griffin Contiscond Timer,PERALATAN DAN MESIN,1.3.2.08.01.58.060
7950,Photo Transistor,PERALATAN DAN MESIN,1.3.2.08.01.58.061
7951,Photo Transistor Coupler Unit,PERALATAN DAN MESIN,1.3.2.08.01.58.062
7952,Griffin Dinamic Trolley,PERALATAN DAN MESIN,1.3.2.08.01.58.063
7953,Mass Newton Slotted,PERALATAN DAN MESIN,1.3.2.08.01.58.064
7954,Mass Hanger,PERALATAN DAN MESIN,1.3.2.08.01.58.065
7955,Mass Sloated,PERALATAN DAN MESIN,1.3.2.08.01.58.066
7956,Maxwell Needly Apparatus,PERALATAN DAN MESIN,1.3.2.08.01.58.067
7957,Pully Set,PERALATAN DAN MESIN,1.3.2.08.01.58.068
7958,Univer Fraze,PERALATAN DAN MESIN,1.3.2.08.01.58.069
7959,Boyle's Law Apparatus,PERALATAN DAN MESIN,1.3.2.08.01.58.070
7960,Force Pump Mauted Glass,PERALATAN DAN MESIN,1.3.2.08.01.58.071
7961,Spineres Steel,PERALATAN DAN MESIN,1.3.2.08.01.58.072
7962,Calory Meter Vessel,PERALATAN DAN MESIN,1.3.2.08.01.58.073
7963,Expansion Of Liquid Apparatus,PERALATAN DAN MESIN,1.3.2.08.01.58.074
7964,Nickel Crufdible,PERALATAN DAN MESIN,1.3.2.08.01.58.075
7965,Thermo Electrics pair,PERALATAN DAN MESIN,1.3.2.08.01.58.076
7966,Biconvec Block Plastic Curvatura 98 Mm,PERALATAN DAN MESIN,1.3.2.08.01.58.077
7967,Biconvec Lock Radius,PERALATAN DAN MESIN,1.3.2.08.01.58.078
7968,alat laboratorium pendidikan  lainnya (dst),PERALATAN DAN MESIN,1.3.2.08.01.58.079
7969,ALAT LABORATORIUM TEKNOLOGI PROSES ENZYM,PERALATAN DAN MESIN,1.3.2.08.01.59.000
7970,TOC Analizer,PERALATAN DAN MESIN,1.3.2.08.01.59.001
7971,Ionn Selective Electrode,PERALATAN DAN MESIN,1.3.2.08.01.59.002
7972,Magnetic Vacuum,PERALATAN DAN MESIN,1.3.2.08.01.59.003
7973,Dessicator Vacuum,PERALATAN DAN MESIN,1.3.2.08.01.59.004
7974,UV Intensitomotor,PERALATAN DAN MESIN,1.3.2.08.01.59.005
7975,Wet Gas Test Meter,PERALATAN DAN MESIN,1.3.2.08.01.59.006
7976,Refrigenerator Water Bar Horizontal,PERALATAN DAN MESIN,1.3.2.08.01.59.007
7977,Thermocouple,PERALATAN DAN MESIN,1.3.2.08.01.59.008
7978,Vibrating Stevos Steam,PERALATAN DAN MESIN,1.3.2.08.01.59.009
7979,Sieke Shaker Mesh,PERALATAN DAN MESIN,1.3.2.08.01.59.010
7980,Electric Steam Generator,PERALATAN DAN MESIN,1.3.2.08.01.59.011
7981,Cool Chamber,PERALATAN DAN MESIN,1.3.2.08.01.59.012
7982,Dessicator Cainet,PERALATAN DAN MESIN,1.3.2.08.01.59.013
7983,Acrylic,PERALATAN DAN MESIN,1.3.2.08.01.59.014
7984,alat laboratorium teknologi proses enzym  lainnya (dst),PERALATAN DAN MESIN,1.3.2.08.01.59.015
7985,ALAT LABORATORIUM TEKNIK PANTAI,PERALATAN DAN MESIN,1.3.2.08.01.60.000
7986,Exmuster,PERALATAN DAN MESIN,1.3.2.08.01.60.001
7987,Plastic Binding System,PERALATAN DAN MESIN,1.3.2.08.01.60.002
7988,Novos,PERALATAN DAN MESIN,1.3.2.08.01.60.003
7989,Pressure Gun,PERALATAN DAN MESIN,1.3.2.08.01.60.004
7990,Cetak Kubus Beton,PERALATAN DAN MESIN,1.3.2.08.01.60.005
7991,Alat Pengukur Gelombang Laut,PERALATAN DAN MESIN,1.3.2.08.01.60.006
7992,Saringan Besi,PERALATAN DAN MESIN,1.3.2.08.01.60.007
7993,Set Packard Paper Recorded,PERALATAN DAN MESIN,1.3.2.08.01.60.008
7994,GHM,PERALATAN DAN MESIN,1.3.2.08.01.60.009
7995,alat laboratorium teknik pantai  lainnya (dst),PERALATAN DAN MESIN,1.3.2.08.01.60.010
7996,ALAT LABORATORIUM SUMBER DAYA DAN ENERGI,PERALATAN DAN MESIN,1.3.2.08.01.61.000
7997,Power Harmonic Analizer Fluke,PERALATAN DAN MESIN,1.3.2.08.01.61.001
7998,Multi Meter Fluke 37,PERALATAN DAN MESIN,1.3.2.08.01.61.002
7999,Unitest Euro Expert Cut No. 9020L,PERALATAN DAN MESIN,1.3.2.08.01.61.003
8000,Scope Meter Fluke 105 B 103,PERALATAN DAN MESIN,1.3.2.08.01.61.004
8001,Panel Slogging Bailor Simulator,PERALATAN DAN MESIN,1.3.2.08.01.61.005
8002,Process Simulator Winsim Design,PERALATAN DAN MESIN,1.3.2.08.01.61.006
8003,Power Line Multi Tranducer,PERALATAN DAN MESIN,1.3.2.08.01.61.007
8004,Digital Anemometer,PERALATAN DAN MESIN,1.3.2.08.01.61.008
8005,Portable Staek Emission Analizer,PERALATAN DAN MESIN,1.3.2.08.01.61.009
8006,Air Less Painting Wagner,PERALATAN DAN MESIN,1.3.2.08.01.61.010
8007,Infra Red Exhaust Gas Analizer,PERALATAN DAN MESIN,1.3.2.08.01.61.011
8008,Instalasi Fiber Optic LCD Projector Multimedia,PERALATAN DAN MESIN,1.3.2.08.01.61.012
8009,alat laboratorium sumber daya dan energi  lainnya (dst),PERALATAN DAN MESIN,1.3.2.08.01.61.013
8010,ALAT LABORATORIUM POPULASI,PERALATAN DAN MESIN,1.3.2.08.01.62.000
8011,Decitating Cabinet,PERALATAN DAN MESIN,1.3.2.08.01.62.001
8012,Digital Analitical Balance,PERALATAN DAN MESIN,1.3.2.08.01.62.002
8013,Long Back Ground Beta Counter,PERALATAN DAN MESIN,1.3.2.08.01.62.003
8014,Oil Content Analizer,PERALATAN DAN MESIN,1.3.2.08.01.62.004
8015,Boom Oil,PERALATAN DAN MESIN,1.3.2.08.01.62.005
8016,Scimmer Crane,PERALATAN DAN MESIN,1.3.2.08.01.62.006
8017,alat laboratorium populasi  lainnya (dst),PERALATAN DAN MESIN,1.3.2.08.01.62.007
8018,ALAT PENGUKUR GELOMBANG,PERALATAN DAN MESIN,1.3.2.08.01.63.000
8019,GPS Insight,PERALATAN DAN MESIN,1.3.2.08.01.63.001
8020,Board Display,PERALATAN DAN MESIN,1.3.2.08.01.63.002
8021,Standard Compact,PERALATAN DAN MESIN,1.3.2.08.01.63.003
8022,alat pengukur gelombang  lainnya (dst),PERALATAN DAN MESIN,1.3.2.08.01.63.004
8023,UNIT ALAT LABORATORIUM LAINNYA,PERALATAN DAN MESIN,1.3.2.08.01.64.000
8024,unit alat laboratorium lainnya  lainnya (dst),PERALATAN DAN MESIN,1.3.2.08.01.64.001
8025,UNIT ALAT LABORATORIUM KIMIA NUKLIR,PERALATAN DAN MESIN,1.3.2.08.02.00.000
8026,ANALYTICAL INSTRUMENT,PERALATAN DAN MESIN,1.3.2.08.02.01.000
8027,Conduktimeter,PERALATAN DAN MESIN,1.3.2.08.02.01.001
8028,Coulometer,PERALATAN DAN MESIN,1.3.2.08.02.01.002
8029,Potentiometer,PERALATAN DAN MESIN,1.3.2.08.02.01.003
8030,Titralyzer,PERALATAN DAN MESIN,1.3.2.08.02.01.004
8031,Lon Analyzer,PERALATAN DAN MESIN,1.3.2.08.02.01.005
8032,Karl Fisher Water Tritator,PERALATAN DAN MESIN,1.3.2.08.02.01.006
8033,Lectrolytic,PERALATAN DAN MESIN,1.3.2.08.02.01.007
8034,C-H-N Analyzer,PERALATAN DAN MESIN,1.3.2.08.02.01.008
8035,C-H-O Analytical Microcombustion Equipment,PERALATAN DAN MESIN,1.3.2.08.02.01.009
8036,Merz Automatic N-Analyzer,PERALATAN DAN MESIN,1.3.2.08.02.01.010
8037,C&S In Soild Combustion Analyzer,PERALATAN DAN MESIN,1.3.2.08.02.01.011
8038,Amino Acid Carbohydrate Analyzer,PERALATAN DAN MESIN,1.3.2.08.02.01.012
8039,Electrophoresis Analysis Equipment,PERALATAN DAN MESIN,1.3.2.08.02.01.013
8040,Moisture Tester (Analytical Instrument),PERALATAN DAN MESIN,1.3.2.08.02.01.014
8041,Kjeldahi Degestion Block (For N-Deteminator),PERALATAN DAN MESIN,1.3.2.08.02.01.015
8042,Leak Detector (Analytical Instrument),PERALATAN DAN MESIN,1.3.2.08.02.01.016
8043,Ultraviolet Spectrophotometer,PERALATAN DAN MESIN,1.3.2.08.02.01.017
8044,Visible Light Spectrophotometer,PERALATAN DAN MESIN,1.3.2.08.02.01.018
8045,Infrared Spectrophotometer,PERALATAN DAN MESIN,1.3.2.08.02.01.019
8046,Flame Spectrophotometer,PERALATAN DAN MESIN,1.3.2.08.02.01.020
8047,Atomic Absorption(Flame) Spectrophotometer,PERALATAN DAN MESIN,1.3.2.08.02.01.021
8048,Emmision Spectrophotometer,PERALATAN DAN MESIN,1.3.2.08.02.01.022
8049,X-Ray Fluorescence(XRP),PERALATAN DAN MESIN,1.3.2.08.02.01.023
8050,Fluorimeter,PERALATAN DAN MESIN,1.3.2.08.02.01.024
8051,Turbidimeter/Nephelometer,PERALATAN DAN MESIN,1.3.2.08.02.01.025
8052,Polarimeter/Refractometer,PERALATAN DAN MESIN,1.3.2.08.02.01.026
8053,X-Ray Diffractometer,PERALATAN DAN MESIN,1.3.2.08.02.01.027
8054,Thermoluminiscence Dosimeter (TLD) Reader,PERALATAN DAN MESIN,1.3.2.08.02.01.028
8055,Uranium Ore Analyzer,PERALATAN DAN MESIN,1.3.2.08.02.01.029
8056,Amilograph Meter,PERALATAN DAN MESIN,1.3.2.08.02.01.030
8057,Mass Spectrometer,PERALATAN DAN MESIN,1.3.2.08.02.01.031
8058,Mass Spectrograph,PERALATAN DAN MESIN,1.3.2.08.02.01.032
8059,Magnetic Resonance Spectrometer,PERALATAN DAN MESIN,1.3.2.08.02.01.033
8060,Melting Point Detemination Apparatus,PERALATAN DAN MESIN,1.3.2.08.02.01.034
8061,Thermogravimeter,PERALATAN DAN MESIN,1.3.2.08.02.01.035
8062,Differential Thermal Analyzer,PERALATAN DAN MESIN,1.3.2.08.02.01.036
8063,Thermo Analyzer,PERALATAN DAN MESIN,1.3.2.08.02.01.037
8064,Chromatography Developing Chamber,PERALATAN DAN MESIN,1.3.2.08.02.01.038
8065,Thin Layer Chromatography(TLC) Drying Rack/ Desiccarator,PERALATAN DAN MESIN,1.3.2.08.02.01.039
8066,Fraction Colector,PERALATAN DAN MESIN,1.3.2.08.02.01.040
8067,Gas Chromatograph(GC),PERALATAN DAN MESIN,1.3.2.08.02.01.041
8068,Radio Chromatografic Scaner,PERALATAN DAN MESIN,1.3.2.08.02.01.042
8069,Surface Arcameter(BET Method),PERALATAN DAN MESIN,1.3.2.08.02.01.043
8070,Porosimeter/Permeameter,PERALATAN DAN MESIN,1.3.2.08.02.01.044
8071,ICPMS (Inductively Complete Plasma Mass Spectometer),PERALATAN DAN MESIN,1.3.2.08.02.01.045
8072,Kolimator,PERALATAN DAN MESIN,1.3.2.08.02.01.046
8073,Shileding,PERALATAN DAN MESIN,1.3.2.08.02.01.047
8074,Digital KVP Meter,PERALATAN DAN MESIN,1.3.2.08.02.01.048
8075,Digital K-Ray Timer,PERALATAN DAN MESIN,1.3.2.08.02.01.049
8076,Digital Mas,PERALATAN DAN MESIN,1.3.2.08.02.01.050
8077,Portable Multi Chanel Analisys,PERALATAN DAN MESIN,1.3.2.08.02.01.051
8078,Low Energy Survey Meter,PERALATAN DAN MESIN,1.3.2.08.02.01.052
8079,Check Source,PERALATAN DAN MESIN,1.3.2.08.02.01.053
8080,Personal Dose Meter,PERALATAN DAN MESIN,1.3.2.08.02.01.054
8081,Apron Dual Side,PERALATAN DAN MESIN,1.3.2.08.02.01.055
8082,Peralatan Pencacah Radiasi (Carrier Insert),PERALATAN DAN MESIN,1.3.2.08.02.01.056
8083,Peralatan Gerusan Keramik,PERALATAN DAN MESIN,1.3.2.08.02.01.057
8084,Ratemeter,PERALATAN DAN MESIN,1.3.2.08.02.01.058
8085,Scintiliation Monitor For Contamination,PERALATAN DAN MESIN,1.3.2.08.02.01.059
8086,Magnifier #7540,PERALATAN DAN MESIN,1.3.2.08.02.01.060
8087,Senter Mini Standar Safety,PERALATAN DAN MESIN,1.3.2.08.02.01.061
8088,Decontamination Kit,PERALATAN DAN MESIN,1.3.2.08.02.01.062
8089,Flexible Waste Water Dam,PERALATAN DAN MESIN,1.3.2.08.02.01.063
8090,Decontamination Backpack,PERALATAN DAN MESIN,1.3.2.08.02.01.064
8091,analytical instrument  lainnya (dst),PERALATAN DAN MESIN,1.3.2.08.02.01.065
8092,INSTRUMENT PROBE/SENSOR,PERALATAN DAN MESIN,1.3.2.08.02.02.000
8093,Generalporpose Giass Thermometer,PERALATAN DAN MESIN,1.3.2.08.02.02.001
8094,Dial Reading Thermometer,PERALATAN DAN MESIN,1.3.2.08.02.02.002
8095,Procesion Thermometer,PERALATAN DAN MESIN,1.3.2.08.02.02.003
8096,Clinical Thermometer (Instrument Probe/sensor),PERALATAN DAN MESIN,1.3.2.08.02.02.004
8097,Maximum-Minimum Thermometer,PERALATAN DAN MESIN,1.3.2.08.02.02.005
8098,Resistance Thermometer,PERALATAN DAN MESIN,1.3.2.08.02.02.006
8099,Bimetal Thermometer,PERALATAN DAN MESIN,1.3.2.08.02.02.007
8100,Temperature Indicator,PERALATAN DAN MESIN,1.3.2.08.02.02.008
8101,Temperatur Recorder,PERALATAN DAN MESIN,1.3.2.08.02.02.009
8102,Thermoregulator,PERALATAN DAN MESIN,1.3.2.08.02.02.010
8103,Immersion Pyrometer,PERALATAN DAN MESIN,1.3.2.08.02.02.011
8104,Spectral-Optical Pyrometer,PERALATAN DAN MESIN,1.3.2.08.02.02.012
8105,UV/UV-VIS Radiometer,PERALATAN DAN MESIN,1.3.2.08.02.02.013
8106,PH Meter/Indicator And Lon Meter,PERALATAN DAN MESIN,1.3.2.08.02.02.014
8107,Ater Puryti Meter (Specific Resistance Meter),PERALATAN DAN MESIN,1.3.2.08.02.02.015
8108,Dissolvel Oxygen Meter(DO),PERALATAN DAN MESIN,1.3.2.08.02.02.016
8109,Biologikal Oxygen Demand Monitor(BOD),PERALATAN DAN MESIN,1.3.2.08.02.02.017
8110,Bourdan Vacuum Gauge,PERALATAN DAN MESIN,1.3.2.08.02.02.018
8111,Diaphragm Pressure/Vacuum Gauge,PERALATAN DAN MESIN,1.3.2.08.02.02.019
8112,Thermocouple Vacuum Gauge,PERALATAN DAN MESIN,1.3.2.08.02.02.020
8113,Incline Tube Manometer,PERALATAN DAN MESIN,1.3.2.08.02.02.021
8114,Portable Flectronic Manometer,PERALATAN DAN MESIN,1.3.2.08.02.02.022
8115,Pirani High Vacuum Gauge,PERALATAN DAN MESIN,1.3.2.08.02.02.023
8116,Vacuummeter,PERALATAN DAN MESIN,1.3.2.08.02.02.024
8117,Well Type Manometer,PERALATAN DAN MESIN,1.3.2.08.02.02.025
8118,Liquid Column Pressure Indicator,PERALATAN DAN MESIN,1.3.2.08.02.02.026
8119,Electrec Element Pressure Indicator,PERALATAN DAN MESIN,1.3.2.08.02.02.027
8120,Piezoresistive Pressure Indicator,PERALATAN DAN MESIN,1.3.2.08.02.02.028
8121,Piezoelectric Pressure Indicator,PERALATAN DAN MESIN,1.3.2.08.02.02.029
8122,Straningases Pressure Indicator,PERALATAN DAN MESIN,1.3.2.08.02.02.030
8123,Specific Gravitometer,PERALATAN DAN MESIN,1.3.2.08.02.02.031
8124,Whestphalt Balance Densitometer,PERALATAN DAN MESIN,1.3.2.08.02.02.032
8125,Chain Balance Densitometer,PERALATAN DAN MESIN,1.3.2.08.02.02.033
8126,Densitometer General,PERALATAN DAN MESIN,1.3.2.08.02.02.034
8127,Surface Tensometer,PERALATAN DAN MESIN,1.3.2.08.02.02.035
8128,Viscometer Viscosimeter,PERALATAN DAN MESIN,1.3.2.08.02.02.036
8129,Kinematic Viscosety Bath,PERALATAN DAN MESIN,1.3.2.08.02.02.037
8130,Du Nuoy Interfacial Tensiometer,PERALATAN DAN MESIN,1.3.2.08.02.02.038
8131,Orsat-Fischer Gas Analyzer,PERALATAN DAN MESIN,1.3.2.08.02.02.039
8132,Orsat-Klei Gas Analyzer,PERALATAN DAN MESIN,1.3.2.08.02.02.040
8133,Koehler Gas Analyzer,PERALATAN DAN MESIN,1.3.2.08.02.02.041
8134,Dust Analyzer,PERALATAN DAN MESIN,1.3.2.08.02.02.042
8135,Dust Sampler (Instrument Probe/sensor),PERALATAN DAN MESIN,1.3.2.08.02.02.043
8136,Gasmeter,PERALATAN DAN MESIN,1.3.2.08.02.02.044
8137,Anemometer Flowmeter,PERALATAN DAN MESIN,1.3.2.08.02.02.045
8138,Venturumeter Flowmeter,PERALATAN DAN MESIN,1.3.2.08.02.02.046
8139,Areameter Flowmeter,PERALATAN DAN MESIN,1.3.2.08.02.02.047
8140,Onfice Meter Flowmeter,PERALATAN DAN MESIN,1.3.2.08.02.02.048
8141,Nozzlemeter Flowmeter,PERALATAN DAN MESIN,1.3.2.08.02.02.049
8142,Massmeter Flowmeter,PERALATAN DAN MESIN,1.3.2.08.02.02.050
8143,Elbowimeter Flowmeter,PERALATAN DAN MESIN,1.3.2.08.02.02.051
8144,Gage Glass Level Indicator,PERALATAN DAN MESIN,1.3.2.08.02.02.052
8145,Tape Fioat Gage Level Indicator,PERALATAN DAN MESIN,1.3.2.08.02.02.053
8146,Level Shaft Gage Level Indicator,PERALATAN DAN MESIN,1.3.2.08.02.02.054
8147,Bubble Tube Level Measumy System,PERALATAN DAN MESIN,1.3.2.08.02.02.055
8148,Flash Point Tester,PERALATAN DAN MESIN,1.3.2.08.02.02.056
8149,instrument probe/sensor  lainnya (dst),PERALATAN DAN MESIN,1.3.2.08.02.02.057
8150,GENERAL LABORATORY TOOL,PERALATAN DAN MESIN,1.3.2.08.02.03.000
8151,Electronic Top Loading Balance,PERALATAN DAN MESIN,1.3.2.08.02.03.001
8152,Electronic Analytical Balance (General Laboratory Tool),PERALATAN DAN MESIN,1.3.2.08.02.03.002
8153,Mechanical Analytical Balance,PERALATAN DAN MESIN,1.3.2.08.02.03.003
8154,Electronic Microbalance,PERALATAN DAN MESIN,1.3.2.08.02.03.004
8155,Remote Bader,PERALATAN DAN MESIN,1.3.2.08.02.03.005
8156,Telecope Scale,PERALATAN DAN MESIN,1.3.2.08.02.03.006
8157,Platform Scale (General Laboratory Tool),PERALATAN DAN MESIN,1.3.2.08.02.03.007
8158,Sprong Scale,PERALATAN DAN MESIN,1.3.2.08.02.03.008
8159,Table Balance,PERALATAN DAN MESIN,1.3.2.08.02.03.009
8160,Electronic Control (General Laboratory Tool),PERALATAN DAN MESIN,1.3.2.08.02.03.010
8161,Balance Weight Set,PERALATAN DAN MESIN,1.3.2.08.02.03.011
8162,Rotator Heater Control,PERALATAN DAN MESIN,1.3.2.08.02.03.012
8163,UWFP Control Panel With HR,PERALATAN DAN MESIN,1.3.2.08.02.03.013
8164,Recorder,PERALATAN DAN MESIN,1.3.2.08.02.03.014
8165,Water Sampler (General Laboratory Tool),PERALATAN DAN MESIN,1.3.2.08.02.03.015
8166,Stop Clock,PERALATAN DAN MESIN,1.3.2.08.02.03.016
8167,Interval Timer,PERALATAN DAN MESIN,1.3.2.08.02.03.017
8168,Wall Clock,PERALATAN DAN MESIN,1.3.2.08.02.03.018
8169,Automatic On/Off Time Switch,PERALATAN DAN MESIN,1.3.2.08.02.03.019
8170,Stroboscope Flash,PERALATAN DAN MESIN,1.3.2.08.02.03.020
8171,Tachometer (General Laboratory Tool),PERALATAN DAN MESIN,1.3.2.08.02.03.021
8172,Rpm-Meter,PERALATAN DAN MESIN,1.3.2.08.02.03.022
8173,Coloni Holder,PERALATAN DAN MESIN,1.3.2.08.02.03.023
8174,Battle Holder,PERALATAN DAN MESIN,1.3.2.08.02.03.024
8175,Team Heated Water Bath,PERALATAN DAN MESIN,1.3.2.08.02.03.025
8176,Electrically Heated Water Bath,PERALATAN DAN MESIN,1.3.2.08.02.03.026
8177,Electrically Heated Oil Bath,PERALATAN DAN MESIN,1.3.2.08.02.03.027
8178,Sand Bath,PERALATAN DAN MESIN,1.3.2.08.02.03.028
8179,Thermostatic Water Bath,PERALATAN DAN MESIN,1.3.2.08.02.03.029
8180,Shaking Water Bath,PERALATAN DAN MESIN,1.3.2.08.02.03.030
8181,Test Tube Dry Bath,PERALATAN DAN MESIN,1.3.2.08.02.03.031
8182,Cooling/Refregerating Bath,PERALATAN DAN MESIN,1.3.2.08.02.03.032
8183,Cleaning Bath,PERALATAN DAN MESIN,1.3.2.08.02.03.033
8184,Lab Eva Porator,PERALATAN DAN MESIN,1.3.2.08.02.03.034
8185,Thermostatic Water Cerculator,PERALATAN DAN MESIN,1.3.2.08.02.03.035
8186,Thermostatic Oil Cerculator,PERALATAN DAN MESIN,1.3.2.08.02.03.036
8187,Thermostatic Refrigerating Cerculator,PERALATAN DAN MESIN,1.3.2.08.02.03.037
8188,Vice Jig U 235 Proses,PERALATAN DAN MESIN,1.3.2.08.02.03.038
8189,Dauble Ended Bottle Case,PERALATAN DAN MESIN,1.3.2.08.02.03.039
8190,Bunsen Gas Bumer,PERALATAN DAN MESIN,1.3.2.08.02.03.040
8191,Maker Gas Burner,PERALATAN DAN MESIN,1.3.2.08.02.03.041
8192,Blow Lamp (Brander),PERALATAN DAN MESIN,1.3.2.08.02.03.042
8193,Aw Bottle Case,PERALATAN DAN MESIN,1.3.2.08.02.03.043
8194,Rfw Bottle Case,PERALATAN DAN MESIN,1.3.2.08.02.03.044
8195,Hot Plate (General Laboratory Tool),PERALATAN DAN MESIN,1.3.2.08.02.03.045
8196,Cold Plate,PERALATAN DAN MESIN,1.3.2.08.02.03.046
8197,Immersion Heating Coil,PERALATAN DAN MESIN,1.3.2.08.02.03.047
8198,Immersion Heating Rod Coil,PERALATAN DAN MESIN,1.3.2.08.02.03.048
8199,Immersion Refrigerating Coil,PERALATAN DAN MESIN,1.3.2.08.02.03.049
8200,Hot Plate With Magnetic Stiring (General Laboratory Tool),PERALATAN DAN MESIN,1.3.2.08.02.03.050
8201,Automatic Laboratory Steam Generator,PERALATAN DAN MESIN,1.3.2.08.02.03.051
8202,Water Percolator (Boiler),PERALATAN DAN MESIN,1.3.2.08.02.03.052
8203,Rotating Jig,PERALATAN DAN MESIN,1.3.2.08.02.03.053
8204,Heat Gun,PERALATAN DAN MESIN,1.3.2.08.02.03.054
8205,Heating Mantle (General Laboratory Tool),PERALATAN DAN MESIN,1.3.2.08.02.03.055
8206,Table Model Heating Mantle,PERALATAN DAN MESIN,1.3.2.08.02.03.056
8207,Heating Tape,PERALATAN DAN MESIN,1.3.2.08.02.03.057
8208,Kompor Listrik (General Laboratory Tool),PERALATAN DAN MESIN,1.3.2.08.02.03.058
8209,Infrared Lamp,PERALATAN DAN MESIN,1.3.2.08.02.03.059
8210,High Pressure Autoclave (W/Wo) Stirrer,PERALATAN DAN MESIN,1.3.2.08.02.03.060
8211,High Pressure Shaking Autoclave,PERALATAN DAN MESIN,1.3.2.08.02.03.061
8212,Pressure Vessel (General Laboratory Tool),PERALATAN DAN MESIN,1.3.2.08.02.03.062
8213,Special Tube Furnace,PERALATAN DAN MESIN,1.3.2.08.02.03.063
8214,Tube Fumace,PERALATAN DAN MESIN,1.3.2.08.02.03.064
8215,Vibrating Micro Shaker,PERALATAN DAN MESIN,1.3.2.08.02.03.065
8216,Shaking Machine,PERALATAN DAN MESIN,1.3.2.08.02.03.066
8217,Test Tube Shaker,PERALATAN DAN MESIN,1.3.2.08.02.03.067
8218,Universal Shaking Apparatus,PERALATAN DAN MESIN,1.3.2.08.02.03.068
8219,Lab Stirred Reaction Vessel,PERALATAN DAN MESIN,1.3.2.08.02.03.069
8220,Sterrer Motor,PERALATAN DAN MESIN,1.3.2.08.02.03.070
8221,Multiple Stining Unit,PERALATAN DAN MESIN,1.3.2.08.02.03.071
8222,Magnetic Sterrer,PERALATAN DAN MESIN,1.3.2.08.02.03.072
8223,Revalution Counter,PERALATAN DAN MESIN,1.3.2.08.02.03.073
8224,Ultrasonic Sceaner,PERALATAN DAN MESIN,1.3.2.08.02.03.074
8225,Laboratory Sieving Machine Shaker,PERALATAN DAN MESIN,1.3.2.08.02.03.075
8226,Laboratory Sieve Set,PERALATAN DAN MESIN,1.3.2.08.02.03.076
8227,Vibrating Screen (General Laboratory Tool),PERALATAN DAN MESIN,1.3.2.08.02.03.077
8228,Siffer & Rotatop,PERALATAN DAN MESIN,1.3.2.08.02.03.078
8229,Ball Mill,PERALATAN DAN MESIN,1.3.2.08.02.03.079
8230,Laboratory Cylender Centrifuge,PERALATAN DAN MESIN,1.3.2.08.02.03.080
8231,Laboratory Basket Centrifuge,PERALATAN DAN MESIN,1.3.2.08.02.03.081
8232,Hand Centrifuge,PERALATAN DAN MESIN,1.3.2.08.02.03.082
8233,Laboratory Bench Centrifuge,PERALATAN DAN MESIN,1.3.2.08.02.03.083
8234,Laboratory High Speed Centrifuge,PERALATAN DAN MESIN,1.3.2.08.02.03.084
8235,Ultra Centrifuge (General Laboratory Tool),PERALATAN DAN MESIN,1.3.2.08.02.03.085
8236,Muffie Furnace,PERALATAN DAN MESIN,1.3.2.08.02.03.086
8237,Transformer,PERALATAN DAN MESIN,1.3.2.08.02.03.087
8238,Distilation Equipment,PERALATAN DAN MESIN,1.3.2.08.02.03.088
8239,Distilation Air Berat,PERALATAN DAN MESIN,1.3.2.08.02.03.089
8240,Lab Water Purifier/Demmeralizer,PERALATAN DAN MESIN,1.3.2.08.02.03.090
8241,Lab Water Destiling /Bio Sistiling Apparatus,PERALATAN DAN MESIN,1.3.2.08.02.03.091
8242,Electrolytic Hr Generator,PERALATAN DAN MESIN,1.3.2.08.02.03.092
8243,Kepp'S Gas Generator,PERALATAN DAN MESIN,1.3.2.08.02.03.093
8244,Pickiing System,PERALATAN DAN MESIN,1.3.2.08.02.03.094
8245,Room Humidifier,PERALATAN DAN MESIN,1.3.2.08.02.03.095
8246,Room Dehudifier,PERALATAN DAN MESIN,1.3.2.08.02.03.096
8247,Humadity Chamber (General Laboratory Tool),PERALATAN DAN MESIN,1.3.2.08.02.03.097
8248,Laboratory /Service Wagon/Cart,PERALATAN DAN MESIN,1.3.2.08.02.03.098
8249,Plating System,PERALATAN DAN MESIN,1.3.2.08.02.03.099
8250,Herliac Welder & Special Ws,PERALATAN DAN MESIN,1.3.2.08.02.03.100
8251,Cambustion Tube,PERALATAN DAN MESIN,1.3.2.08.02.03.101
8252,Vacuum System,PERALATAN DAN MESIN,1.3.2.08.02.03.102
8253,Dewar,PERALATAN DAN MESIN,1.3.2.08.02.03.103
8254,Regulator Pemanas,PERALATAN DAN MESIN,1.3.2.08.02.03.104
8255,Pemanas Jaket,PERALATAN DAN MESIN,1.3.2.08.02.03.105
8256,Speed Dyna Mixer,PERALATAN DAN MESIN,1.3.2.08.02.03.106
8257,Crystal Growing+Cutter Mach,PERALATAN DAN MESIN,1.3.2.08.02.03.107
8258,Kandang Logam Untuk Penelitian,PERALATAN DAN MESIN,1.3.2.08.02.03.108
8259,Kandang Non Logam Untuk Penelitian,PERALATAN DAN MESIN,1.3.2.08.02.03.109
8260,Rak Kandang Logam Untuk Penelitian,PERALATAN DAN MESIN,1.3.2.08.02.03.110
8261,Rak Kandang Non Logam Untuk Penelitian,PERALATAN DAN MESIN,1.3.2.08.02.03.111
8262,Electric Digital,PERALATAN DAN MESIN,1.3.2.08.02.03.112
8263,Imtri tugal Screen,PERALATAN DAN MESIN,1.3.2.08.02.03.113
8264,Manual Screen,PERALATAN DAN MESIN,1.3.2.08.02.03.114
8265,Durham Rubes,PERALATAN DAN MESIN,1.3.2.08.02.03.115
8266,Panel Uto Power,PERALATAN DAN MESIN,1.3.2.08.02.03.116
8267,Panel Elevator,PERALATAN DAN MESIN,1.3.2.08.02.03.117
8268,Test Tube Holder,PERALATAN DAN MESIN,1.3.2.08.02.03.118
8269,Holder Contact Thermometer,PERALATAN DAN MESIN,1.3.2.08.02.03.119
8270,Holder Beverance Thermo,PERALATAN DAN MESIN,1.3.2.08.02.03.120
8271,general laboratory tool  lainnya (dst),PERALATAN DAN MESIN,1.3.2.08.02.03.121
8272,GLASSWARE PLASTIC/UTENSILS,PERALATAN DAN MESIN,1.3.2.08.02.04.000
8273,Burette,PERALATAN DAN MESIN,1.3.2.08.02.04.001
8274,Autometic Birelle,PERALATAN DAN MESIN,1.3.2.08.02.04.002
8275,Pipetter Epperdort,PERALATAN DAN MESIN,1.3.2.08.02.04.003
8276,Mikrolitre Piperdort,PERALATAN DAN MESIN,1.3.2.08.02.04.004
8277,Large Glass Vessel (Kataslitye Low Ex-Change),PERALATAN DAN MESIN,1.3.2.08.02.04.005
8278,Water Chiller,PERALATAN DAN MESIN,1.3.2.08.02.04.006
8279,Dessiccator,PERALATAN DAN MESIN,1.3.2.08.02.04.007
8280,"Cendensor (Liebig Davis,Dimrot,Spiral Allhm)",PERALATAN DAN MESIN,1.3.2.08.02.04.008
8281,Soxhlel Extractor,PERALATAN DAN MESIN,1.3.2.08.02.04.009
8282,"Crucible (Quartz,Porcelain)",PERALATAN DAN MESIN,1.3.2.08.02.04.010
8283,Curcible (Nickel. Etc),PERALATAN DAN MESIN,1.3.2.08.02.04.011
8284,Mortar Porcelain,PERALATAN DAN MESIN,1.3.2.08.02.04.012
8285,Integrated Circuit Taster (IC Taster),PERALATAN DAN MESIN,1.3.2.08.02.04.013
8286,Beaker,PERALATAN DAN MESIN,1.3.2.08.02.04.014
8287,Flask,PERALATAN DAN MESIN,1.3.2.08.02.04.015
8288,Bottle Aspirator,PERALATAN DAN MESIN,1.3.2.08.02.04.016
8289,Retort (Glassware Plastic/utensils),PERALATAN DAN MESIN,1.3.2.08.02.04.017
8290,Funnel,PERALATAN DAN MESIN,1.3.2.08.02.04.018
8291,Safety Can,PERALATAN DAN MESIN,1.3.2.08.02.04.019
8292,Safety Container/Jerrican,PERALATAN DAN MESIN,1.3.2.08.02.04.020
8293,Safety Container,PERALATAN DAN MESIN,1.3.2.08.02.04.021
8294,Tank,PERALATAN DAN MESIN,1.3.2.08.02.04.022
8295,Flat Bottom Flask,PERALATAN DAN MESIN,1.3.2.08.02.04.023
8296,Round Bottom Flask,PERALATAN DAN MESIN,1.3.2.08.02.04.024
8297,Kjadahi Flash,PERALATAN DAN MESIN,1.3.2.08.02.04.025
8298,Distilling Flask,PERALATAN DAN MESIN,1.3.2.08.02.04.026
8299,glassware plastic/utensils  lainnya (dst),PERALATAN DAN MESIN,1.3.2.08.02.04.027
8300,LABORATORY SAFETY EQUIPMENT,PERALATAN DAN MESIN,1.3.2.08.02.05.000
8301,Generator Set (Lab Scale),PERALATAN DAN MESIN,1.3.2.08.02.05.001
8302,Ear (Protecting) Muff,PERALATAN DAN MESIN,1.3.2.08.02.05.002
8303,Eye Goggles,PERALATAN DAN MESIN,1.3.2.08.02.05.003
8304,Face Shield (From Radiant Heat Spork),PERALATAN DAN MESIN,1.3.2.08.02.05.004
8305,Anti Dust & Toxic Fume Respirator,PERALATAN DAN MESIN,1.3.2.08.02.05.005
8306,Eyewash Station,PERALATAN DAN MESIN,1.3.2.08.02.05.006
8307,Hot Cell,PERALATAN DAN MESIN,1.3.2.08.02.05.007
8308,Lead Glass Window,PERALATAN DAN MESIN,1.3.2.08.02.05.008
8309,FPM Target Holder Assembly,PERALATAN DAN MESIN,1.3.2.08.02.05.009
8310,WNP Hook,PERALATAN DAN MESIN,1.3.2.08.02.05.010
8311,Fire Extinguisher,PERALATAN DAN MESIN,1.3.2.08.02.05.011
8312,Fire Extinguisher Carlage,PERALATAN DAN MESIN,1.3.2.08.02.05.012
8313,Capsule Handlling Toll & LA,PERALATAN DAN MESIN,1.3.2.08.02.05.013
8314,Isotop Stringer,PERALATAN DAN MESIN,1.3.2.08.02.05.014
8315,In Pool Holder For Stringer,PERALATAN DAN MESIN,1.3.2.08.02.05.015
8316,Fume Alert Napor Detector,PERALATAN DAN MESIN,1.3.2.08.02.05.016
8317,Smoke Detecting System & Alarm,PERALATAN DAN MESIN,1.3.2.08.02.05.017
8318,Fume/Gas Leak Detector (Laboratory Safety Equipment),PERALATAN DAN MESIN,1.3.2.08.02.05.018
8319,Fission Product Csb. TILIEC,PERALATAN DAN MESIN,1.3.2.08.02.05.019
8320,Electronic Controls,PERALATAN DAN MESIN,1.3.2.08.02.05.020
8321,Glove Box (Laboratory Safety Equipment),PERALATAN DAN MESIN,1.3.2.08.02.05.021
8322,Fume Hood (Laboratory Safety Equipment),PERALATAN DAN MESIN,1.3.2.08.02.05.022
8323,Acid Hood (Laboratory Safety Equipment),PERALATAN DAN MESIN,1.3.2.08.02.05.023
8324,Special Support Equip (Laboratory Safety Equipment),PERALATAN DAN MESIN,1.3.2.08.02.05.024
8325,Gamma Monitor (Laboratory Safety Equipment),PERALATAN DAN MESIN,1.3.2.08.02.05.025
8326,High Volume Air Sampler,PERALATAN DAN MESIN,1.3.2.08.02.05.026
8327,laboratory safety equipment  lainnya (dst),PERALATAN DAN MESIN,1.3.2.08.02.05.027
8328,UNIT ALAT LABORATORIUM KIMIA NUKLIR LAINNYA,PERALATAN DAN MESIN,1.3.2.08.02.06.000
8329,unit alat laboratorium kimia nuklir lainnya  lainnya (dst),PERALATAN DAN MESIN,1.3.2.08.02.06.001
8330,ALAT PERAGA PRAKTEK SEKOLAH,PERALATAN DAN MESIN,1.3.2.08.03.00.000
8331,ALAT PERAGA PRAKTEK SEKOLAH BIDANG STUDI : BAHASA INDONESIA,PERALATAN DAN MESIN,1.3.2.08.03.01.000
8332,Alat Peraga Praktek Sekolah Bidang Studi : Bahasa Indonesia,PERALATAN DAN MESIN,1.3.2.08.03.01.001
8333,Kit Bahasa A,PERALATAN DAN MESIN,1.3.2.08.03.01.002
8334,Papan Panel,PERALATAN DAN MESIN,1.3.2.08.03.01.003
8335,Kit SAS Individual,PERALATAN DAN MESIN,1.3.2.08.03.01.004
8336,Kotak Alat-alat Peraga Metode SAS,PERALATAN DAN MESIN,1.3.2.08.03.01.005
8337,Gambar Total,PERALATAN DAN MESIN,1.3.2.08.03.01.006
8338,Gambar Analitik,PERALATAN DAN MESIN,1.3.2.08.03.01.007
8339,Kotak Bahasa Untuk Kartu Kalimat Huruf Cetak dan Kartu Kalimat Huruf Tulis (nomor 66 dan nomor 6),PERALATAN DAN MESIN,1.3.2.08.03.01.008
8340,Kartu Kalimat Huruf Cetak,PERALATAN DAN MESIN,1.3.2.08.03.01.009
8341,Kartu Kalimat Dengan Huruf Cetak,PERALATAN DAN MESIN,1.3.2.08.03.01.010
8342,Kotak Bahasa Untuk Kartu Kata Dan Kartu Suku Kata dan Kartu Huruf,PERALATAN DAN MESIN,1.3.2.08.03.01.011
8343,Kartu Kata dengan Huruf Cetak,PERALATAN DAN MESIN,1.3.2.08.03.01.012
8344,Kartu Suku Kata dengan Huruf Cetak,PERALATAN DAN MESIN,1.3.2.08.03.01.013
8345,Kartu Huruf dengan Huruf Cetak,PERALATAN DAN MESIN,1.3.2.08.03.01.014
8346,Papan Alfabet,PERALATAN DAN MESIN,1.3.2.08.03.01.015
8347,Kain Panel,PERALATAN DAN MESIN,1.3.2.08.03.01.016
8348,alat peraga praktek sekolah bidang studi : bahasa indonesia  lainnya (dst),PERALATAN DAN MESIN,1.3.2.08.03.01.017
8349,ALAT PERAGA PRAKTEK SEKOLAH BIDANG STUDI : MATEMATIKA,PERALATAN DAN MESIN,1.3.2.08.03.02.000
8350,Kit Matematika,PERALATAN DAN MESIN,1.3.2.08.03.02.001
8351,Roda Motor,PERALATAN DAN MESIN,1.3.2.08.03.02.002
8352,Muka Jam,PERALATAN DAN MESIN,1.3.2.08.03.02.003
8353,Rak Bilangan Dua Ruang,PERALATAN DAN MESIN,1.3.2.08.03.02.004
8354,Rak Bilangan Tiga Ruang,PERALATAN DAN MESIN,1.3.2.08.03.02.005
8355,Papan Planel,PERALATAN DAN MESIN,1.3.2.08.03.02.006
8356,Papan Bergerak,PERALATAN DAN MESIN,1.3.2.08.03.02.007
8357,Papan Berpaku,PERALATAN DAN MESIN,1.3.2.08.03.02.008
8358,Papan Pasak,PERALATAN DAN MESIN,1.3.2.08.03.02.009
8359,Kubus Untuk Bilangan Berbaris Sepuluh,PERALATAN DAN MESIN,1.3.2.08.03.02.010
8360,Abakus Untuk Bilangan Berbaris,PERALATAN DAN MESIN,1.3.2.08.03.02.011
8361,Pengukur Luas,PERALATAN DAN MESIN,1.3.2.08.03.02.012
8362,Blok Untuk Bilangan,PERALATAN DAN MESIN,1.3.2.08.03.02.013
8363,Bangun-bangun Ruang,PERALATAN DAN MESIN,1.3.2.08.03.02.014
8364,Pola Bangun Ruang,PERALATAN DAN MESIN,1.3.2.08.03.02.015
8365,Kerangka Benda Ruang,PERALATAN DAN MESIN,1.3.2.08.03.02.016
8366,Aritmatika Jam,PERALATAN DAN MESIN,1.3.2.08.03.02.017
8367,Garis dan Bangun Ruang,PERALATAN DAN MESIN,1.3.2.08.03.02.018
8368,Pengukur Panjang Kurva,PERALATAN DAN MESIN,1.3.2.08.03.02.019
8369,Simetri Cermin,PERALATAN DAN MESIN,1.3.2.08.03.02.020
8370,Blok Untuk Bilangan Berbaris,PERALATAN DAN MESIN,1.3.2.08.03.02.021
8371,Blok Simetri Putar,PERALATAN DAN MESIN,1.3.2.08.03.02.022
8372,Blok Untuk Bilangan Berbaris Dua,PERALATAN DAN MESIN,1.3.2.08.03.02.023
8373,Blok Untuk Bilangan Berbaris Lima,PERALATAN DAN MESIN,1.3.2.08.03.02.024
8374,Bangunan dan Daerah Bangun Datar,PERALATAN DAN MESIN,1.3.2.08.03.02.025
8375,Kubus Satuan,PERALATAN DAN MESIN,1.3.2.08.03.02.026
8376,Miter Ceser B,PERALATAN DAN MESIN,1.3.2.08.03.02.027
8377,Blok Pytheagroras,PERALATAN DAN MESIN,1.3.2.08.03.02.028
8378,Blok Logica,PERALATAN DAN MESIN,1.3.2.08.03.02.029
8379,Blok Segitiga ABC,PERALATAN DAN MESIN,1.3.2.08.03.02.030
8380,Pengukur Sudut Elevansi,PERALATAN DAN MESIN,1.3.2.08.03.02.031
8381,Model Kubus,PERALATAN DAN MESIN,1.3.2.08.03.02.032
8382,Model Balok,PERALATAN DAN MESIN,1.3.2.08.03.02.033
8383,Model Prisma Segitiga Siku-siku,PERALATAN DAN MESIN,1.3.2.08.03.02.034
8384,Model Prima Tegak Segi Tiga,PERALATAN DAN MESIN,1.3.2.08.03.02.035
8385,Bidang Delapan Beraturan,PERALATAN DAN MESIN,1.3.2.08.03.02.036
8386,Model Bidang Dua Belas Beraturan,PERALATAN DAN MESIN,1.3.2.08.03.02.037
8387,Model Tabung Jaring-jaring,PERALATAN DAN MESIN,1.3.2.08.03.02.038
8388,Model Bola dan Setengah Bola,PERALATAN DAN MESIN,1.3.2.08.03.02.039
8389,Papan Paku Kecil,PERALATAN DAN MESIN,1.3.2.08.03.02.040
8390,Gawang Penghitung,PERALATAN DAN MESIN,1.3.2.08.03.02.041
8391,Gawang Angka,PERALATAN DAN MESIN,1.3.2.08.03.02.042
8392,Model Jam Bentuk Dasar,PERALATAN DAN MESIN,1.3.2.08.03.02.043
8393,Bola Gelinding,PERALATAN DAN MESIN,1.3.2.08.03.02.044
8394,Lempar Galang,PERALATAN DAN MESIN,1.3.2.08.03.02.045
8395,Detak-detak Tiang,PERALATAN DAN MESIN,1.3.2.08.03.02.046
8396,Papan Tulis Berkotak,PERALATAN DAN MESIN,1.3.2.08.03.02.047
8397,Model Bangun Ruang,PERALATAN DAN MESIN,1.3.2.08.03.02.048
8398,Alat Peraga Matematika,PERALATAN DAN MESIN,1.3.2.08.03.02.049
8399,alat peraga praktek sekolah bidang studi : matematika lainnya (dst),PERALATAN DAN MESIN,1.3.2.08.03.02.050
8400,ALAT PERAGA PRAKTEK SEKOLAH BIDANG STUDI : IPA DASAR,PERALATAN DAN MESIN,1.3.2.08.03.03.000
8401,Kotak Peti Lengkap,PERALATAN DAN MESIN,1.3.2.08.03.03.001
8402,Pembakar Spirtus,PERALATAN DAN MESIN,1.3.2.08.03.03.002
8403,Gelas Kimia,PERALATAN DAN MESIN,1.3.2.08.03.03.003
8404,Pemegang,PERALATAN DAN MESIN,1.3.2.08.03.03.004
8405,Kaca/Skala,PERALATAN DAN MESIN,1.3.2.08.03.03.005
8406,Batang Muai,PERALATAN DAN MESIN,1.3.2.08.03.03.006
8407,Langan Neraca,PERALATAN DAN MESIN,1.3.2.08.03.03.007
8408,Poros Neraca,PERALATAN DAN MESIN,1.3.2.08.03.03.008
8409,Mangkok Neraca,PERALATAN DAN MESIN,1.3.2.08.03.03.009
8410,Kubus Plastik,PERALATAN DAN MESIN,1.3.2.08.03.03.010
8411,Kubus Kayu,PERALATAN DAN MESIN,1.3.2.08.03.03.011
8412,Bola Baja,PERALATAN DAN MESIN,1.3.2.08.03.03.012
8413,Pipa Intai Bias,PERALATAN DAN MESIN,1.3.2.08.03.03.013
8414,Kontrol Tunggal,PERALATAN DAN MESIN,1.3.2.08.03.03.014
8415,Kontrol Ganda,PERALATAN DAN MESIN,1.3.2.08.03.03.015
8416,Pegas,PERALATAN DAN MESIN,1.3.2.08.03.03.016
8417,Volume Konstan,PERALATAN DAN MESIN,1.3.2.08.03.03.017
8418,Turbin Air,PERALATAN DAN MESIN,1.3.2.08.03.03.018
8419,Tabung Reaksi,PERALATAN DAN MESIN,1.3.2.08.03.03.019
8420,Magnet,PERALATAN DAN MESIN,1.3.2.08.03.03.020
8421,Sistem Optik,PERALATAN DAN MESIN,1.3.2.08.03.03.021
8422,Isi Golongan Penyimpanan 1,PERALATAN DAN MESIN,1.3.2.08.03.03.022
8423,Isi Golongan Penyimpanan 2,PERALATAN DAN MESIN,1.3.2.08.03.03.023
8424,Isi Golongan Penyimpanan 3,PERALATAN DAN MESIN,1.3.2.08.03.03.024
8425,Isi Golongan Penyimpanan 4,PERALATAN DAN MESIN,1.3.2.08.03.03.025
8426,Isi Golongan Penyimpanan 5,PERALATAN DAN MESIN,1.3.2.08.03.03.026
8427,Isi Golongan Penyimpanan 6,PERALATAN DAN MESIN,1.3.2.08.03.03.027
8428,Isi Golongan Penyimpanan 7,PERALATAN DAN MESIN,1.3.2.08.03.03.028
8429,Tutup Penyimpanan 21415,PERALATAN DAN MESIN,1.3.2.08.03.03.029
8430,Kelompok Penyimpanan/Laci 8,PERALATAN DAN MESIN,1.3.2.08.03.03.030
8431,Tutup Penyimpanan 3,PERALATAN DAN MESIN,1.3.2.08.03.03.031
8432,Tutup Penyimpanan 7,PERALATAN DAN MESIN,1.3.2.08.03.03.032
8433,alat peraga praktek sekolah bidang studi : ipa dasar lainnya (dst),PERALATAN DAN MESIN,1.3.2.08.03.03.033
8434,ALAT PERAGA PRAKTEK SEKOLAH BIDANG STUDI : IPA LANJUTAN,PERALATAN DAN MESIN,1.3.2.08.03.04.000
8435,Kerangka Karet,PERALATAN DAN MESIN,1.3.2.08.03.04.001
8436,Model Tengkarong,PERALATAN DAN MESIN,1.3.2.08.03.04.002
8437,Model Lidah,PERALATAN DAN MESIN,1.3.2.08.03.04.003
8438,Model Tarso Wanita,PERALATAN DAN MESIN,1.3.2.08.03.04.004
8439,Model Jantung,PERALATAN DAN MESIN,1.3.2.08.03.04.005
8440,Model Rahang Gigi,PERALATAN DAN MESIN,1.3.2.08.03.04.006
8441,Model Pencernaan Makanan,PERALATAN DAN MESIN,1.3.2.08.03.04.007
8442,Model mata,PERALATAN DAN MESIN,1.3.2.08.03.04.008
8443,Model Kuda,PERALATAN DAN MESIN,1.3.2.08.03.04.009
8444,Model Lembu,PERALATAN DAN MESIN,1.3.2.08.03.04.010
8445,Model Torso Mini,PERALATAN DAN MESIN,1.3.2.08.03.04.011
8446,Gelas Ukur,PERALATAN DAN MESIN,1.3.2.08.03.04.012
8447,Pipet Tetes,PERALATAN DAN MESIN,1.3.2.08.03.04.013
8448,Batu Timbangan,PERALATAN DAN MESIN,1.3.2.08.03.04.014
8449,Labu Erlen Mayer,PERALATAN DAN MESIN,1.3.2.08.03.04.015
8450,Corong,PERALATAN DAN MESIN,1.3.2.08.03.04.016
8451,Pipa Plastik,PERALATAN DAN MESIN,1.3.2.08.03.04.017
8452,Bak Air,PERALATAN DAN MESIN,1.3.2.08.03.04.018
8453,Sumbat Erlemenyer,PERALATAN DAN MESIN,1.3.2.08.03.04.019
8454,Bendera dan Gabus,PERALATAN DAN MESIN,1.3.2.08.03.04.020
8455,Cawan Alumunium,PERALATAN DAN MESIN,1.3.2.08.03.04.021
8456,Thermometer Kamar,PERALATAN DAN MESIN,1.3.2.08.03.04.022
8457,Thermometer 0.0 - 100.0 C,PERALATAN DAN MESIN,1.3.2.08.03.04.023
8458,Pengaduk,PERALATAN DAN MESIN,1.3.2.08.03.04.024
8459,Thermometer Badan,PERALATAN DAN MESIN,1.3.2.08.03.04.025
8460,Balok Berkait,PERALATAN DAN MESIN,1.3.2.08.03.04.026
8461,Silinder Berkait,PERALATAN DAN MESIN,1.3.2.08.03.04.027
8462,Sumbat Pipa Runcing,PERALATAN DAN MESIN,1.3.2.08.03.04.028
8463,Pipet Isap,PERALATAN DAN MESIN,1.3.2.08.03.04.029
8464,Kaki Tiga,PERALATAN DAN MESIN,1.3.2.08.03.04.030
8465,Sumbat-Sumbat Pipa Gelas,PERALATAN DAN MESIN,1.3.2.08.03.04.031
8466,Penjepit Tabung Reaksi Jembatan,PERALATAN DAN MESIN,1.3.2.08.03.04.032
8467,Jembatan,PERALATAN DAN MESIN,1.3.2.08.03.04.033
8468,Batang Bambu/Besi,PERALATAN DAN MESIN,1.3.2.08.03.04.034
8469,Lampu Spirtus,PERALATAN DAN MESIN,1.3.2.08.03.04.035
8470,Batang Logam,PERALATAN DAN MESIN,1.3.2.08.03.04.036
8471,Batang Kuningan,PERALATAN DAN MESIN,1.3.2.08.03.04.037
8472,Batang Gelas,PERALATAN DAN MESIN,1.3.2.08.03.04.038
8473,Landasan Segi Tiga,PERALATAN DAN MESIN,1.3.2.08.03.04.039
8474,Pemberat,PERALATAN DAN MESIN,1.3.2.08.03.04.040
8475,Statip Lilin,PERALATAN DAN MESIN,1.3.2.08.03.04.041
8476,Gelas Horizontal,PERALATAN DAN MESIN,1.3.2.08.03.04.042
8477,Layar,PERALATAN DAN MESIN,1.3.2.08.03.04.043
8478,Lensa,PERALATAN DAN MESIN,1.3.2.08.03.04.044
8479,Stetip Film,PERALATAN DAN MESIN,1.3.2.08.03.04.045
8480,Tabung Reaksi,PERALATAN DAN MESIN,1.3.2.08.03.04.046
8481,Kompas,PERALATAN DAN MESIN,1.3.2.08.03.04.047
8482,Kunci Sinyal,PERALATAN DAN MESIN,1.3.2.08.03.04.048
8483,Bel Listrik,PERALATAN DAN MESIN,1.3.2.08.03.04.049
8484,Alas Dengan Lampu + Kontak,PERALATAN DAN MESIN,1.3.2.08.03.04.050
8485,Pasangan Batu Baterai Seri,PERALATAN DAN MESIN,1.3.2.08.03.04.051
8486,Pasangan Batu Baterai Paralel,PERALATAN DAN MESIN,1.3.2.08.03.04.052
8487,Cawan Patri,PERALATAN DAN MESIN,1.3.2.08.03.04.053
8488,Pensil Kaca,PERALATAN DAN MESIN,1.3.2.08.03.04.054
8489,Pot Plastik,PERALATAN DAN MESIN,1.3.2.08.03.04.055
8490,Pipa Karet,PERALATAN DAN MESIN,1.3.2.08.03.04.056
8491,Pipa Kaca Lurus,PERALATAN DAN MESIN,1.3.2.08.03.04.057
8492,Statip Tabung Reaksi,PERALATAN DAN MESIN,1.3.2.08.03.04.058
8493,Gelas Piala,PERALATAN DAN MESIN,1.3.2.08.03.04.059
8494,Botol Spesiman,PERALATAN DAN MESIN,1.3.2.08.03.04.060
8495,Sumbat Karet,PERALATAN DAN MESIN,1.3.2.08.03.04.061
8496,Sumbat Berlubang 2 (dua),PERALATAN DAN MESIN,1.3.2.08.03.04.062
8497,Pinset Bengkok,PERALATAN DAN MESIN,1.3.2.08.03.04.063
8498,Alat Demonstrasi Pernapasan,PERALATAN DAN MESIN,1.3.2.08.03.04.064
8499,Pipa Bentuk Y,PERALATAN DAN MESIN,1.3.2.08.03.04.065
8500,alat peraga praktek sekolah bidang studi : ipa lanjutan lainnya (dst),PERALATAN DAN MESIN,1.3.2.08.03.04.066
8501,ALAT PERAGA PRAKTEK SEKOLAH BIDANG STUDI : IPA MENENGAH,PERALATAN DAN MESIN,1.3.2.08.03.05.000
8502,Bejana Berhubungan,PERALATAN DAN MESIN,1.3.2.08.03.05.001
8503,Pipa Kapiter,PERALATAN DAN MESIN,1.3.2.08.03.05.002
8504,Ember S'Gravesandre,PERALATAN DAN MESIN,1.3.2.08.03.05.003
8505,Galangan Kapal,PERALATAN DAN MESIN,1.3.2.08.03.05.004
8506,Manometer Terbuka,PERALATAN DAN MESIN,1.3.2.08.03.05.005
8507,Manometer Tertutup,PERALATAN DAN MESIN,1.3.2.08.03.05.006
8508,Pompa Karet,PERALATAN DAN MESIN,1.3.2.08.03.05.007
8509,2 Pipa Gelas + Karet Penyumbat,PERALATAN DAN MESIN,1.3.2.08.03.05.008
8510,Pipa Bengkok + Sumbat,PERALATAN DAN MESIN,1.3.2.08.03.05.009
8511,Batu Timbangan Berkait,PERALATAN DAN MESIN,1.3.2.08.03.05.010
8512,Alas Jungkitan,PERALATAN DAN MESIN,1.3.2.08.03.05.011
8513,Katrol,PERALATAN DAN MESIN,1.3.2.08.03.05.012
8514,Penahan Ban,PERALATAN DAN MESIN,1.3.2.08.03.05.013
8515,Desimeter,PERALATAN DAN MESIN,1.3.2.08.03.05.014
8516,Alat Untuk Menunjukan Tekanan Dalam Kelema,PERALATAN DAN MESIN,1.3.2.08.03.05.015
8517,Tabung Resonansi,PERALATAN DAN MESIN,1.3.2.08.03.05.016
8518,Garpu Penala,PERALATAN DAN MESIN,1.3.2.08.03.05.017
8519,Lempeng Gelas,PERALATAN DAN MESIN,1.3.2.08.03.05.018
8520,Galang Sandaran/Ring,PERALATAN DAN MESIN,1.3.2.08.03.05.019
8521,Alat Menunjukan Aliran Zat Cair,PERALATAN DAN MESIN,1.3.2.08.03.05.020
8522,Pipa Pendingin/Penyuling,PERALATAN DAN MESIN,1.3.2.08.03.05.021
8523,Rol Optik,PERALATAN DAN MESIN,1.3.2.08.03.05.022
8524,Sumber Cahaya,PERALATAN DAN MESIN,1.3.2.08.03.05.023
8525,Rangka Penjepit,PERALATAN DAN MESIN,1.3.2.08.03.05.024
8526,Celah Satu Horisontal,PERALATAN DAN MESIN,1.3.2.08.03.05.025
8527,Layar,PERALATAN DAN MESIN,1.3.2.08.03.05.026
8528,Cermin Datar Dan Skala,PERALATAN DAN MESIN,1.3.2.08.03.05.027
8529,Klem Pegas,PERALATAN DAN MESIN,1.3.2.08.03.05.028
8530,Lempeng Perpeks 1/2 Lingkaran,PERALATAN DAN MESIN,1.3.2.08.03.05.029
8531,Prisma (Lempeng),PERALATAN DAN MESIN,1.3.2.08.03.05.030
8532,Lempeng Plane Paralel,PERALATAN DAN MESIN,1.3.2.08.03.05.031
8533,Celah Lima Horisontal,PERALATAN DAN MESIN,1.3.2.08.03.05.032
8534,Lensa Pepeku Bikonfeks,PERALATAN DAN MESIN,1.3.2.08.03.05.033
8535,Lensa Perpeku Konkaf,PERALATAN DAN MESIN,1.3.2.08.03.05.034
8536,Lensa F+15,PERALATAN DAN MESIN,1.3.2.08.03.05.035
8537,Lensa F+10,PERALATAN DAN MESIN,1.3.2.08.03.05.036
8538,Lensa F+5,PERALATAN DAN MESIN,1.3.2.08.03.05.037
8539,Lensa F+30,PERALATAN DAN MESIN,1.3.2.08.03.05.038
8540,Lensa F+15,PERALATAN DAN MESIN,1.3.2.08.03.05.039
8541,Lensa F+12,PERALATAN DAN MESIN,1.3.2.08.03.05.040
8542,Magnit Batang,PERALATAN DAN MESIN,1.3.2.08.03.05.041
8543,Sebuk Besi,PERALATAN DAN MESIN,1.3.2.08.03.05.042
8544,Tombok Tekan,PERALATAN DAN MESIN,1.3.2.08.03.05.043
8545,Kumparan 300,PERALATAN DAN MESIN,1.3.2.08.03.05.044
8546,Inti Kumparan 300 Lilitan,PERALATAN DAN MESIN,1.3.2.08.03.05.045
8547,Ampermeter,PERALATAN DAN MESIN,1.3.2.08.03.05.046
8548,Batang Gelas/Plastik,PERALATAN DAN MESIN,1.3.2.08.03.05.047
8549,Voltmeter,PERALATAN DAN MESIN,1.3.2.08.03.05.048
8550,Beberapa Tahan,PERALATAN DAN MESIN,1.3.2.08.03.05.049
8551,Lensa Tangan,PERALATAN DAN MESIN,1.3.2.08.03.05.050
8552,Papan Pengempres,PERALATAN DAN MESIN,1.3.2.08.03.05.051
8553,Papan Perentang,PERALATAN DAN MESIN,1.3.2.08.03.05.052
8554,Gelas Objek,PERALATAN DAN MESIN,1.3.2.08.03.05.053
8555,Gelas Penutup,PERALATAN DAN MESIN,1.3.2.08.03.05.054
8556,Mikroskop,PERALATAN DAN MESIN,1.3.2.08.03.05.055
8557,Bronthymol Biru,PERALATAN DAN MESIN,1.3.2.08.03.05.056
8558,Belyar,PERALATAN DAN MESIN,1.3.2.08.03.05.057
8559,Pipa Manometer,PERALATAN DAN MESIN,1.3.2.08.03.05.058
8560,Pipa Gelas,PERALATAN DAN MESIN,1.3.2.08.03.05.059
8561,Sepit Kayu,PERALATAN DAN MESIN,1.3.2.08.03.05.060
8562,Mortir/Alu,PERALATAN DAN MESIN,1.3.2.08.03.05.061
8563,Rak Tabung Reaksi,PERALATAN DAN MESIN,1.3.2.08.03.05.062
8564,Sumbat Karet Berpipa,PERALATAN DAN MESIN,1.3.2.08.03.05.063
8565,Sumbat Erlemeyer Berpipa,PERALATAN DAN MESIN,1.3.2.08.03.05.064
8566,Sumbat Tabung Reaksi + Pipa Lurus,PERALATAN DAN MESIN,1.3.2.08.03.05.065
8567,Thermos Kecil,PERALATAN DAN MESIN,1.3.2.08.03.05.066
8568,Pot Besar,PERALATAN DAN MESIN,1.3.2.08.03.05.067
8569,alat peraga praktek sekolah bidang studi : ipa menengah lainnya (dst),PERALATAN DAN MESIN,1.3.2.08.03.05.068
8570,ALAT PERAGA PRAKTEK SEKOLAH BIDANG STUDI : IPA ATAS,PERALATAN DAN MESIN,1.3.2.08.03.06.000
8571,Model Kepala dan Otak,PERALATAN DAN MESIN,1.3.2.08.03.06.001
8572,Model Kulit,PERALATAN DAN MESIN,1.3.2.08.03.06.002
8573,Model Mata,PERALATAN DAN MESIN,1.3.2.08.03.06.003
8574,Model Telinga,PERALATAN DAN MESIN,1.3.2.08.03.06.004
8575,Model Hati dan Ginjal,PERALATAN DAN MESIN,1.3.2.08.03.06.005
8576,Model Gigi,PERALATAN DAN MESIN,1.3.2.08.03.06.006
8577,Model Lambung,PERALATAN DAN MESIN,1.3.2.08.03.06.007
8578,Model Ginjal,PERALATAN DAN MESIN,1.3.2.08.03.06.008
8579,Slotted Weight Dan Hanger 250 Gram,PERALATAN DAN MESIN,1.3.2.08.03.06.009
8580,Slotted Weight Dan Hanger 10-00 Gram,PERALATAN DAN MESIN,1.3.2.08.03.06.010
8581,Bel Listrik,PERALATAN DAN MESIN,1.3.2.08.03.06.011
8582,Elektroda Tembaga (Voltameter),PERALATAN DAN MESIN,1.3.2.08.03.06.012
8583,Alat Hartle,PERALATAN DAN MESIN,1.3.2.08.03.06.013
8584,Hygrometer Basah dan Kering,PERALATAN DAN MESIN,1.3.2.08.03.06.014
8585,Motor Listrik,PERALATAN DAN MESIN,1.3.2.08.03.06.015
8586,Ticker Limer,PERALATAN DAN MESIN,1.3.2.08.03.06.016
8587,Conductivity App,PERALATAN DAN MESIN,1.3.2.08.03.06.017
8588,Katrol Ganda,PERALATAN DAN MESIN,1.3.2.08.03.06.018
8589,Silinder Materi,PERALATAN DAN MESIN,1.3.2.08.03.06.019
8590,Pascal Syirine,PERALATAN DAN MESIN,1.3.2.08.03.06.020
8591,Alat Difusi Zat Cair (Liquit Diff App),PERALATAN DAN MESIN,1.3.2.08.03.06.021
8592,Alat Ukur Takanan Air (Poot Presure App),PERALATAN DAN MESIN,1.3.2.08.03.06.022
8593,Foto Meter,PERALATAN DAN MESIN,1.3.2.08.03.06.023
8594,Kotak Kaca Obyek,PERALATAN DAN MESIN,1.3.2.08.03.06.024
8595,Snaper For Crok BererTabung Penyuling,PERALATAN DAN MESIN,1.3.2.08.03.06.025
8596,Tabung Penyuling,PERALATAN DAN MESIN,1.3.2.08.03.06.026
8597,Lampu Spirtus,PERALATAN DAN MESIN,1.3.2.08.03.06.027
8598,Segitiga Porselin,PERALATAN DAN MESIN,1.3.2.08.03.06.028
8599,Jepitan Tabung Reaksi,PERALATAN DAN MESIN,1.3.2.08.03.06.029
8600,Spatula Tanduk,PERALATAN DAN MESIN,1.3.2.08.03.06.030
8601,Spatula Stenless Steel,PERALATAN DAN MESIN,1.3.2.08.03.06.031
8602,Sikat Tabung Reaksi Besar Kecil,PERALATAN DAN MESIN,1.3.2.08.03.06.032
8603,Pipa T,PERALATAN DAN MESIN,1.3.2.08.03.06.033
8604,Pipa Y dari Kaca,PERALATAN DAN MESIN,1.3.2.08.03.06.034
8605,Pipa Ukuran 5 ml,PERALATAN DAN MESIN,1.3.2.08.03.06.035
8606,Pipa Ukuran 10 ml,PERALATAN DAN MESIN,1.3.2.08.03.06.036
8607,Pipa Ukuran 25 ml,PERALATAN DAN MESIN,1.3.2.08.03.06.037
8608,Model Jantung,PERALATAN DAN MESIN,1.3.2.08.03.06.038
8609,alat peraga praktek sekolah bidang studi : ipa atas lainnya (dst),PERALATAN DAN MESIN,1.3.2.08.03.06.039
8610,ALAT PERAGA PRAKTEK SEKOLAH BIDANG STUDI : IPS,PERALATAN DAN MESIN,1.3.2.08.03.07.000
8611,Alat Peraga Praktek Sekolah Bidang Studi : IPS,PERALATAN DAN MESIN,1.3.2.08.03.07.001
8612,alat peraga praktek sekolah bidang studi : ips lainnya (dst),PERALATAN DAN MESIN,1.3.2.08.03.07.002
8613,ALAT PERAGA PRAKTEK SEKOLAH BIDANG STUDI : AGAMA,PERALATAN DAN MESIN,1.3.2.08.03.08.000
8614,Alat Peraga Membaca Dan Menulis Al-Qur'an,PERALATAN DAN MESIN,1.3.2.08.03.08.001
8615,Papan Peraga,PERALATAN DAN MESIN,1.3.2.08.03.08.002
8616,alat peraga praktek sekolah bidang studi : agama  lainnya (dst),PERALATAN DAN MESIN,1.3.2.08.03.08.003
8617,ALAT PERAGA PRAKTEK SEKOLAH BIDANG STUDI : KETERAMPILAN,PERALATAN DAN MESIN,1.3.2.08.03.09.000
8618,Sekop,PERALATAN DAN MESIN,1.3.2.08.03.09.001
8619,Panci,PERALATAN DAN MESIN,1.3.2.08.03.09.002
8620,Lumpang Besi,PERALATAN DAN MESIN,1.3.2.08.03.09.003
8621,alat peraga praktek sekolah bidang studi : keterampilan lainnya (dst),PERALATAN DAN MESIN,1.3.2.08.03.09.004
8622,ALAT PERAGA PRAKTEK SEKOLAH BIDANG STUDI : KESENIAN,PERALATAN DAN MESIN,1.3.2.08.03.10.000
8623,Gitar Sopanish,PERALATAN DAN MESIN,1.3.2.08.03.10.001
8624,Gitar Elastrik,PERALATAN DAN MESIN,1.3.2.08.03.10.002
8625,Piano,PERALATAN DAN MESIN,1.3.2.08.03.10.003
8626,Orgen/Electrone,PERALATAN DAN MESIN,1.3.2.08.03.10.004
8627,Recorder,PERALATAN DAN MESIN,1.3.2.08.03.10.005
8628,Stem Fluid,PERALATAN DAN MESIN,1.3.2.08.03.10.006
8629,Gambar Didinding Notasi Musik,PERALATAN DAN MESIN,1.3.2.08.03.10.007
8630,Pianika,PERALATAN DAN MESIN,1.3.2.08.03.10.008
8631,Harmonika,PERALATAN DAN MESIN,1.3.2.08.03.10.009
8632,Gamelan,PERALATAN DAN MESIN,1.3.2.08.03.10.010
8633,Angklung,PERALATAN DAN MESIN,1.3.2.08.03.10.011
8634,Suling/Seruling,PERALATAN DAN MESIN,1.3.2.08.03.10.012
8635,Kecapi,PERALATAN DAN MESIN,1.3.2.08.03.10.013
8636,Rebab,PERALATAN DAN MESIN,1.3.2.08.03.10.014
8637,Garpu Tala,PERALATAN DAN MESIN,1.3.2.08.03.10.015
8638,Gendang,PERALATAN DAN MESIN,1.3.2.08.03.10.016
8639,alat peraga praktek sekolah bidang studi : kesenian lainnya (dst),PERALATAN DAN MESIN,1.3.2.08.03.10.017
8640,ALAT PERAGA PRAKTEK SEKOLAH BIDANG STUDI : OLAH RAGA,PERALATAN DAN MESIN,1.3.2.08.03.11.000
8641,Kayu Pemukul,PERALATAN DAN MESIN,1.3.2.08.03.11.001
8642,Start Blok,PERALATAN DAN MESIN,1.3.2.08.03.11.002
8643,Pita Ukuran (Meteran),PERALATAN DAN MESIN,1.3.2.08.03.11.003
8644,alat peraga praktek sekolah bidang studi : olah raga lainnya (dst),PERALATAN DAN MESIN,1.3.2.08.03.11.004
8645,ALAT PERAGA PRAKTEK SEKOLAH BIDANG STUDI : PKN,PERALATAN DAN MESIN,1.3.2.08.03.12.000
8646,Lambang Negara (Garuda),PERALATAN DAN MESIN,1.3.2.08.03.12.001
8647,Bendera Merah Putih,PERALATAN DAN MESIN,1.3.2.08.03.12.002
8648,ALat Peraga PMP Lain-lain Dst-.,PERALATAN DAN MESIN,1.3.2.08.03.12.003
8649,ALat Peraga PMP Lain-lain Dst...,PERALATAN DAN MESIN,1.3.2.08.03.12.004
8650,ALat Peraga PMP Lain-lain Dst....,PERALATAN DAN MESIN,1.3.2.08.03.12.005
8651,ALat Peraga PMP Lain-lain Dst...,PERALATAN DAN MESIN,1.3.2.08.03.12.006
8652,"ALAT PERAGA LUAR BIASA (TUNA NETRA, TERAPI FISIK, TUNA DAKSA, TUNA RUNGU)",PERALATAN DAN MESIN,1.3.2.08.03.13.000
8653,Struktur Bumi 3 Dimensi Braille,PERALATAN DAN MESIN,1.3.2.08.03.13.001
8654,Alat Peraga Tuna Netra Abakus,PERALATAN DAN MESIN,1.3.2.08.03.13.002
8655,Alat Peraga Tuna Netra Blokis,PERALATAN DAN MESIN,1.3.2.08.03.13.003
8656,Alat Peraga Tuna Netra Bola Kaki Bunyi,PERALATAN DAN MESIN,1.3.2.08.03.13.004
8657,Alat Peraga Tuna Netra Braille Text,PERALATAN DAN MESIN,1.3.2.08.03.13.005
8658,Alat Peraga Tuna Netra Busur Derajat Braille,PERALATAN DAN MESIN,1.3.2.08.03.13.006
8659,Alat Peraga Tuna Netra Catur Tunanetra,PERALATAN DAN MESIN,1.3.2.08.03.13.007
8660,Alat Peraga Tuna Netra Globe Timbul,PERALATAN DAN MESIN,1.3.2.08.03.13.008
8661,"alat peraga luar biasa (tuna netra, terapi fisik, tuna daksa, tuna rungu) lainnya (dst)",PERALATAN DAN MESIN,1.3.2.08.03.13.009
8662,ALAT PERAGA KEJURUAN,PERALATAN DAN MESIN,1.3.2.08.03.14.000
8663,Alat Peraga Autotronik Actuators Of Engine Management System,PERALATAN DAN MESIN,1.3.2.08.03.14.001
8664,Alat Peraga Autotronik Anti Lock Brake System (ABS),PERALATAN DAN MESIN,1.3.2.08.03.14.002
8665,Alat Peraga Autotronik Digital Electronic Fundamental Trainer For Automotive,PERALATAN DAN MESIN,1.3.2.08.03.14.003
8666,Alat Peraga Autotronik Electrical Fundamental Trainer For Automotive,PERALATAN DAN MESIN,1.3.2.08.03.14.004
8667,alat peraga kejuruan lainnya (dst),PERALATAN DAN MESIN,1.3.2.08.03.14.005
8668,ALAT PERAGA PAUD/TK,PERALATAN DAN MESIN,1.3.2.08.03.15.000
8669,Magnetik Angka,PERALATAN DAN MESIN,1.3.2.08.03.15.001
8670,Magnetic Angka First Classroom,PERALATAN DAN MESIN,1.3.2.08.03.15.002
8671,Magnetic Angka Plastik,PERALATAN DAN MESIN,1.3.2.08.03.15.003
8672,Magnetic Learning Set,PERALATAN DAN MESIN,1.3.2.08.03.15.004
8673,alat peraga paud/tk lainnya (dst),PERALATAN DAN MESIN,1.3.2.08.03.15.005
8674,ALAT PERAGA PRAKTEK SEKOLAH LAINNYA,PERALATAN DAN MESIN,1.3.2.08.03.16.000
8675,alat peraga praktek sekolah lainnya lainnya (dst),PERALATAN DAN MESIN,1.3.2.08.03.16.001
8676,ALAT LABORATORIUM FISIKA NUKLIR/ELEKTRONIKA,PERALATAN DAN MESIN,1.3.2.08.04.00.000
8677,RADIATION DETECTOR,PERALATAN DAN MESIN,1.3.2.08.04.01.000
8678,Ge Detector (Planer + Coaxlal),PERALATAN DAN MESIN,1.3.2.08.04.01.001
8679,SI (LI) Detector,PERALATAN DAN MESIN,1.3.2.08.04.01.002
8680,GE (LI) Coakxial Detector,PERALATAN DAN MESIN,1.3.2.08.04.01.003
8681,Thin Windaw Ge (Li) Coakxial Detector,PERALATAN DAN MESIN,1.3.2.08.04.01.004
8682,Assesories Ni Liq + Ln2,PERALATAN DAN MESIN,1.3.2.08.04.01.005
8683,LN2 Detector,PERALATAN DAN MESIN,1.3.2.08.04.01.006
8684,Vertical Dispstick Cryostat,PERALATAN DAN MESIN,1.3.2.08.04.01.007
8685,Horisontal Dispstick Cryostat,PERALATAN DAN MESIN,1.3.2.08.04.01.008
8686,45 Dispstick Cryostat,PERALATAN DAN MESIN,1.3.2.08.04.01.009
8687,Detector Alpha,PERALATAN DAN MESIN,1.3.2.08.04.01.010
8688,Sillicon Surfase Barrier Detector (SSB),PERALATAN DAN MESIN,1.3.2.08.04.01.011
8689,Vacuum Chamber,PERALATAN DAN MESIN,1.3.2.08.04.01.012
8690,"Gos Filled Detector (He,3 Bf3)",PERALATAN DAN MESIN,1.3.2.08.04.01.013
8691,Nal Scintillation Detector,PERALATAN DAN MESIN,1.3.2.08.04.01.014
8692,Fast Neutron Scintillation Detector,PERALATAN DAN MESIN,1.3.2.08.04.01.015
8693,Monitor Kontaminasi,PERALATAN DAN MESIN,1.3.2.08.04.01.016
8694,Fume Alert Detector,PERALATAN DAN MESIN,1.3.2.08.04.01.017
8695,Detector Nal TI,PERALATAN DAN MESIN,1.3.2.08.04.01.018
8696,Smoke Detecting System and Alarm,PERALATAN DAN MESIN,1.3.2.08.04.01.019
8697,Monitor Radiasi,PERALATAN DAN MESIN,1.3.2.08.04.01.020
8698,Fume/gas Leak Detector (Radiation Detector),PERALATAN DAN MESIN,1.3.2.08.04.01.021
8699,Fission Product Csb. Tillec,PERALATAN DAN MESIN,1.3.2.08.04.01.022
8700,Electronic Control (Radiation Detector),PERALATAN DAN MESIN,1.3.2.08.04.01.023
8701,Glove Box (Radiation Detector),PERALATAN DAN MESIN,1.3.2.08.04.01.024
8702,Fume Hood (Radiation Detector),PERALATAN DAN MESIN,1.3.2.08.04.01.025
8703,Acid Hood (Radiation Detector),PERALATAN DAN MESIN,1.3.2.08.04.01.026
8704,Special Support Equip (Radiation Detector),PERALATAN DAN MESIN,1.3.2.08.04.01.027
8705,Gamma Monitor (Radiation Detector),PERALATAN DAN MESIN,1.3.2.08.04.01.028
8706,Hight Volume Air Sampler,PERALATAN DAN MESIN,1.3.2.08.04.01.029
8707,Walkthrough/Radiation Portal Monitor,PERALATAN DAN MESIN,1.3.2.08.04.01.030
8708,Dose Area Product/Kerma Area Product,PERALATAN DAN MESIN,1.3.2.08.04.01.031
8709,radiation detector  lainnya (dst),PERALATAN DAN MESIN,1.3.2.08.04.01.032
8710,MODULAR COUNTING AND SCIENTIFIC ELECTRONIC,PERALATAN DAN MESIN,1.3.2.08.04.02.000
8711,Preamplifier Proportional Couter,PERALATAN DAN MESIN,1.3.2.08.04.02.001
8712,Preamplifier GE (LI) Detactor,PERALATAN DAN MESIN,1.3.2.08.04.02.002
8713,Preamplifier SSB Detactor,PERALATAN DAN MESIN,1.3.2.08.04.02.003
8714,Preamplifier Semi Conductor Detactor,PERALATAN DAN MESIN,1.3.2.08.04.02.004
8715,Preamplifier Scietillation Detactor,PERALATAN DAN MESIN,1.3.2.08.04.02.005
8716,Preamplifier PM Tube Bose,PERALATAN DAN MESIN,1.3.2.08.04.02.006
8717,Spectroscopy Amplifier,PERALATAN DAN MESIN,1.3.2.08.04.02.007
8718,Double Delay Line Amplifier,PERALATAN DAN MESIN,1.3.2.08.04.02.008
8719,Delay Amplifier,PERALATAN DAN MESIN,1.3.2.08.04.02.009
8720,Biased Amplifier,PERALATAN DAN MESIN,1.3.2.08.04.02.010
8721,Preamp/Amp/Disc (PAD),PERALATAN DAN MESIN,1.3.2.08.04.02.011
8722,Timming Filter Amplifier,PERALATAN DAN MESIN,1.3.2.08.04.02.012
8723,Sum-Invert Amplifier,PERALATAN DAN MESIN,1.3.2.08.04.02.013
8724,Time Analyzer,PERALATAN DAN MESIN,1.3.2.08.04.02.014
8725,Constant Fraction Deseriminator,PERALATAN DAN MESIN,1.3.2.08.04.02.015
8726,Universal Coincidence,PERALATAN DAN MESIN,1.3.2.08.04.02.016
8727,Coincidence Analyzer,PERALATAN DAN MESIN,1.3.2.08.04.02.017
8728,Logic Shaper And Delay,PERALATAN DAN MESIN,1.3.2.08.04.02.018
8729,Namosec Delay,PERALATAN DAN MESIN,1.3.2.08.04.02.019
8730,Fast/Slow Coincidence,PERALATAN DAN MESIN,1.3.2.08.04.02.020
8731,Analog To Digital Converter (ADC),PERALATAN DAN MESIN,1.3.2.08.04.02.021
8732,Linear Gate,PERALATAN DAN MESIN,1.3.2.08.04.02.022
8733,Linear Gate And Streteher,PERALATAN DAN MESIN,1.3.2.08.04.02.023
8734,Live-Time Counector Pile Up Rejector,PERALATAN DAN MESIN,1.3.2.08.04.02.024
8735,Spectrum Stabilyzer,PERALATAN DAN MESIN,1.3.2.08.04.02.025
8736,Logic Analyzer (Modular Counting And Scentific Electronic),PERALATAN DAN MESIN,1.3.2.08.04.02.026
8737,Mixer Rauter,PERALATAN DAN MESIN,1.3.2.08.04.02.027
8738,Linear Logarithmic Ratemeter,PERALATAN DAN MESIN,1.3.2.08.04.02.028
8739,Linear Ratemeter,PERALATAN DAN MESIN,1.3.2.08.04.02.029
8740,Multi-Input -Multi Scaler,PERALATAN DAN MESIN,1.3.2.08.04.02.030
8741,Blind Scaler,PERALATAN DAN MESIN,1.3.2.08.04.02.031
8742,Data Input,PERALATAN DAN MESIN,1.3.2.08.04.02.032
8743,Paralel To Serial Converter,PERALATAN DAN MESIN,1.3.2.08.04.02.033
8744,Paper Tape Scanner,PERALATAN DAN MESIN,1.3.2.08.04.02.034
8745,Teletype Scanner,PERALATAN DAN MESIN,1.3.2.08.04.02.035
8746,Blind Timer,PERALATAN DAN MESIN,1.3.2.08.04.02.036
8747,Timer/Scaler/Counter,PERALATAN DAN MESIN,1.3.2.08.04.02.037
8748,Chronometer (Modular Counting And Scentific Electronic),PERALATAN DAN MESIN,1.3.2.08.04.02.038
8749,Serial Scanner/Printer,PERALATAN DAN MESIN,1.3.2.08.04.02.039
8750,Preamp Power Supply,PERALATAN DAN MESIN,1.3.2.08.04.02.040
8751,Bin/Power Supply,PERALATAN DAN MESIN,1.3.2.08.04.02.041
8752,HV Power Supply,PERALATAN DAN MESIN,1.3.2.08.04.02.042
8753,HV Bias Supply,PERALATAN DAN MESIN,1.3.2.08.04.02.043
8754,DC Power Supply,PERALATAN DAN MESIN,1.3.2.08.04.02.044
8755,System Fower,PERALATAN DAN MESIN,1.3.2.08.04.02.045
8756,Oscilator Modula,PERALATAN DAN MESIN,1.3.2.08.04.02.046
8757,Line Square Wave Oscillator,PERALATAN DAN MESIN,1.3.2.08.04.02.047
8758,Low Distorsion Oscillator,PERALATAN DAN MESIN,1.3.2.08.04.02.048
8759,Pulse Generator /Pulser,PERALATAN DAN MESIN,1.3.2.08.04.02.049
8760,Frequency Synthatizer,PERALATAN DAN MESIN,1.3.2.08.04.02.050
8761,Function Generator (Modular Counting And Scentific Electronic),PERALATAN DAN MESIN,1.3.2.08.04.02.051
8762,Signal Generator (Modular Counting And Scentific Electronic),PERALATAN DAN MESIN,1.3.2.08.04.02.052
8763,Sweep Oscillator (Modular Counting And Scentific Electronic),PERALATAN DAN MESIN,1.3.2.08.04.02.053
8764,Reference Pulser,PERALATAN DAN MESIN,1.3.2.08.04.02.054
8765,Precision Pulser,PERALATAN DAN MESIN,1.3.2.08.04.02.055
8766,Logic Pulser,PERALATAN DAN MESIN,1.3.2.08.04.02.056
8767,Nuclear Counter,PERALATAN DAN MESIN,1.3.2.08.04.02.057
8768,modular counting and scientific electronic  lainnya (dst),PERALATAN DAN MESIN,1.3.2.08.04.02.058
8769,ASSEMBLY/COUNTING SYSTEM,PERALATAN DAN MESIN,1.3.2.08.04.03.000
8770,Liquid/Scintillation Counter,PERALATAN DAN MESIN,1.3.2.08.04.03.001
8771,Multi Channel Analyzer,PERALATAN DAN MESIN,1.3.2.08.04.03.002
8772,Multi Parameter System,PERALATAN DAN MESIN,1.3.2.08.04.03.003
8773,Scanner (Assembly/counting System),PERALATAN DAN MESIN,1.3.2.08.04.03.004
8774,Ultra Low Level / Counting System,PERALATAN DAN MESIN,1.3.2.08.04.03.005
8775,Single Channel Analyzer Counter,PERALATAN DAN MESIN,1.3.2.08.04.03.006
8776,Quod Alpha Spectometer,PERALATAN DAN MESIN,1.3.2.08.04.03.007
8777,GM Counter,PERALATAN DAN MESIN,1.3.2.08.04.03.008
8778,Coincidence Counter,PERALATAN DAN MESIN,1.3.2.08.04.03.009
8779,Scintillometer,PERALATAN DAN MESIN,1.3.2.08.04.03.010
8780,Gamma Ray Spectiometer,PERALATAN DAN MESIN,1.3.2.08.04.03.011
8781,Logger,PERALATAN DAN MESIN,1.3.2.08.04.03.012
8782,Gas Flow Counter,PERALATAN DAN MESIN,1.3.2.08.04.03.013
8783,Neutron Counter,PERALATAN DAN MESIN,1.3.2.08.04.03.014
8784,Gamma Ionzation Chamber,PERALATAN DAN MESIN,1.3.2.08.04.03.015
8785,assembly/counting system  lainnya (dst),PERALATAN DAN MESIN,1.3.2.08.04.03.016
8786,RECORDER DISPLAY,PERALATAN DAN MESIN,1.3.2.08.04.04.000
8787,Single Channel Recorder,PERALATAN DAN MESIN,1.3.2.08.04.04.001
8788,Dual Channel Recorder,PERALATAN DAN MESIN,1.3.2.08.04.04.002
8789,XY - YT Recorder,PERALATAN DAN MESIN,1.3.2.08.04.04.003
8790,Cathode Ray Osciloscope,PERALATAN DAN MESIN,1.3.2.08.04.04.004
8791,Camera Scope,PERALATAN DAN MESIN,1.3.2.08.04.04.005
8792,GO Recorder,PERALATAN DAN MESIN,1.3.2.08.04.04.006
8793,Hybrid Recorder,PERALATAN DAN MESIN,1.3.2.08.04.04.007
8794,recorder display  lainnya (dst),PERALATAN DAN MESIN,1.3.2.08.04.04.008
8795,SYSTEM/POWER SUPPLY,PERALATAN DAN MESIN,1.3.2.08.04.05.000
8796,Generator Set(Lab Scale),PERALATAN DAN MESIN,1.3.2.08.04.05.001
8797,Uninterupted Power Supply (UPS),PERALATAN DAN MESIN,1.3.2.08.04.05.002
8798,Single Phase Transformer Step Up/Down,PERALATAN DAN MESIN,1.3.2.08.04.05.003
8799,Three Phase Transformer Step Up/Down,PERALATAN DAN MESIN,1.3.2.08.04.05.004
8800,Constant Voltage Transformer,PERALATAN DAN MESIN,1.3.2.08.04.05.005
8801,Line Voltage Transformer,PERALATAN DAN MESIN,1.3.2.08.04.05.006
8802,Sliding Riostats,PERALATAN DAN MESIN,1.3.2.08.04.05.007
8803,Cable Drum,PERALATAN DAN MESIN,1.3.2.08.04.05.008
8804,Altenator,PERALATAN DAN MESIN,1.3.2.08.04.05.009
8805,Helium Liquifler,PERALATAN DAN MESIN,1.3.2.08.04.05.010
8806,N2 Dewars + Tabung,PERALATAN DAN MESIN,1.3.2.08.04.05.011
8807,Sample Changer,PERALATAN DAN MESIN,1.3.2.08.04.05.012
8808,Liquid N2 Productions System,PERALATAN DAN MESIN,1.3.2.08.04.05.013
8809,Magnetic Coil,PERALATAN DAN MESIN,1.3.2.08.04.05.014
8810,Dry Ice Unit,PERALATAN DAN MESIN,1.3.2.08.04.05.015
8811,LN2 Container,PERALATAN DAN MESIN,1.3.2.08.04.05.016
8812,Auto Pcb Processor,PERALATAN DAN MESIN,1.3.2.08.04.05.017
8813,Airport lightning System,PERALATAN DAN MESIN,1.3.2.08.04.05.018
8814,Soldering and Desoldering,PERALATAN DAN MESIN,1.3.2.08.04.05.019
8815,Neutron Transmutation Doped Liquid Nitrogen (NTD LN2),PERALATAN DAN MESIN,1.3.2.08.04.05.020
8816,system/power supply  lainnya (dst),PERALATAN DAN MESIN,1.3.2.08.04.05.021
8817,MEASURING/TESTING DEVICE,PERALATAN DAN MESIN,1.3.2.08.04.06.000
8818,Analog Volmeter,PERALATAN DAN MESIN,1.3.2.08.04.06.001
8819,Digital Volmeter,PERALATAN DAN MESIN,1.3.2.08.04.06.002
8820,Amperemeter,PERALATAN DAN MESIN,1.3.2.08.04.06.003
8821,Ohmmeter,PERALATAN DAN MESIN,1.3.2.08.04.06.004
8822,Frequency Meter,PERALATAN DAN MESIN,1.3.2.08.04.06.005
8823,Multifrequency LCR Meter,PERALATAN DAN MESIN,1.3.2.08.04.06.006
8824,LCZ Meter,PERALATAN DAN MESIN,1.3.2.08.04.06.007
8825,RF Impedance Analyzer,PERALATAN DAN MESIN,1.3.2.08.04.06.008
8826,LF Impedance Analyzer,PERALATAN DAN MESIN,1.3.2.08.04.06.009
8827,Vector/Z/Meter,PERALATAN DAN MESIN,1.3.2.08.04.06.010
8828,Digital LCR Meter,PERALATAN DAN MESIN,1.3.2.08.04.06.011
8829,Meter,PERALATAN DAN MESIN,1.3.2.08.04.06.012
8830,High Resistence Meter,PERALATAN DAN MESIN,1.3.2.08.04.06.013
8831,Milliohm,PERALATAN DAN MESIN,1.3.2.08.04.06.014
8832,Universal Bidge,PERALATAN DAN MESIN,1.3.2.08.04.06.015
8833,Semiconductor Parameter Analyzer,PERALATAN DAN MESIN,1.3.2.08.04.06.016
8834,Semiconductor Tester,PERALATAN DAN MESIN,1.3.2.08.04.06.017
8835,Integrater Ciscuit Tester,PERALATAN DAN MESIN,1.3.2.08.04.06.018
8836,AC Ammeter,PERALATAN DAN MESIN,1.3.2.08.04.06.019
8837,Tachometer (Measuring/testing Device),PERALATAN DAN MESIN,1.3.2.08.04.06.020
8838,Phase Seguence Indicator,PERALATAN DAN MESIN,1.3.2.08.04.06.021
8839,Power Meter,PERALATAN DAN MESIN,1.3.2.08.04.06.022
8840,Gauss Meter,PERALATAN DAN MESIN,1.3.2.08.04.06.023
8841,Electrometer (Measuring/testing Device),PERALATAN DAN MESIN,1.3.2.08.04.06.024
8842,Gain Phase Meter,PERALATAN DAN MESIN,1.3.2.08.04.06.025
8843,Curve Tacer,PERALATAN DAN MESIN,1.3.2.08.04.06.026
8844,Differential Volt Meter,PERALATAN DAN MESIN,1.3.2.08.04.06.027
8845,Differential Comparator,PERALATAN DAN MESIN,1.3.2.08.04.06.028
8846,Cryfob Dewars,PERALATAN DAN MESIN,1.3.2.08.04.06.029
8847,Transister Tester,PERALATAN DAN MESIN,1.3.2.08.04.06.030
8848,Tube Tester (Measuring/testing Device),PERALATAN DAN MESIN,1.3.2.08.04.06.031
8849,Microsystem Trouble Shooter,PERALATAN DAN MESIN,1.3.2.08.04.06.032
8850,DC Calibration Set,PERALATAN DAN MESIN,1.3.2.08.04.06.033
8851,AC Calibration Set,PERALATAN DAN MESIN,1.3.2.08.04.06.034
8852,Distotion Analyzer,PERALATAN DAN MESIN,1.3.2.08.04.06.035
8853,Component Tester,PERALATAN DAN MESIN,1.3.2.08.04.06.036
8854,Tranceiver Test Equipment,PERALATAN DAN MESIN,1.3.2.08.04.06.037
8855,Vibration Analitis System,PERALATAN DAN MESIN,1.3.2.08.04.06.038
8856,Infrared Thermometer,PERALATAN DAN MESIN,1.3.2.08.04.06.039
8857,Mobile Spectroscopy Monitoring Radiation,PERALATAN DAN MESIN,1.3.2.08.04.06.040
8858,Fixed Spectroscopy Monitoring Radiation,PERALATAN DAN MESIN,1.3.2.08.04.06.041
8859,Block Calibration,PERALATAN DAN MESIN,1.3.2.08.04.06.042
8860,Portable HPGe Based Radionuclide Identifinder,PERALATAN DAN MESIN,1.3.2.08.04.06.043
8861,Cat Phantom,PERALATAN DAN MESIN,1.3.2.08.04.06.044
8862,Phantom Computed Tomography Dose Index (CTDI),PERALATAN DAN MESIN,1.3.2.08.04.06.045
8863,Phantom Abdomen,PERALATAN DAN MESIN,1.3.2.08.04.06.046
8864,Phantom Perspex,PERALATAN DAN MESIN,1.3.2.08.04.06.047
8865,Focal Spot Test Tool,PERALATAN DAN MESIN,1.3.2.08.04.06.048
8866,Half-Value Layer (HVL) Filter,PERALATAN DAN MESIN,1.3.2.08.04.06.049
8867,Kolimator Test Tool,PERALATAN DAN MESIN,1.3.2.08.04.06.050
8868,Attenuator,PERALATAN DAN MESIN,1.3.2.08.04.06.051
8869,Test Object Image,PERALATAN DAN MESIN,1.3.2.08.04.06.052
8870,measuring/testing device  lainnya (dst),PERALATAN DAN MESIN,1.3.2.08.04.06.053
8871,OPTO ELECTRONICS,PERALATAN DAN MESIN,1.3.2.08.04.07.000
8872,Scanning Electron Microscope(SEM),PERALATAN DAN MESIN,1.3.2.08.04.07.001
8873,Transmission Electron Microscope (TEM),PERALATAN DAN MESIN,1.3.2.08.04.07.002
8874,Scanning Transmission Electron Microscope(STEM),PERALATAN DAN MESIN,1.3.2.08.04.07.003
8875,Wiede Matric L-4060 Pathfinder Lasser Culting Machine,PERALATAN DAN MESIN,1.3.2.08.04.07.004
8876,Laser Correlator,PERALATAN DAN MESIN,1.3.2.08.04.07.005
8877,Laser Power Motor,PERALATAN DAN MESIN,1.3.2.08.04.07.006
8878,Laser Spectrum Annalyzer,PERALATAN DAN MESIN,1.3.2.08.04.07.007
8879,Laser CO2,PERALATAN DAN MESIN,1.3.2.08.04.07.008
8880,Laser Nitrogen,PERALATAN DAN MESIN,1.3.2.08.04.07.009
8881,Laser HE NE,PERALATAN DAN MESIN,1.3.2.08.04.07.010
8882,Laser Argon,PERALATAN DAN MESIN,1.3.2.08.04.07.011
8883,Piranti Optik,PERALATAN DAN MESIN,1.3.2.08.04.07.012
8884,opto electronics  lainnya (dst),PERALATAN DAN MESIN,1.3.2.08.04.07.013
8885,ACCELERATOR,PERALATAN DAN MESIN,1.3.2.08.04.08.000
8886,Ion Impator,PERALATAN DAN MESIN,1.3.2.08.04.08.001
8887,Electron Irradiator,PERALATAN DAN MESIN,1.3.2.08.04.08.002
8888,Linear Accelerator,PERALATAN DAN MESIN,1.3.2.08.04.08.003
8889,Clyclotron,PERALATAN DAN MESIN,1.3.2.08.04.08.004
8890,Synchrotron,PERALATAN DAN MESIN,1.3.2.08.04.08.005
8891,Neotron Generator,PERALATAN DAN MESIN,1.3.2.08.04.08.006
8892,Van Dan Graof Generator,PERALATAN DAN MESIN,1.3.2.08.04.08.007
8893,Ion Counting System,PERALATAN DAN MESIN,1.3.2.08.04.08.008
8894,Pneumatic Transfer,PERALATAN DAN MESIN,1.3.2.08.04.08.009
8895,Mesin Bekas Elektron (MBE),PERALATAN DAN MESIN,1.3.2.08.04.08.010
8896,accelerator  lainnya (dst),PERALATAN DAN MESIN,1.3.2.08.04.08.011
8897,REACTOR EXPERIMENTAL SYSTEM,PERALATAN DAN MESIN,1.3.2.08.04.09.000
8898,Subcritical Assembly,PERALATAN DAN MESIN,1.3.2.08.04.09.001
8899,In-Pile Loop,PERALATAN DAN MESIN,1.3.2.08.04.09.002
8900,Out-Pile Loop/Engineering Loop,PERALATAN DAN MESIN,1.3.2.08.04.09.003
8901,Neutron (Beam) Chopper,PERALATAN DAN MESIN,1.3.2.08.04.09.004
8902,Neutron Deffraction System,PERALATAN DAN MESIN,1.3.2.08.04.09.005
8903,In Bean (Fast) Neutron Analysis System,PERALATAN DAN MESIN,1.3.2.08.04.09.006
8904,Reactor Bridge,PERALATAN DAN MESIN,1.3.2.08.04.09.007
8905,Fool Viewing Glass,PERALATAN DAN MESIN,1.3.2.08.04.09.008
8906,Alat Pengahmbur Neutron,PERALATAN DAN MESIN,1.3.2.08.04.09.009
8907,Pneumatic Transfer System,PERALATAN DAN MESIN,1.3.2.08.04.09.010
8908,Digital Cerenkov Viewing Device,PERALATAN DAN MESIN,1.3.2.08.04.09.011
8909,reactor experimental system  lainnya (dst),PERALATAN DAN MESIN,1.3.2.08.04.09.012
8910,ALAT LABORATORIUM FISIKA NUKLIR/ELEKTRONIKA LAINNYA,PERALATAN DAN MESIN,1.3.2.08.04.10.000
8911,Alpha Spectroscopy,PERALATAN DAN MESIN,1.3.2.08.04.10.001
8912,Beta Spectroscopy,PERALATAN DAN MESIN,1.3.2.08.04.10.002
8913,Alpha Beta Low Background Counter,PERALATAN DAN MESIN,1.3.2.08.04.10.003
8914,Low Background Chamber (Pb),PERALATAN DAN MESIN,1.3.2.08.04.10.004
8915,alat laboratorium fisika nuklir/elektronika lainnya  lainnya (dst),PERALATAN DAN MESIN,1.3.2.08.04.10.005
8916,ALAT PROTEKSI RADIASI/PROTEKSI LINGKUNGAN,PERALATAN DAN MESIN,1.3.2.08.05.00.000
8917,ALAT UKUR FISIKA KESEHATAN,PERALATAN DAN MESIN,1.3.2.08.05.01.000
8918,Hand Monitor,PERALATAN DAN MESIN,1.3.2.08.05.01.001
8919,Hand And Foot Monitor,PERALATAN DAN MESIN,1.3.2.08.05.01.002
8920,B.Y. Whole Body Monitor,PERALATAN DAN MESIN,1.3.2.08.05.01.003
8921,Radiation Area Monitor,PERALATAN DAN MESIN,1.3.2.08.05.01.004
8922,Xenon Area Monitor,PERALATAN DAN MESIN,1.3.2.08.05.01.005
8923,Survey Meter (X B Y D ),PERALATAN DAN MESIN,1.3.2.08.05.01.006
8924,"Pocket Dosimeter (For X,Y, Thermain)",PERALATAN DAN MESIN,1.3.2.08.05.01.007
8925,Dosimeter Charge,PERALATAN DAN MESIN,1.3.2.08.05.01.008
8926,Dosimeter Storage Case,PERALATAN DAN MESIN,1.3.2.08.05.01.009
8927,Neutron Surveymeter,PERALATAN DAN MESIN,1.3.2.08.05.01.010
8928,Geiger Probe,PERALATAN DAN MESIN,1.3.2.08.05.01.011
8929,Scintilation Probe,PERALATAN DAN MESIN,1.3.2.08.05.01.012
8930,Sample Counting Probe,PERALATAN DAN MESIN,1.3.2.08.05.01.013
8931,Ionisation Chambar/Tabung Ionisasi Device,PERALATAN DAN MESIN,1.3.2.08.05.01.014
8932,Radon Gas Monitor,PERALATAN DAN MESIN,1.3.2.08.05.01.015
8933,Neutron Dosmeter,PERALATAN DAN MESIN,1.3.2.08.05.01.016
8934,Dose Calibrator,PERALATAN DAN MESIN,1.3.2.08.05.01.017
8935,Isotop Calibrator,PERALATAN DAN MESIN,1.3.2.08.05.01.018
8936,Cloth Monitor,PERALATAN DAN MESIN,1.3.2.08.05.01.019
8937,Gate/Protal Monitor,PERALATAN DAN MESIN,1.3.2.08.05.01.020
8938,Air Sampler (Alat Ukur Fisika Kesehatan),PERALATAN DAN MESIN,1.3.2.08.05.01.021
8939,Regulated Alt Gampiar,PERALATAN DAN MESIN,1.3.2.08.05.01.022
8940,Total Body Monitor,PERALATAN DAN MESIN,1.3.2.08.05.01.023
8941,alat ukur fisika kesehatan  lainnya (dst),PERALATAN DAN MESIN,1.3.2.08.05.01.024
8942,ALAT KESEHATAN KERJA,PERALATAN DAN MESIN,1.3.2.08.05.02.000
8943,Lead Container,PERALATAN DAN MESIN,1.3.2.08.05.02.001
8944,Lead Veal,PERALATAN DAN MESIN,1.3.2.08.05.02.002
8945,Lead Waster Container,PERALATAN DAN MESIN,1.3.2.08.05.02.003
8946,Lead Fase Sheald,PERALATAN DAN MESIN,1.3.2.08.05.02.004
8947,Lead Aperon,PERALATAN DAN MESIN,1.3.2.08.05.02.005
8948,Lead Spectacles,PERALATAN DAN MESIN,1.3.2.08.05.02.006
8949,Lead Glove,PERALATAN DAN MESIN,1.3.2.08.05.02.007
8950,Mini Monitor,PERALATAN DAN MESIN,1.3.2.08.05.02.008
8951,Radio Chemical Lead GWL,PERALATAN DAN MESIN,1.3.2.08.05.02.009
8952,Griptong /Niptong,PERALATAN DAN MESIN,1.3.2.08.05.02.010
8953,Master Slave,PERALATAN DAN MESIN,1.3.2.08.05.02.011
8954,Electronic Robot,PERALATAN DAN MESIN,1.3.2.08.05.02.012
8955,Radiarm,PERALATAN DAN MESIN,1.3.2.08.05.02.013
8956,Beam Shutter Lock,PERALATAN DAN MESIN,1.3.2.08.05.02.014
8957,Control Rod Guide Tube Lock,PERALATAN DAN MESIN,1.3.2.08.05.02.015
8958,Specimen Lifting Davice,PERALATAN DAN MESIN,1.3.2.08.05.02.016
8959,Junior Lave Glass Window & L,PERALATAN DAN MESIN,1.3.2.08.05.02.017
8960,Radio Pharmacenticai & GW,PERALATAN DAN MESIN,1.3.2.08.05.02.018
8961,Countaiment Boxes (Single C),PERALATAN DAN MESIN,1.3.2.08.05.02.019
8962,Countaiment Boxes (Double C),PERALATAN DAN MESIN,1.3.2.08.05.02.020
8963,Gamma Pool Shef,PERALATAN DAN MESIN,1.3.2.08.05.02.021
8964,Prymary Tongs,PERALATAN DAN MESIN,1.3.2.08.05.02.022
8965,Remote Wire Cutter,PERALATAN DAN MESIN,1.3.2.08.05.02.023
8966,Transfer Bucket 4,PERALATAN DAN MESIN,1.3.2.08.05.02.024
8967,Transfer Bucket 6,PERALATAN DAN MESIN,1.3.2.08.05.02.025
8968,Electronichamical M System,PERALATAN DAN MESIN,1.3.2.08.05.02.026
8969,Intercell Conveyor System CE,PERALATAN DAN MESIN,1.3.2.08.05.02.027
8970,Top Barier Lead Shield,PERALATAN DAN MESIN,1.3.2.08.05.02.028
8971,alat kesehatan kerja  lainnya (dst),PERALATAN DAN MESIN,1.3.2.08.05.02.029
8972,PROTEKSI LINGKUNGAN,PERALATAN DAN MESIN,1.3.2.08.05.03.000
8973,Noise Level Meter,PERALATAN DAN MESIN,1.3.2.08.05.03.001
8974,Sound Monitor/ Sirine,PERALATAN DAN MESIN,1.3.2.08.05.03.002
8975,Sirine (Proteksi Lingkungan),PERALATAN DAN MESIN,1.3.2.08.05.03.003
8976,Unit Siementasi,PERALATAN DAN MESIN,1.3.2.08.05.03.004
8977,proteksi lingkungan  lainnya (dst),PERALATAN DAN MESIN,1.3.2.08.05.03.005
8978,METEOROLOGICAL EQUIPMENT,PERALATAN DAN MESIN,1.3.2.08.05.04.000
8979,Barometer (Meteorological Equipment),PERALATAN DAN MESIN,1.3.2.08.05.04.001
8980,Barograph (Meteorological Equipment),PERALATAN DAN MESIN,1.3.2.08.05.04.002
8981,Hygrograph (Meteorological Equipment),PERALATAN DAN MESIN,1.3.2.08.05.04.003
8982,Thermograph (Meteorological Equipment),PERALATAN DAN MESIN,1.3.2.08.05.04.004
8983,Thermo- Hygrograph,PERALATAN DAN MESIN,1.3.2.08.05.04.005
8984,Thermo- Hygro- Barograph,PERALATAN DAN MESIN,1.3.2.08.05.04.006
8985,Psychrometer (Meteorological Equipment),PERALATAN DAN MESIN,1.3.2.08.05.04.007
8986,Rainfall Recorder,PERALATAN DAN MESIN,1.3.2.08.05.04.008
8987,Rainfall Sensor,PERALATAN DAN MESIN,1.3.2.08.05.04.009
8988,Meteotower,PERALATAN DAN MESIN,1.3.2.08.05.04.010
8989,Wind Sensor Set,PERALATAN DAN MESIN,1.3.2.08.05.04.011
8990,Ralative Humadity Sensor Set,PERALATAN DAN MESIN,1.3.2.08.05.04.012
8991,Temperature Sensor Set,PERALATAN DAN MESIN,1.3.2.08.05.04.013
8992,Electric,PERALATAN DAN MESIN,1.3.2.08.05.04.014
8993,Hand Cup Animometer,PERALATAN DAN MESIN,1.3.2.08.05.04.015
8994,Vene Animometer,PERALATAN DAN MESIN,1.3.2.08.05.04.016
8995,Thermal Apemometer,PERALATAN DAN MESIN,1.3.2.08.05.04.017
8996,Wind Telemeter,PERALATAN DAN MESIN,1.3.2.08.05.04.018
8997,Mechanical Wind Recorder (Meteorological Equipment),PERALATAN DAN MESIN,1.3.2.08.05.04.019
8998,Rain Gange,PERALATAN DAN MESIN,1.3.2.08.05.04.020
8999,Seismeter Sensor,PERALATAN DAN MESIN,1.3.2.08.05.04.021
9000,Seismograph Recorder,PERALATAN DAN MESIN,1.3.2.08.05.04.022
9001,Meteo Set Portable,PERALATAN DAN MESIN,1.3.2.08.05.04.023
9002,Meteometer Set Recorder,PERALATAN DAN MESIN,1.3.2.08.05.04.024
9003,Meteometer Panel,PERALATAN DAN MESIN,1.3.2.08.05.04.025
9004,Solar Radiator Recorder,PERALATAN DAN MESIN,1.3.2.08.05.04.026
9005,RVR,PERALATAN DAN MESIN,1.3.2.08.05.04.027
9006,Cellometer,PERALATAN DAN MESIN,1.3.2.08.05.04.028
9007,Aviation Metereologi Observasing System,PERALATAN DAN MESIN,1.3.2.08.05.04.029
9008,meteorological equipment  lainnya (dst),PERALATAN DAN MESIN,1.3.2.08.05.04.030
9009,SUMBER RADIASI,PERALATAN DAN MESIN,1.3.2.08.05.05.000
9010,Standar AM-2411,PERALATAN DAN MESIN,1.3.2.08.05.05.001
9011,Standar RA-226,PERALATAN DAN MESIN,1.3.2.08.05.05.002
9012,Standar SR-90,PERALATAN DAN MESIN,1.3.2.08.05.05.003
9013,Standar CO-60,PERALATAN DAN MESIN,1.3.2.08.05.05.004
9014,Standar PU-239,PERALATAN DAN MESIN,1.3.2.08.05.05.005
9015,Standar AM-CS-137,PERALATAN DAN MESIN,1.3.2.08.05.05.006
9016,sumber radiasi  lainnya (dst),PERALATAN DAN MESIN,1.3.2.08.05.05.007
9017,ALAT PROTEKSI RADIASI/PROTEKSI LINGKUNGAN LAINNYA,PERALATAN DAN MESIN,1.3.2.08.05.06.000
9018,alat proteksi radiasi/proteksi lingkungan lainnya  lainnya (dst),PERALATAN DAN MESIN,1.3.2.08.05.06.001
9019,RADIATION APPLICATION AND NON DESTRUCTIVE TESTING LABORATORY LAINNYA,PERALATAN DAN MESIN,1.3.2.08.06.00.000
9020,RADIATION APPLICATION EQUIPMENT,PERALATAN DAN MESIN,1.3.2.08.06.01.000
9021,Gamma Camera,PERALATAN DAN MESIN,1.3.2.08.06.01.001
9022,X-Ray Machine & Control,PERALATAN DAN MESIN,1.3.2.08.06.01.002
9023,Device (Radiation Application Equipment),PERALATAN DAN MESIN,1.3.2.08.06.01.003
9024,X-Ray Penetration,PERALATAN DAN MESIN,1.3.2.08.06.01.004
9025,X-Ray Transiumminiscence,PERALATAN DAN MESIN,1.3.2.08.06.01.005
9026,Gamma Irradiation Equipment,PERALATAN DAN MESIN,1.3.2.08.06.01.006
9027,Neutron Source,PERALATAN DAN MESIN,1.3.2.08.06.01.007
9028,Positioning Sensing,PERALATAN DAN MESIN,1.3.2.08.06.01.008
9029,Silphat Line,PERALATAN DAN MESIN,1.3.2.08.06.01.009
9030,Sulphur Line,PERALATAN DAN MESIN,1.3.2.08.06.01.010
9031,X Ray Micro Analizer For Scanning,PERALATAN DAN MESIN,1.3.2.08.06.01.011
9032,radiation application equipment  lainnya (dst),PERALATAN DAN MESIN,1.3.2.08.06.01.012
9033,NON DESTRUCTIVE TEST (NDT) DEVICE,PERALATAN DAN MESIN,1.3.2.08.06.02.000
9034,Ultrasonic Testing Device,PERALATAN DAN MESIN,1.3.2.08.06.02.001
9035,Portable Testing Magnet,PERALATAN DAN MESIN,1.3.2.08.06.02.002
9036,Eddy Current Testing Device,PERALATAN DAN MESIN,1.3.2.08.06.02.003
9037,Film Image Viewer,PERALATAN DAN MESIN,1.3.2.08.06.02.004
9038,Accustic Emmisim Device,PERALATAN DAN MESIN,1.3.2.08.06.02.005
9039,Depth Crack Meter,PERALATAN DAN MESIN,1.3.2.08.06.02.006
9040,Hardnes Tester (Hardmeter),PERALATAN DAN MESIN,1.3.2.08.06.02.007
9041,Helium Leak Detector,PERALATAN DAN MESIN,1.3.2.08.06.02.008
9042,Fatique Tester (Non Destructive Test (ndt) Device),PERALATAN DAN MESIN,1.3.2.08.06.02.009
9043,Creep Tester And Stree Rupme Tester,PERALATAN DAN MESIN,1.3.2.08.06.02.010
9044,Hydraulic Ester,PERALATAN DAN MESIN,1.3.2.08.06.02.011
9045,Tansile Strenght Tester,PERALATAN DAN MESIN,1.3.2.08.06.02.012
9046,Corrosion Tester (Non Destructive Test (ndt) Device),PERALATAN DAN MESIN,1.3.2.08.06.02.013
9047,Alat Uji Taktik,PERALATAN DAN MESIN,1.3.2.08.06.02.014
9048,Bending Tester (Non Destructive Test (ndt) Device),PERALATAN DAN MESIN,1.3.2.08.06.02.015
9049,Surface Rounghnes Measuring Device,PERALATAN DAN MESIN,1.3.2.08.06.02.016
9050,Frofilometer,PERALATAN DAN MESIN,1.3.2.08.06.02.017
9051,High Resolution Pressure Difractometer,PERALATAN DAN MESIN,1.3.2.08.06.02.018
9052,Tas (Triple Axis Spectometer),PERALATAN DAN MESIN,1.3.2.08.06.02.019
9053,non destructive test (ndt) device  lainnya (dst),PERALATAN DAN MESIN,1.3.2.08.06.02.020
9054,PERALATAN HIDROLOGI,PERALATAN DAN MESIN,1.3.2.08.06.03.000
9055,Earth Conductivity Probe,PERALATAN DAN MESIN,1.3.2.08.06.03.001
9056,Earth Resistivity Device,PERALATAN DAN MESIN,1.3.2.08.06.03.002
9057,Soil Permeameter,PERALATAN DAN MESIN,1.3.2.08.06.03.003
9058,Electromagnetic Prospecting Device,PERALATAN DAN MESIN,1.3.2.08.06.03.004
9059,Induced Polariza Tion Soil Resislivity Meter,PERALATAN DAN MESIN,1.3.2.08.06.03.005
9060,Trio Multichannel Saismic Refraction System,PERALATAN DAN MESIN,1.3.2.08.06.03.006
9061,Soil Moinsture And Density Gauge,PERALATAN DAN MESIN,1.3.2.08.06.03.007
9062,Field Pore-Pressure Measuring Device,PERALATAN DAN MESIN,1.3.2.08.06.03.008
9063,Falling Cone Panatro Meter,PERALATAN DAN MESIN,1.3.2.08.06.03.009
9064,Consolidation Tester,PERALATAN DAN MESIN,1.3.2.08.06.03.010
9065,Penetrograph,PERALATAN DAN MESIN,1.3.2.08.06.03.011
9066,Hand Penetro Meter,PERALATAN DAN MESIN,1.3.2.08.06.03.012
9067,PF-Meter,PERALATAN DAN MESIN,1.3.2.08.06.03.013
9068,Soil PH Meter,PERALATAN DAN MESIN,1.3.2.08.06.03.014
9069,Vacuum Air Picnometer,PERALATAN DAN MESIN,1.3.2.08.06.03.015
9070,Pocket Altimeter,PERALATAN DAN MESIN,1.3.2.08.06.03.016
9071,Optical Clinometer,PERALATAN DAN MESIN,1.3.2.08.06.03.017
9072,Range Finder (Peralatan Hidrologi),PERALATAN DAN MESIN,1.3.2.08.06.03.018
9073,Table Techeometer,PERALATAN DAN MESIN,1.3.2.08.06.03.019
9074,Theodolite (Peralatan Hidrologi),PERALATAN DAN MESIN,1.3.2.08.06.03.020
9075,Water Pass,PERALATAN DAN MESIN,1.3.2.08.06.03.021
9076,Geological Compas,PERALATAN DAN MESIN,1.3.2.08.06.03.022
9077,Tripod Compas,PERALATAN DAN MESIN,1.3.2.08.06.03.023
9078,Car Compas,PERALATAN DAN MESIN,1.3.2.08.06.03.024
9079,Water Current Meter (Peralatan Hidrologi),PERALATAN DAN MESIN,1.3.2.08.06.03.025
9080,Horizontal/Vertical Water Level Recorder,PERALATAN DAN MESIN,1.3.2.08.06.03.026
9081,Tape Water Lavel Indicator,PERALATAN DAN MESIN,1.3.2.08.06.03.027
9082,Water Electrolysys For Tritium Analysis,PERALATAN DAN MESIN,1.3.2.08.06.03.028
9083,Gamma Logging Unit,PERALATAN DAN MESIN,1.3.2.08.06.03.029
9084,Geological Hammer,PERALATAN DAN MESIN,1.3.2.08.06.03.030
9085,Scoop,PERALATAN DAN MESIN,1.3.2.08.06.03.031
9086,peralatan hidrologi  lainnya (dst),PERALATAN DAN MESIN,1.3.2.08.06.03.032
9087,RADIATION APPLICATION AND NON DESTRUCTIVE TESTING LABORATORY LAINNYA,PERALATAN DAN MESIN,1.3.2.08.06.04.000
9088,radiation application and non destructive testing laboratory lainnya  lainnya (dst),PERALATAN DAN MESIN,1.3.2.08.06.04.001
9089,ALAT LABORATORIUM LINGKUNGAN HIDUP,PERALATAN DAN MESIN,1.3.2.08.07.00.000
9090,ALAT LABORATORIUM KWALITAS AIR DAN TANAH,PERALATAN DAN MESIN,1.3.2.08.07.01.000
9091,DO Meter (Alat Laboratorium Kwalitas Air Dan Tanah),PERALATAN DAN MESIN,1.3.2.08.07.01.001
9092,Conductivity Meter (Alat Laboratorium Kwalitas Air Dan Tanah),PERALATAN DAN MESIN,1.3.2.08.07.01.002
9093,Salino Meter,PERALATAN DAN MESIN,1.3.2.08.07.01.003
9094,TOC Analyzer,PERALATAN DAN MESIN,1.3.2.08.07.01.004
9095,Oil Analyzer,PERALATAN DAN MESIN,1.3.2.08.07.01.005
9096,Klorin Meter,PERALATAN DAN MESIN,1.3.2.08.07.01.006
9097,Water Quality Analyzer System,PERALATAN DAN MESIN,1.3.2.08.07.01.007
9098,Mercury Analyzer (Alat Laboratorium Kwalitas Air Dan Tanah),PERALATAN DAN MESIN,1.3.2.08.07.01.008
9099,Test Kit,PERALATAN DAN MESIN,1.3.2.08.07.01.009
9100,Bacteria Test Paper,PERALATAN DAN MESIN,1.3.2.08.07.01.010
9101,Plankton Net (Alat Laboratorium Kwalitas Air Dan Tanah),PERALATAN DAN MESIN,1.3.2.08.07.01.011
9102,Water Sample,PERALATAN DAN MESIN,1.3.2.08.07.01.012
9103,Eckman - Berge Dredge,PERALATAN DAN MESIN,1.3.2.08.07.01.013
9104,Core Sampler,PERALATAN DAN MESIN,1.3.2.08.07.01.014
9105,Current Meter (Alat Laboratorium Kwalitas Air Dan Tanah),PERALATAN DAN MESIN,1.3.2.08.07.01.015
9106,Jar Tester,PERALATAN DAN MESIN,1.3.2.08.07.01.016
9107,Colony Counter (Alat Laboratorium Kwalitas Air Dan Tanah),PERALATAN DAN MESIN,1.3.2.08.07.01.017
9108,Sterilizer (Alat Laboratorium Kwalitas Air Dan Tanah),PERALATAN DAN MESIN,1.3.2.08.07.01.018
9109,Autoclay,PERALATAN DAN MESIN,1.3.2.08.07.01.019
9110,AOX Analyzer,PERALATAN DAN MESIN,1.3.2.08.07.01.020
9111,COD Reaktor,PERALATAN DAN MESIN,1.3.2.08.07.01.021
9112,alat laboratorium kwalitas air dan tanah  lainnya (dst),PERALATAN DAN MESIN,1.3.2.08.07.01.022
9113,ALAT LABORATORIUM KWALITAS UDARA,PERALATAN DAN MESIN,1.3.2.08.07.02.000
9114,Portable SO2 Analyzer,PERALATAN DAN MESIN,1.3.2.08.07.02.001
9115,Portable NOX Analyzer,PERALATAN DAN MESIN,1.3.2.08.07.02.002
9116,Portable CO Analyzer,PERALATAN DAN MESIN,1.3.2.08.07.02.003
9117,Portable HC Analyzer,PERALATAN DAN MESIN,1.3.2.08.07.02.004
9118,Container,PERALATAN DAN MESIN,1.3.2.08.07.02.005
9119,Data Logger (Alat Laboratorium Kwalitas Udara),PERALATAN DAN MESIN,1.3.2.08.07.02.006
9120,Automatic SO2 Analyzer,PERALATAN DAN MESIN,1.3.2.08.07.02.007
9121,Automatic NOX Analyzer,PERALATAN DAN MESIN,1.3.2.08.07.02.008
9122,Automatic CO Analyzer,PERALATAN DAN MESIN,1.3.2.08.07.02.009
9123,Automatic SPM Analyzer,PERALATAN DAN MESIN,1.3.2.08.07.02.010
9124,Automatic HC Analyzer,PERALATAN DAN MESIN,1.3.2.08.07.02.011
9125,Automatic Ozon Analyzer,PERALATAN DAN MESIN,1.3.2.08.07.02.012
9126,Dust Sampler (Alat Laboratorium Kwalitas Udara),PERALATAN DAN MESIN,1.3.2.08.07.02.013
9127,Air Polution Tester,PERALATAN DAN MESIN,1.3.2.08.07.02.014
9128,Mini Pump Air Tester,PERALATAN DAN MESIN,1.3.2.08.07.02.015
9129,Automatic Oxidant Analyzer,PERALATAN DAN MESIN,1.3.2.08.07.02.016
9130,Weather Observation Instruments,PERALATAN DAN MESIN,1.3.2.08.07.02.017
9131,Vehicle Emission Gas Analyzer,PERALATAN DAN MESIN,1.3.2.08.07.02.018
9132,Automatic Gas Burner Exhaust Gas Analyzer,PERALATAN DAN MESIN,1.3.2.08.07.02.019
9133,Higt Volume Air Sampler,PERALATAN DAN MESIN,1.3.2.08.07.02.020
9134,Low Valume Air Sampler,PERALATAN DAN MESIN,1.3.2.08.07.02.021
9135,Anderson Particle Fractioning Sampler,PERALATAN DAN MESIN,1.3.2.08.07.02.022
9136,Deposit Gauge,PERALATAN DAN MESIN,1.3.2.08.07.02.023
9137,Dust Jar,PERALATAN DAN MESIN,1.3.2.08.07.02.024
9138,Portable Wind System,PERALATAN DAN MESIN,1.3.2.08.07.02.025
9139,Thermo-Hygrigraph,PERALATAN DAN MESIN,1.3.2.08.07.02.026
9140,Syphon Type Recording Rain Gauge,PERALATAN DAN MESIN,1.3.2.08.07.02.027
9141,Precition Gas Detector,PERALATAN DAN MESIN,1.3.2.08.07.02.028
9142,Solar Radiation Meter,PERALATAN DAN MESIN,1.3.2.08.07.02.029
9143,Portable Blck Fume Meter,PERALATAN DAN MESIN,1.3.2.08.07.02.030
9144,Gas Sampler,PERALATAN DAN MESIN,1.3.2.08.07.02.031
9145,Stack Sampler,PERALATAN DAN MESIN,1.3.2.08.07.02.032
9146,Gas Diluter,PERALATAN DAN MESIN,1.3.2.08.07.02.033
9147,Zero Gas Generator,PERALATAN DAN MESIN,1.3.2.08.07.02.034
9148,Standard Gas Generator,PERALATAN DAN MESIN,1.3.2.08.07.02.035
9149,Vacuum Sampler,PERALATAN DAN MESIN,1.3.2.08.07.02.036
9150,Gas Cylinder,PERALATAN DAN MESIN,1.3.2.08.07.02.037
9151,Oil Pump,PERALATAN DAN MESIN,1.3.2.08.07.02.038
9152,Air Compressor (Alat Laboratorium Kwalitas Udara),PERALATAN DAN MESIN,1.3.2.08.07.02.039
9153,Dry Type Gas Meter,PERALATAN DAN MESIN,1.3.2.08.07.02.040
9154,Wet Type Gas Meter,PERALATAN DAN MESIN,1.3.2.08.07.02.041
9155,Standard Voltage Generator,PERALATAN DAN MESIN,1.3.2.08.07.02.042
9156,Handy Sampler For Gas Sampling,PERALATAN DAN MESIN,1.3.2.08.07.02.043
9157,Ozone Gas Generator,PERALATAN DAN MESIN,1.3.2.08.07.02.044
9158,Hydrogen Gas Generator,PERALATAN DAN MESIN,1.3.2.08.07.02.045
9159,Air Purlier,PERALATAN DAN MESIN,1.3.2.08.07.02.046
9160,Electric Desicator,PERALATAN DAN MESIN,1.3.2.08.07.02.047
9161,Sequential Timer,PERALATAN DAN MESIN,1.3.2.08.07.02.048
9162,Oxygen Analyzer,PERALATAN DAN MESIN,1.3.2.08.07.02.049
9163,Alat Sampling Emisi Sumber Tidak Bergerak,PERALATAN DAN MESIN,1.3.2.08.07.02.050
9164,Alat Uji Emisi Sumber Bergerak,PERALATAN DAN MESIN,1.3.2.08.07.02.051
9165,Air Quality Monitoring System,PERALATAN DAN MESIN,1.3.2.08.07.02.052
9166,Air Sampler,PERALATAN DAN MESIN,1.3.2.08.07.02.053
9167,Gent Sampler,PERALATAN DAN MESIN,1.3.2.08.07.02.054
9168,Particulate Sampler/Analyzer/Counter,PERALATAN DAN MESIN,1.3.2.08.07.02.055
9169,alat laboratorium kwalitas udara  lainnya (dst),PERALATAN DAN MESIN,1.3.2.08.07.02.056
9170,ALAT LABORATORIUM KEBISINGAN DAN GETARAN,PERALATAN DAN MESIN,1.3.2.08.07.03.000
9171,Tape Recorder (Alat Laboratorium Kebisingan Dan Getaran),PERALATAN DAN MESIN,1.3.2.08.07.03.001
9172,Precition Integrating Sound Level Meter,PERALATAN DAN MESIN,1.3.2.08.07.03.002
9173,Piston Phone,PERALATAN DAN MESIN,1.3.2.08.07.03.003
9174,Octave Band Filter,PERALATAN DAN MESIN,1.3.2.08.07.03.004
9175,1/3 Octave Band Real Time Analyzer,PERALATAN DAN MESIN,1.3.2.08.07.03.005
9176,Vibration Level Meter,PERALATAN DAN MESIN,1.3.2.08.07.03.006
9177,Tunable Filter,PERALATAN DAN MESIN,1.3.2.08.07.03.007
9178,Calibration Exiter,PERALATAN DAN MESIN,1.3.2.08.07.03.008
9179,Data Processing Unit,PERALATAN DAN MESIN,1.3.2.08.07.03.009
9180,Extention Code (10M),PERALATAN DAN MESIN,1.3.2.08.07.03.010
9181,Extention Code (30M),PERALATAN DAN MESIN,1.3.2.08.07.03.011
9182,Transceiver,PERALATAN DAN MESIN,1.3.2.08.07.03.012
9183,Portable Noise Monitoring,PERALATAN DAN MESIN,1.3.2.08.07.03.013
9184,Hand Held Sound Intensity System,PERALATAN DAN MESIN,1.3.2.08.07.03.014
9185,Vehicle Pass By Noise System,PERALATAN DAN MESIN,1.3.2.08.07.03.015
9186,Automated Calibration System,PERALATAN DAN MESIN,1.3.2.08.07.03.016
9187,Advanced Vibration and Overpressure Monitor,PERALATAN DAN MESIN,1.3.2.08.07.03.017
9188,Noise Dosimeter,PERALATAN DAN MESIN,1.3.2.08.07.03.018
9189,Acoustic Calibrator,PERALATAN DAN MESIN,1.3.2.08.07.03.019
9190,Acoustic Analyzer,PERALATAN DAN MESIN,1.3.2.08.07.03.020
9191,alat laboratorium kebisingan dan getaran  lainnya (dst),PERALATAN DAN MESIN,1.3.2.08.07.03.021
9192,LABORATORIUM LINGKUNGAN,PERALATAN DAN MESIN,1.3.2.08.07.04.000
9193,Milling Machine (Laboratorium Lingkungan),PERALATAN DAN MESIN,1.3.2.08.07.04.001
9194,Sieve Shaker (Laboratorium Lingkungan),PERALATAN DAN MESIN,1.3.2.08.07.04.002
9195,Compact Balance,PERALATAN DAN MESIN,1.3.2.08.07.04.003
9196,Platform Scale (Laboratorium Lingkungan),PERALATAN DAN MESIN,1.3.2.08.07.04.004
9197,Hot Air Drying Oven,PERALATAN DAN MESIN,1.3.2.08.07.04.005
9198,Pensky-Martens Closed Cup Flash Point Tester,PERALATAN DAN MESIN,1.3.2.08.07.04.006
9199,Copper Corrosion Tester,PERALATAN DAN MESIN,1.3.2.08.07.04.007
9200,Elemental Analysis Instrument (CHN),PERALATAN DAN MESIN,1.3.2.08.07.04.008
9201,KD Evaporator,PERALATAN DAN MESIN,1.3.2.08.07.04.009
9202,Micro Kjeldahl Distiller,PERALATAN DAN MESIN,1.3.2.08.07.04.010
9203,Kjedahl Nitrogen Digestion & Distilling Apparatus,PERALATAN DAN MESIN,1.3.2.08.07.04.011
9204,Gas Chromatography High Resolution Time of Flight Mass Spectometer,PERALATAN DAN MESIN,1.3.2.08.07.04.012
9205,Oxoid Air Sampler,PERALATAN DAN MESIN,1.3.2.08.07.04.013
9206,laboratorium lingkungan  lainnya (dst),PERALATAN DAN MESIN,1.3.2.08.07.04.014
9207,ALAT LABORATORIUM PENUNJANG,PERALATAN DAN MESIN,1.3.2.08.07.05.000
9208,Kromatografi Gas,PERALATAN DAN MESIN,1.3.2.08.07.05.001
9209,High Performance Liquid Cramotograph,PERALATAN DAN MESIN,1.3.2.08.07.05.002
9210,Ion Crhomatograph,PERALATAN DAN MESIN,1.3.2.08.07.05.003
9211,Polarograph,PERALATAN DAN MESIN,1.3.2.08.07.05.004
9212,UV/VIS Spectrophotometer,PERALATAN DAN MESIN,1.3.2.08.07.05.005
9213,IR Spectrophotometer,PERALATAN DAN MESIN,1.3.2.08.07.05.006
9214,Fluorescence Spectrophotometer,PERALATAN DAN MESIN,1.3.2.08.07.05.007
9215,Spectrophotometr Serapan Atom,PERALATAN DAN MESIN,1.3.2.08.07.05.008
9216,Quadrupole Spectrometer,PERALATAN DAN MESIN,1.3.2.08.07.05.009
9217,Scanning Electron Microscope (Alat Laboratorium Penunjang),PERALATAN DAN MESIN,1.3.2.08.07.05.010
9218,X-Ray Fluorrescence Analyzer,PERALATAN DAN MESIN,1.3.2.08.07.05.011
9219,Ion Selective Electrode,PERALATAN DAN MESIN,1.3.2.08.07.05.012
9220,Mercury Analyzer (Alat Laboratorium Penunjang),PERALATAN DAN MESIN,1.3.2.08.07.05.013
9221,Metallurgical Electrode,PERALATAN DAN MESIN,1.3.2.08.07.05.014
9222,Biological Microscope,PERALATAN DAN MESIN,1.3.2.08.07.05.015
9223,Stereo Microscope (Alat Laboratorium Penunjang),PERALATAN DAN MESIN,1.3.2.08.07.05.016
9224,Cylinder Rack,PERALATAN DAN MESIN,1.3.2.08.07.05.017
9225,Gas Regulator,PERALATAN DAN MESIN,1.3.2.08.07.05.018
9226,Centrifuge (Alat Laboratorium Penunjang),PERALATAN DAN MESIN,1.3.2.08.07.05.019
9227,Multi Furnace,PERALATAN DAN MESIN,1.3.2.08.07.05.020
9228,Electric Oven,PERALATAN DAN MESIN,1.3.2.08.07.05.021
9229,Vacuum Drying Oven,PERALATAN DAN MESIN,1.3.2.08.07.05.022
9230,Bod Incubator,PERALATAN DAN MESIN,1.3.2.08.07.05.023
9231,Evaporator,PERALATAN DAN MESIN,1.3.2.08.07.05.024
9232,Water Circulation Bath,PERALATAN DAN MESIN,1.3.2.08.07.05.025
9233,Thermistor Water Bath,PERALATAN DAN MESIN,1.3.2.08.07.05.026
9234,Fraction Collector,PERALATAN DAN MESIN,1.3.2.08.07.05.027
9235,Rotary Culti-Shaker,PERALATAN DAN MESIN,1.3.2.08.07.05.028
9236,Multi Labo Shaker,PERALATAN DAN MESIN,1.3.2.08.07.05.029
9237,Homogenizer (Alat Laboratorium Penunjang),PERALATAN DAN MESIN,1.3.2.08.07.05.030
9238,Pengaduk Magnet,PERALATAN DAN MESIN,1.3.2.08.07.05.031
9239,Ultrasonic Cleaner (Alat Laboratorium Penunjang),PERALATAN DAN MESIN,1.3.2.08.07.05.032
9240,Peralatan Distilasi,PERALATAN DAN MESIN,1.3.2.08.07.05.033
9241,Ice Cube Maker,PERALATAN DAN MESIN,1.3.2.08.07.05.034
9242,Refrigerator/Freezer,PERALATAN DAN MESIN,1.3.2.08.07.05.035
9243,Utra Sonic Cleaner For Pippete,PERALATAN DAN MESIN,1.3.2.08.07.05.036
9244,Perlatan Extraksi Sochlet,PERALATAN DAN MESIN,1.3.2.08.07.05.037
9245,Automatic Dispenser,PERALATAN DAN MESIN,1.3.2.08.07.05.038
9246,Automatic Pure Water System,PERALATAN DAN MESIN,1.3.2.08.07.05.039
9247,Pompa Peristaltik,PERALATAN DAN MESIN,1.3.2.08.07.05.040
9248,Evaporating Dishi,PERALATAN DAN MESIN,1.3.2.08.07.05.041
9249,Autoclave Draine Pump,PERALATAN DAN MESIN,1.3.2.08.07.05.042
9250,alat laboratorium penunjang  lainnya (dst),PERALATAN DAN MESIN,1.3.2.08.07.05.043
9251,ALAT LABORATORIUM LINGKUNGAN HIDUP LAINNYA,PERALATAN DAN MESIN,1.3.2.08.07.06.000
9252,alat laboratorium lingkungan hidup lainnya  lainnya (dst),PERALATAN DAN MESIN,1.3.2.08.07.06.001
9253,PERALATAN LABORATORIUM HYDRODINAMICA,PERALATAN DAN MESIN,1.3.2.08.08.00.000
9254,TOWING CARRIAGE,PERALATAN DAN MESIN,1.3.2.08.08.01.000
9255,Towing Carriage,PERALATAN DAN MESIN,1.3.2.08.08.01.001
9256,"Rails 234,5 M",PERALATAN DAN MESIN,1.3.2.08.08.01.002
9257,Current Conductor Busbars,PERALATAN DAN MESIN,1.3.2.08.08.01.003
9258,towing carriage  lainnya (dst),PERALATAN DAN MESIN,1.3.2.08.08.01.004
9259,WAVE GENERATOR AND ABSORBER,PERALATAN DAN MESIN,1.3.2.08.08.02.000
9260,Resistance Dynamometer,PERALATAN DAN MESIN,1.3.2.08.08.02.001
9261,Clamp Apparatus,PERALATAN DAN MESIN,1.3.2.08.08.02.002
9262,Towing Guide With Trim Meter,PERALATAN DAN MESIN,1.3.2.08.08.02.003
9263,Self Propulsion Motor,PERALATAN DAN MESIN,1.3.2.08.08.02.004
9264,Self Propulsion Dynamometer,PERALATAN DAN MESIN,1.3.2.08.08.02.005
9265,Propeller Openg Water Dynamometer,PERALATAN DAN MESIN,1.3.2.08.08.02.006
9266,Universal Primary Calibrator/Weights,PERALATAN DAN MESIN,1.3.2.08.08.02.007
9267,Line Pump,PERALATAN DAN MESIN,1.3.2.08.08.02.008
9268,App.For Meas.Ship Model Pitch Inertia Moment,PERALATAN DAN MESIN,1.3.2.08.08.02.009
9269,"Wave Height Meter, Resistance Type",PERALATAN DAN MESIN,1.3.2.08.08.02.010
9270,"Wave Height Meter, Special Type",PERALATAN DAN MESIN,1.3.2.08.08.02.011
9271,Wave Measurrament Apparaatus,PERALATAN DAN MESIN,1.3.2.08.08.02.012
9272,Ship Movement Mater,PERALATAN DAN MESIN,1.3.2.08.08.02.013
9273,Pressure Tranduce For Press Variation,PERALATAN DAN MESIN,1.3.2.08.08.02.014
9274,Pressure Tranduce For Slamming Meas,PERALATAN DAN MESIN,1.3.2.08.08.02.015
9275,Horizontal Planar Motion Mechaanism (HPMM),PERALATAN DAN MESIN,1.3.2.08.08.02.016
9276,Accelerometers,PERALATAN DAN MESIN,1.3.2.08.08.02.017
9277,wave generator and absorber  lainnya (dst),PERALATAN DAN MESIN,1.3.2.08.08.02.018
9278,DATA ACCQUISITION AND ANALYZING SYSTEM,PERALATAN DAN MESIN,1.3.2.08.08.03.000
9279,DAAS Mob Tanpa Software,PERALATAN DAN MESIN,1.3.2.08.08.03.001
9280,DAAS Towing Tank Tanpa Software,PERALATAN DAN MESIN,1.3.2.08.08.03.002
9281,DAAS Cav. Tunnel Tanpa Software,PERALATAN DAN MESIN,1.3.2.08.08.03.003
9282,Software DAAS MOD,PERALATAN DAN MESIN,1.3.2.08.08.03.004
9283,Software DAAS Towing Tank,PERALATAN DAN MESIN,1.3.2.08.08.03.005
9284,Software DAAS Cav. Tunnel,PERALATAN DAN MESIN,1.3.2.08.08.03.006
9285,Hardware Conf Off-Line Computer,PERALATAN DAN MESIN,1.3.2.08.08.03.007
9286,Software Conf Off-Line Computer,PERALATAN DAN MESIN,1.3.2.08.08.03.008
9287,data accquisition and analyzing system  lainnya (dst),PERALATAN DAN MESIN,1.3.2.08.08.03.009
9288,CAVITATION TUNNEL,PERALATAN DAN MESIN,1.3.2.08.08.04.000
9289,Cavitation Tunnel,PERALATAN DAN MESIN,1.3.2.08.08.04.001
9290,Flow Generator,PERALATAN DAN MESIN,1.3.2.08.08.04.002
9291,Pressure Control System,PERALATAN DAN MESIN,1.3.2.08.08.04.003
9292,Water Supply And Drainage System,PERALATAN DAN MESIN,1.3.2.08.08.04.004
9293,Deaeration And Filtering System,PERALATAN DAN MESIN,1.3.2.08.08.04.005
9294,Control Panel,PERALATAN DAN MESIN,1.3.2.08.08.04.006
9295,Propeller Dynamometer,PERALATAN DAN MESIN,1.3.2.08.08.04.007
9296,Stroboscope (Cavitation Tunnel),PERALATAN DAN MESIN,1.3.2.08.08.04.008
9297,Wake Field Measuring Apparatus,PERALATAN DAN MESIN,1.3.2.08.08.04.009
9298,Pressure Tranducer,PERALATAN DAN MESIN,1.3.2.08.08.04.010
9299,Diffrential Pressure Tranducer,PERALATAN DAN MESIN,1.3.2.08.08.04.011
9300,Temperatur Measuring Instrument,PERALATAN DAN MESIN,1.3.2.08.08.04.012
9301,Oxigene Contents Meter,PERALATAN DAN MESIN,1.3.2.08.08.04.013
9302,cavitation tunnel  lainnya (dst),PERALATAN DAN MESIN,1.3.2.08.08.04.014
9303,OVERHEAD CRANES,PERALATAN DAN MESIN,1.3.2.08.08.05.000
9304,Towing Crane,PERALATAN DAN MESIN,1.3.2.08.08.05.001
9305,Caviation Tunnel,PERALATAN DAN MESIN,1.3.2.08.08.05.002
9306,Ship Model Workshop,PERALATAN DAN MESIN,1.3.2.08.08.05.003
9307,Model Preparation And Storage,PERALATAN DAN MESIN,1.3.2.08.08.05.004
9308,Machanical Workshop,PERALATAN DAN MESIN,1.3.2.08.08.05.005
9309,Manoeuvring Tank,PERALATAN DAN MESIN,1.3.2.08.08.05.006
9310,overhead cranes  lainnya (dst),PERALATAN DAN MESIN,1.3.2.08.08.05.007
9311,PERALATAN UMUM,PERALATAN DAN MESIN,1.3.2.08.08.06.000
9312,Oscillograph Recorder,PERALATAN DAN MESIN,1.3.2.08.08.06.001
9313,Frequency Counter (Peralatan Umum),PERALATAN DAN MESIN,1.3.2.08.08.06.002
9314,Multi Tester,PERALATAN DAN MESIN,1.3.2.08.08.06.003
9315,Digital Multi Tester,PERALATAN DAN MESIN,1.3.2.08.08.06.004
9316,Weighing Scale,PERALATAN DAN MESIN,1.3.2.08.08.06.005
9317,peralatan umum  lainnya (dst),PERALATAN DAN MESIN,1.3.2.08.08.06.006
9318,PEMESINAN : MODEL SHIP WORKSHOP,PERALATAN DAN MESIN,1.3.2.08.08.07.000
9319,Marking Plate; 3D Meas & Mark Out Machine,PERALATAN DAN MESIN,1.3.2.08.08.07.001
9320,Model Ship Milling Machine,PERALATAN DAN MESIN,1.3.2.08.08.07.002
9321,Press For Glueing Of Model Ship,PERALATAN DAN MESIN,1.3.2.08.08.07.003
9322,Cross Cutting Circular Saw,PERALATAN DAN MESIN,1.3.2.08.08.07.004
9323,Circular Saw,PERALATAN DAN MESIN,1.3.2.08.08.07.005
9324,Thicknessing Planer,PERALATAN DAN MESIN,1.3.2.08.08.07.006
9325,High Precision Surface Planer Aang Jointer,PERALATAN DAN MESIN,1.3.2.08.08.07.007
9326,Wood Lather,PERALATAN DAN MESIN,1.3.2.08.08.07.008
9327,Spindle Shaper,PERALATAN DAN MESIN,1.3.2.08.08.07.009
9328,Slot Mortise And Boring Machine,PERALATAN DAN MESIN,1.3.2.08.08.07.010
9329,Mobile Disc And Belt Sanding Machine,PERALATAN DAN MESIN,1.3.2.08.08.07.011
9330,Band Saw,PERALATAN DAN MESIN,1.3.2.08.08.07.012
9331,Table Drilling Machine (Pemesinan : Model Ship Workshop),PERALATAN DAN MESIN,1.3.2.08.08.07.013
9332,Dust Exhaust System,PERALATAN DAN MESIN,1.3.2.08.08.07.014
9333,Working Table For Ship Model,PERALATAN DAN MESIN,1.3.2.08.08.07.015
9334,Hoistbeam With 2 Rollable Rubber Bands,PERALATAN DAN MESIN,1.3.2.08.08.07.016
9335,Model Transport Car With Drawbar ( 5 M ),PERALATAN DAN MESIN,1.3.2.08.08.07.017
9336,Model Transport Car With Drawbar ( 3 M ),PERALATAN DAN MESIN,1.3.2.08.08.07.018
9337,Complete Set Of Handtools,PERALATAN DAN MESIN,1.3.2.08.08.07.019
9338,pemesinan : model ship workshop  lainnya (dst),PERALATAN DAN MESIN,1.3.2.08.08.07.020
9339,PEMESINAN : PROPELLER MODEL WORKSHOP,PERALATAN DAN MESIN,1.3.2.08.08.08.000
9340,Propeller Forming Unit,PERALATAN DAN MESIN,1.3.2.08.08.08.001
9341,Molding Boxes ( 3 Sizes ),PERALATAN DAN MESIN,1.3.2.08.08.08.002
9342,Drying Chamber,PERALATAN DAN MESIN,1.3.2.08.08.08.003
9343,Melting Furnace,PERALATAN DAN MESIN,1.3.2.08.08.08.004
9344,Centrifuge (Pemesinan: Propeller Model Workshop),PERALATAN DAN MESIN,1.3.2.08.08.08.005
9345,Electronic Balancing Machine,PERALATAN DAN MESIN,1.3.2.08.08.08.006
9346,Propeller Measuring And Drilling Machine,PERALATAN DAN MESIN,1.3.2.08.08.08.007
9347,Workshop Ascessories (Hand And Electronic Tools),PERALATAN DAN MESIN,1.3.2.08.08.08.008
9348,pemesinan : propeller model workshop  lainnya (dst),PERALATAN DAN MESIN,1.3.2.08.08.08.009
9349,PEMESINAN : MECHANICAL WORKSHOP,PERALATAN DAN MESIN,1.3.2.08.08.09.000
9350,Precision Lather ( 165 mm Centre Height ),PERALATAN DAN MESIN,1.3.2.08.08.09.001
9351,Precision Lather ( 250 mm Centre Height ),PERALATAN DAN MESIN,1.3.2.08.08.09.002
9352,Universal Milling Machine (Pemesinan: Mechanical Workshop),PERALATAN DAN MESIN,1.3.2.08.08.09.003
9353,Vertical Bandsaw,PERALATAN DAN MESIN,1.3.2.08.08.09.004
9354,Column Drilling Machine,PERALATAN DAN MESIN,1.3.2.08.08.09.005
9355,Table Drilling Machine (Pemesinan: Mechanical Workshop),PERALATAN DAN MESIN,1.3.2.08.08.09.006
9356,Hacksawing Mwchine,PERALATAN DAN MESIN,1.3.2.08.08.09.007
9357,Double End Grinder,PERALATAN DAN MESIN,1.3.2.08.08.09.008
9358,Sheet Metal Grinder,PERALATAN DAN MESIN,1.3.2.08.08.09.009
9359,Sheet Metal Roller,PERALATAN DAN MESIN,1.3.2.08.08.09.010
9360,Laver Shear,PERALATAN DAN MESIN,1.3.2.08.08.09.011
9361,Turning Tool Grinding Machine,PERALATAN DAN MESIN,1.3.2.08.08.09.012
9362,Tool Grinding For Woodworking Knives,PERALATAN DAN MESIN,1.3.2.08.08.09.013
9363,Automatic Sharpening Machine,PERALATAN DAN MESIN,1.3.2.08.08.09.014
9364,Welding Table,PERALATAN DAN MESIN,1.3.2.08.08.09.015
9365,Exhaust System,PERALATAN DAN MESIN,1.3.2.08.08.09.016
9366,Welding Rectifier (Pemesinan: Mechanical Workshop),PERALATAN DAN MESIN,1.3.2.08.08.09.017
9367,MIC/MAG Welding Unit,PERALATAN DAN MESIN,1.3.2.08.08.09.018
9368,Gas Welding Unit (Acetylene),PERALATAN DAN MESIN,1.3.2.08.08.09.019
9369,pemesinan : mechanical workshop  lainnya (dst),PERALATAN DAN MESIN,1.3.2.08.08.09.020
9370,PEMESINAN : PRECISION MECHANICAL WORKSHOP,PERALATAN DAN MESIN,1.3.2.08.08.10.000
9371,Universal Turining And Milling Machine,PERALATAN DAN MESIN,1.3.2.08.08.10.001
9372,Precision Bench Drilling Machine,PERALATAN DAN MESIN,1.3.2.08.08.10.002
9373,Double Ended Pedestal Grinder,PERALATAN DAN MESIN,1.3.2.08.08.10.003
9374,Set Of Measuring Equipment And Handtools,PERALATAN DAN MESIN,1.3.2.08.08.10.004
9375,pemesinan : precision mechanical workshop  lainnya (dst),PERALATAN DAN MESIN,1.3.2.08.08.10.005
9376,PEMESINAN : PAINTING SHOP,PERALATAN DAN MESIN,1.3.2.08.08.11.000
9377,Apray Painting And Drying Cabin,PERALATAN DAN MESIN,1.3.2.08.08.11.001
9378,Airless Spray Painting Unit,PERALATAN DAN MESIN,1.3.2.08.08.11.002
9379,pemesinan : painting shop  lainnya (dst),PERALATAN DAN MESIN,1.3.2.08.08.11.003
9380,PEMESINAN : SHIP MODEL PREPARATION SHOP,PERALATAN DAN MESIN,1.3.2.08.08.12.000
9381,Lifting Table,PERALATAN DAN MESIN,1.3.2.08.08.12.001
9382,Mobile Exhaust System,PERALATAN DAN MESIN,1.3.2.08.08.12.002
9383,Spray Painting Cabin,PERALATAN DAN MESIN,1.3.2.08.08.12.003
9384,pemesinan : ship model preparation shop  lainnya (dst),PERALATAN DAN MESIN,1.3.2.08.08.12.004
9385,PEMESINAN : ELECTICAL WORKSHOP,PERALATAN DAN MESIN,1.3.2.08.08.13.000
9386,Eart Tester,PERALATAN DAN MESIN,1.3.2.08.08.13.001
9387,Table Drilling Machine (Pemesinan: Electical Workshop),PERALATAN DAN MESIN,1.3.2.08.08.13.002
9388,Electrical Handdrilling Machine,PERALATAN DAN MESIN,1.3.2.08.08.13.003
9389,Battery Operated Handdrilling Machine,PERALATAN DAN MESIN,1.3.2.08.08.13.004
9390,Rangeof Handstools,PERALATAN DAN MESIN,1.3.2.08.08.13.005
9391,pemesinan : electical workshop  lainnya (dst),PERALATAN DAN MESIN,1.3.2.08.08.13.006
9392,MOB,PERALATAN DAN MESIN,1.3.2.08.08.14.000
9393,Wave Generator,PERALATAN DAN MESIN,1.3.2.08.08.14.001
9394,Hydraulic Power Units,PERALATAN DAN MESIN,1.3.2.08.08.14.002
9395,Cooling Tower,PERALATAN DAN MESIN,1.3.2.08.08.14.003
9396,Wave Absorber,PERALATAN DAN MESIN,1.3.2.08.08.14.004
9397,Wind Generator,PERALATAN DAN MESIN,1.3.2.08.08.14.005
9398,Wireless Control System For Ship Model,PERALATAN DAN MESIN,1.3.2.08.08.14.006
9399,Wireless Data Tranmission System,PERALATAN DAN MESIN,1.3.2.08.08.14.007
9400,Model Posistion Measuring Unit And Cadmes,PERALATAN DAN MESIN,1.3.2.08.08.14.008
9401,Interface,PERALATAN DAN MESIN,1.3.2.08.08.14.009
9402,Rail Carriage,PERALATAN DAN MESIN,1.3.2.08.08.14.010
9403,Rails,PERALATAN DAN MESIN,1.3.2.08.08.14.011
9404,"Current Collector, Busbars",PERALATAN DAN MESIN,1.3.2.08.08.14.012
9405,mob lainnya (dst),PERALATAN DAN MESIN,1.3.2.08.08.14.013
9406,PHOTO AND FILM EQUIPMENT,PERALATAN DAN MESIN,1.3.2.08.08.15.000
9407,Photo Equipment,PERALATAN DAN MESIN,1.3.2.08.08.15.001
9408,Darkroom Equipment,PERALATAN DAN MESIN,1.3.2.08.08.15.002
9409,Film Equipment,PERALATAN DAN MESIN,1.3.2.08.08.15.003
9410,Video Anf Vedeo Editing Equipment,PERALATAN DAN MESIN,1.3.2.08.08.15.004
9411,Lighting Equipment,PERALATAN DAN MESIN,1.3.2.08.08.15.005
9412,photo and film equipment  lainnya (dst),PERALATAN DAN MESIN,1.3.2.08.08.15.006
9413,PERALATAN LABORATORIUM HYDRODINAMICA LAINNYA,PERALATAN DAN MESIN,1.3.2.08.08.16.000
9414,peralatan laboratorium hydrodinamica lainnya  lainnya (dst),PERALATAN DAN MESIN,1.3.2.08.08.16.001
9415,ALAT LABORATORIUM STANDARISASI KALIBRASI DAN INSTRUMENTASI,PERALATAN DAN MESIN,1.3.2.08.09.00.000
9416,ALAT LABORATORIUM KALIBRASI ELECTROMEDIK DAN BIOMEDIK,PERALATAN DAN MESIN,1.3.2.08.09.01.000
9417,Electrical Safety Analyzer,PERALATAN DAN MESIN,1.3.2.08.09.01.001
9418,Ventilator Tester,PERALATAN DAN MESIN,1.3.2.08.09.01.002
9419,Infus Device Analyzer,PERALATAN DAN MESIN,1.3.2.08.09.01.003
9420,Defibrillator And Pacer Analyzer / Tester,PERALATAN DAN MESIN,1.3.2.08.09.01.004
9421,Diathermy Analyzer,PERALATAN DAN MESIN,1.3.2.08.09.01.005
9422,Ultra Sound Wattmeter,PERALATAN DAN MESIN,1.3.2.08.09.01.006
9423,Ultrasounograph Phantom,PERALATAN DAN MESIN,1.3.2.08.09.01.007
9424,Kilo Volt Peak Meter,PERALATAN DAN MESIN,1.3.2.08.09.01.008
9425,Mili Ampere / Mili Ampere Second Meter,PERALATAN DAN MESIN,1.3.2.08.09.01.009
9426,Blood Pressure Calibrator,PERALATAN DAN MESIN,1.3.2.08.09.01.010
9427,Bio Pressure Meter,PERALATAN DAN MESIN,1.3.2.08.09.01.011
9428,Electrocardiograph Simulator,PERALATAN DAN MESIN,1.3.2.08.09.01.012
9429,Multi Parameter / Patient Simulator,PERALATAN DAN MESIN,1.3.2.08.09.01.013
9430,Ultra Violet / Visible Spectrometers Standards,PERALATAN DAN MESIN,1.3.2.08.09.01.014
9431,Anaesthetic Monitor / Analyzer,PERALATAN DAN MESIN,1.3.2.08.09.01.015
9432,Fluorosence Meter,PERALATAN DAN MESIN,1.3.2.08.09.01.016
9433,Full Function Meter,PERALATAN DAN MESIN,1.3.2.08.09.01.017
9434,Universal Biometer,PERALATAN DAN MESIN,1.3.2.08.09.01.018
9435,Oxygen Monitor,PERALATAN DAN MESIN,1.3.2.08.09.01.019
9436,Exposure Time Meter,PERALATAN DAN MESIN,1.3.2.08.09.01.020
9437,Photo Theraphy Radiometer,PERALATAN DAN MESIN,1.3.2.08.09.01.021
9438,Universal Isotester,PERALATAN DAN MESIN,1.3.2.08.09.01.022
9439,Syringe Pump Calibrator,PERALATAN DAN MESIN,1.3.2.08.09.01.023
9440,Parabolic Flow Adaptor,PERALATAN DAN MESIN,1.3.2.08.09.01.024
9441,U V Radiometer,PERALATAN DAN MESIN,1.3.2.08.09.01.025
9442,alat laboratorium kalibrasi electromedik dan biomedik  lainnya (dst),PERALATAN DAN MESIN,1.3.2.08.09.01.026
9443,ALAT LABORATORIUM STANDARD DAN KALIBRATOR,PERALATAN DAN MESIN,1.3.2.08.09.02.000
9444,Electroparameter Calibrator,PERALATAN DAN MESIN,1.3.2.08.09.02.001
9445,AC/DC Volt & Current Amplifier,PERALATAN DAN MESIN,1.3.2.08.09.02.002
9446,Oscillascope Calibrator,PERALATAN DAN MESIN,1.3.2.08.09.02.003
9447,Signal / Frequency Generator,PERALATAN DAN MESIN,1.3.2.08.09.02.004
9448,Cell Standard,PERALATAN DAN MESIN,1.3.2.08.09.02.005
9449,Resistance Standard,PERALATAN DAN MESIN,1.3.2.08.09.02.006
9450,Milli Ohm Meter Test Standard,PERALATAN DAN MESIN,1.3.2.08.09.02.007
9451,DC / AC Standard,PERALATAN DAN MESIN,1.3.2.08.09.02.008
9452,Milli Ohm Meter,PERALATAN DAN MESIN,1.3.2.08.09.02.009
9453,Electro & Pneumatic Calibrator,PERALATAN DAN MESIN,1.3.2.08.09.02.010
9454,Sensitive Digital Volt Meter,PERALATAN DAN MESIN,1.3.2.08.09.02.011
9455,Programmable Automatic RCL Meter,PERALATAN DAN MESIN,1.3.2.08.09.02.012
9456,Logic Analyzer (Alat Laboratorium Standard Dan Kalibrator),PERALATAN DAN MESIN,1.3.2.08.09.02.013
9457,Digital Trouble Shooter,PERALATAN DAN MESIN,1.3.2.08.09.02.014
9458,Board Analyzer & Diagnostic System,PERALATAN DAN MESIN,1.3.2.08.09.02.015
9459,Digital & Analog Oscilloscope,PERALATAN DAN MESIN,1.3.2.08.09.02.016
9460,Micro Weight Sets,PERALATAN DAN MESIN,1.3.2.08.09.02.017
9461,Sound Level Calibrator,PERALATAN DAN MESIN,1.3.2.08.09.02.018
9462,Digital Caliper,PERALATAN DAN MESIN,1.3.2.08.09.02.019
9463,Thermocouple Calibrator,PERALATAN DAN MESIN,1.3.2.08.09.02.020
9464,alat laboratorium standard dan kalibrator  lainnya (dst),PERALATAN DAN MESIN,1.3.2.08.09.02.021
9465,"ALAT LABORATORIUM CAHAYA, OPTIK DAN AKUSTIK",PERALATAN DAN MESIN,1.3.2.08.09.03.000
9466,"Lux Meter (Alat Laboratorium Cahaya, Optik Dan Akustik)",PERALATAN DAN MESIN,1.3.2.08.09.03.001
9467,Optical Power Meter,PERALATAN DAN MESIN,1.3.2.08.09.03.002
9468,Photo Meter,PERALATAN DAN MESIN,1.3.2.08.09.03.003
9469,"Sound Level Meter (Alat Laboratorium Cahaya, Optik Dan Akustik)",PERALATAN DAN MESIN,1.3.2.08.09.03.004
9470,Fuction / Frequency Generator,PERALATAN DAN MESIN,1.3.2.08.09.03.005
9471,"Frequency Counter (Alat Laboratorium Cahaya, Optik Dan Akustik)",PERALATAN DAN MESIN,1.3.2.08.09.03.006
9472,"alat laboratorium cahaya, optik dan akustik  lainnya (dst)",PERALATAN DAN MESIN,1.3.2.08.09.03.007
9473,ALAT LABORATORIUM LISTRIK DAN MEKANIK,PERALATAN DAN MESIN,1.3.2.08.09.04.000
9474,Multi Meter / AVO Meter,PERALATAN DAN MESIN,1.3.2.08.09.04.001
9475,Ampere Meter / Clamp Meter,PERALATAN DAN MESIN,1.3.2.08.09.04.002
9476,Tacho Meter,PERALATAN DAN MESIN,1.3.2.08.09.04.003
9477,Phase Detector,PERALATAN DAN MESIN,1.3.2.08.09.04.004
9478,Earth / Ground Tester,PERALATAN DAN MESIN,1.3.2.08.09.04.005
9479,Westone Bridge,PERALATAN DAN MESIN,1.3.2.08.09.04.006
9480,Cable Tester,PERALATAN DAN MESIN,1.3.2.08.09.04.007
9481,Insulation Tester (Alat Laboratorium Listrik Dan Mekanik),PERALATAN DAN MESIN,1.3.2.08.09.04.008
9482,DC / AC Power Supply,PERALATAN DAN MESIN,1.3.2.08.09.04.009
9483,Mega Ohm / Giga Ohm Meter,PERALATAN DAN MESIN,1.3.2.08.09.04.010
9484,Electric Measuring,PERALATAN DAN MESIN,1.3.2.08.09.04.011
9485,Line Resistance Meter,PERALATAN DAN MESIN,1.3.2.08.09.04.012
9486,Pipe And Cable Locator,PERALATAN DAN MESIN,1.3.2.08.09.04.013
9487,Fault Finder,PERALATAN DAN MESIN,1.3.2.08.09.04.014
9488,Vibration Meter,PERALATAN DAN MESIN,1.3.2.08.09.04.015
9489,Multi Function Counter,PERALATAN DAN MESIN,1.3.2.08.09.04.016
9490,LCR Meter,PERALATAN DAN MESIN,1.3.2.08.09.04.017
9491,Wind Flow / Speed Meter,PERALATAN DAN MESIN,1.3.2.08.09.04.018
9492,Power Harmonic Meter,PERALATAN DAN MESIN,1.3.2.08.09.04.019
9493,Scope Meter,PERALATAN DAN MESIN,1.3.2.08.09.04.020
9494,alat laboratorium listrik dan mekanik  lainnya (dst),PERALATAN DAN MESIN,1.3.2.08.09.04.021
9495,ALAT LABORATORIUM TEKANAN DAN SUHU,PERALATAN DAN MESIN,1.3.2.08.09.05.000
9496,Temperature Tester,PERALATAN DAN MESIN,1.3.2.08.09.05.001
9497,Temperature Recorder,PERALATAN DAN MESIN,1.3.2.08.09.05.002
9498,Milli Kelvin Thermometer,PERALATAN DAN MESIN,1.3.2.08.09.05.003
9499,Thermometer Simulator,PERALATAN DAN MESIN,1.3.2.08.09.05.004
9500,Thermometer Analog / Digital,PERALATAN DAN MESIN,1.3.2.08.09.05.005
9501,Thermocouple Switch Box,PERALATAN DAN MESIN,1.3.2.08.09.05.006
9502,Water Bath (Alat Laboratorium Tekanan Dan Suhu),PERALATAN DAN MESIN,1.3.2.08.09.05.007
9503,Pressure Gauge (Alat Laboratorium Tekanan Dan Suhu),PERALATAN DAN MESIN,1.3.2.08.09.05.008
9504,alat laboratorium tekanan dan suhu  lainnya (dst),PERALATAN DAN MESIN,1.3.2.08.09.05.009
9505,ALAT LABORATORIUM STANDARISASI KALIBRASI DAN INSTRUMENTASI LAIN,PERALATAN DAN MESIN,1.3.2.08.09.06.000
9506,Alat Uji Audit System,PERALATAN DAN MESIN,1.3.2.08.09.06.001
9507,COD Meter,PERALATAN DAN MESIN,1.3.2.08.09.06.002
9508,Precision Thermocople Calibration Standard,PERALATAN DAN MESIN,1.3.2.08.09.06.003
9509,Constant Temperatur Calibration Ice Bath,PERALATAN DAN MESIN,1.3.2.08.09.06.004
9510,Portable Calibrating Immersion,PERALATAN DAN MESIN,1.3.2.08.09.06.005
9511,Vice Grippe USA,PERALATAN DAN MESIN,1.3.2.08.09.06.006
9512,Rochet Draver Vesse,PERALATAN DAN MESIN,1.3.2.08.09.06.007
9513,Mosses OILML,PERALATAN DAN MESIN,1.3.2.08.09.06.008
9514,Mechanical Balance,PERALATAN DAN MESIN,1.3.2.08.09.06.009
9515,Tang Ampere,PERALATAN DAN MESIN,1.3.2.08.09.06.010
9516,Thermohygraph,PERALATAN DAN MESIN,1.3.2.08.09.06.011
9517,Electromotor,PERALATAN DAN MESIN,1.3.2.08.09.06.012
9518,Tranducer,PERALATAN DAN MESIN,1.3.2.08.09.06.013
9519,Amolifier Pengukuran,PERALATAN DAN MESIN,1.3.2.08.09.06.014
9520,X-Y Recorder (Alat Laboratorium Standarisasi Kalibrasi & Instrumenstasi Lainnya),PERALATAN DAN MESIN,1.3.2.08.09.06.015
9521,Kontrol Elektronik,PERALATAN DAN MESIN,1.3.2.08.09.06.016
9522,Data Loger,PERALATAN DAN MESIN,1.3.2.08.09.06.017
9523,Magnetic Tape Recorder,PERALATAN DAN MESIN,1.3.2.08.09.06.018
9524,Digital Multimeter (Alat Lab. Standarisasi Kalibrasi & Instrumenstasi Lainnya),PERALATAN DAN MESIN,1.3.2.08.09.06.019
9525,Ossllographic Recorder,PERALATAN DAN MESIN,1.3.2.08.09.06.020
9526,Digital Indicator (Alat Lab. Standarisasi Kalibrasi & Instrumenstasi Lainnya),PERALATAN DAN MESIN,1.3.2.08.09.06.021
9527,Deadweight Tester,PERALATAN DAN MESIN,1.3.2.08.09.06.022
9528,Risslangen Mess System Fractomat,PERALATAN DAN MESIN,1.3.2.08.09.06.023
9529,Temperatur Probe,PERALATAN DAN MESIN,1.3.2.08.09.06.024
9530,Paralel Control Network,PERALATAN DAN MESIN,1.3.2.08.09.06.025
9531,Kalibrator Induktif Tranducer,PERALATAN DAN MESIN,1.3.2.08.09.06.026
9532,Logic Analizer,PERALATAN DAN MESIN,1.3.2.08.09.06.027
9533,Kalibrator Strain Gauge,PERALATAN DAN MESIN,1.3.2.08.09.06.028
9534,alat laboratorium standarisasi kalibrasi dan instrumentasi lain   lainnya (dst),PERALATAN DAN MESIN,1.3.2.08.09.06.029
9535,ALAT LABORATORIUM NATIUS,PERALATAN DAN MESIN,1.3.2.08.09.07.000
9536,Test Tower,PERALATAN DAN MESIN,1.3.2.08.09.07.001
9537,Hydro Statistic Melease Tester,PERALATAN DAN MESIN,1.3.2.08.09.07.002
9538,Salino Tester,PERALATAN DAN MESIN,1.3.2.08.09.07.003
9539,Current Signal Meter,PERALATAN DAN MESIN,1.3.2.08.09.07.004
9540,Tide Gauge,PERALATAN DAN MESIN,1.3.2.08.09.07.005
9541,Oxtant,PERALATAN DAN MESIN,1.3.2.08.09.07.006
9542,Tellumometer,PERALATAN DAN MESIN,1.3.2.08.09.07.007
9543,Choronometer,PERALATAN DAN MESIN,1.3.2.08.09.07.008
9544,echo Sounder Portable,PERALATAN DAN MESIN,1.3.2.08.09.07.009
9545,Altimeter (Alat Laboratorium Natius),PERALATAN DAN MESIN,1.3.2.08.09.07.010
9546,Trisponder,PERALATAN DAN MESIN,1.3.2.08.09.07.011
9547,Bearing Compass,PERALATAN DAN MESIN,1.3.2.08.09.07.012
9548,Alat Baring,PERALATAN DAN MESIN,1.3.2.08.09.07.013
9549,Test Bar,PERALATAN DAN MESIN,1.3.2.08.09.07.014
9550,Navigation Tables Complete,PERALATAN DAN MESIN,1.3.2.08.09.07.015
9551,Drawing RD,PERALATAN DAN MESIN,1.3.2.08.09.07.016
9552,Satelitte Navigation,PERALATAN DAN MESIN,1.3.2.08.09.07.017
9553,Parralel Rules,PERALATAN DAN MESIN,1.3.2.08.09.07.018
9554,Pelorus,PERALATAN DAN MESIN,1.3.2.08.09.07.019
9555,Perum Tangan,PERALATAN DAN MESIN,1.3.2.08.09.07.020
9556,Topdal,PERALATAN DAN MESIN,1.3.2.08.09.07.021
9557,Viscocity Meter,PERALATAN DAN MESIN,1.3.2.08.09.07.022
9558,Batu Penitis Peta,PERALATAN DAN MESIN,1.3.2.08.09.07.023
9559,Ratham Plate,PERALATAN DAN MESIN,1.3.2.08.09.07.024
9560,alat laboratorium natius  lainnya (dst),PERALATAN DAN MESIN,1.3.2.08.09.07.025
9561,ALAT LABORATORIUM ELEKTRONIKA DAN TELEKOMUNIKASI PELAYARAN,PERALATAN DAN MESIN,1.3.2.08.09.08.000
9562,Transmitter And Receiver Tester,PERALATAN DAN MESIN,1.3.2.08.09.08.001
9563,Lux Metter,PERALATAN DAN MESIN,1.3.2.08.09.08.002
9564,Diode Light Tester,PERALATAN DAN MESIN,1.3.2.08.09.08.003
9565,Multi Channel Radio Tester,PERALATAN DAN MESIN,1.3.2.08.09.08.004
9566,Merge Test Instrument,PERALATAN DAN MESIN,1.3.2.08.09.08.005
9567,Frequence Meter Range,PERALATAN DAN MESIN,1.3.2.08.09.08.006
9568,Signal Generator (Alat Lab. Elektronika & Telekomunikasi Pelayaran),PERALATAN DAN MESIN,1.3.2.08.09.08.007
9569,Deep Meter,PERALATAN DAN MESIN,1.3.2.08.09.08.008
9570,Oscipuscope,PERALATAN DAN MESIN,1.3.2.08.09.08.009
9571,Densimeter,PERALATAN DAN MESIN,1.3.2.08.09.08.010
9572,Standing Wave Ratio,PERALATAN DAN MESIN,1.3.2.08.09.08.011
9573,alat laboratorium elektronika dan telekomunikasi pelayaran  lainnya (dst),PERALATAN DAN MESIN,1.3.2.08.09.08.012
9574,ALAT LABORATORIUM SARANA BANTU NAVIGASI PELAYARAN,PERALATAN DAN MESIN,1.3.2.08.09.09.000
9575,Chain Sterngth Test,PERALATAN DAN MESIN,1.3.2.08.09.09.001
9576,Light Intensity Tester,PERALATAN DAN MESIN,1.3.2.08.09.09.002
9577,Gas Leakage And Comsumtion Test,PERALATAN DAN MESIN,1.3.2.08.09.09.003
9578,Lantern Gast Test Set,PERALATAN DAN MESIN,1.3.2.08.09.09.004
9579,Concerate Test Instrument,PERALATAN DAN MESIN,1.3.2.08.09.09.005
9580,Laser Tester For Lenses,PERALATAN DAN MESIN,1.3.2.08.09.09.006
9581,Colobar Illumination Tester,PERALATAN DAN MESIN,1.3.2.08.09.09.007
9582,Test Bench For Optical Instrument,PERALATAN DAN MESIN,1.3.2.08.09.09.008
9583,Lens Focus Tester,PERALATAN DAN MESIN,1.3.2.08.09.09.009
9584,Hygrometer Tester,PERALATAN DAN MESIN,1.3.2.08.09.09.010
9585,Strength Material Tester,PERALATAN DAN MESIN,1.3.2.08.09.09.011
9586,Annealing Instrument,PERALATAN DAN MESIN,1.3.2.08.09.09.012
9587,Viscosity Test Set,PERALATAN DAN MESIN,1.3.2.08.09.09.013
9588,alat laboratorium sarana bantu navigasi pelayaran  lainnya (dst),PERALATAN DAN MESIN,1.3.2.08.09.09.014
9589,ALAT LABORATORIUM UJI PERANGKAT,PERALATAN DAN MESIN,1.3.2.08.09.10.000
9590,Callibraion And Metrology,PERALATAN DAN MESIN,1.3.2.08.09.10.001
9591,Standard Resistors Set,PERALATAN DAN MESIN,1.3.2.08.09.10.002
9592,Rubudium Standard,PERALATAN DAN MESIN,1.3.2.08.09.10.003
9593,Standalone Hpip Interface Board,PERALATAN DAN MESIN,1.3.2.08.09.10.004
9594,Measurement Coprocessor Board Pc,PERALATAN DAN MESIN,1.3.2.08.09.10.005
9595,Type Approval Laboratorium,PERALATAN DAN MESIN,1.3.2.08.09.10.006
9596,Power Sensor,PERALATAN DAN MESIN,1.3.2.08.09.10.007
9597,Vibration Testing Controller,PERALATAN DAN MESIN,1.3.2.08.09.10.008
9598,Emi Receiver,PERALATAN DAN MESIN,1.3.2.08.09.10.009
9599,Pre Amp Field Meas,PERALATAN DAN MESIN,1.3.2.08.09.10.010
9600,RF Power Amp,PERALATAN DAN MESIN,1.3.2.08.09.10.011
9601,Positionong Controller,PERALATAN DAN MESIN,1.3.2.08.09.10.012
9602,Foot Pedal,PERALATAN DAN MESIN,1.3.2.08.09.10.013
9603,alat laboratorium uji perangkat  lainnya (dst),PERALATAN DAN MESIN,1.3.2.08.09.10.014
9604,ALAT LABORATORIUM STANDARISASI KALIBRASI DAN INSTRUMENTASI LAINNYA,PERALATAN DAN MESIN,1.3.2.08.09.11.000
9605,alat laboratorium standarisasi kalibrasi dan instrumentasi lainnya  lainnya (dst),PERALATAN DAN MESIN,1.3.2.08.09.11.001
9606,ALAT PERSENJATAAN,PERALATAN DAN MESIN,1.3.2.09.00.00.000
9607,SENJATA API,PERALATAN DAN MESIN,1.3.2.09.01.00.000
9608,SENJATA GENGGAM,PERALATAN DAN MESIN,1.3.2.09.01.01.000
9609,Revolver,PERALATAN DAN MESIN,1.3.2.09.01.01.001
9610,Pistol,PERALATAN DAN MESIN,1.3.2.09.01.01.002
9611,Pistol Isyarat,PERALATAN DAN MESIN,1.3.2.09.01.01.003
9612,senjata genggam lainnya (dst),PERALATAN DAN MESIN,1.3.2.09.01.01.004
9613,SENJATA PINGGANG,PERALATAN DAN MESIN,1.3.2.09.01.02.000
9614,Pistol Mitraliur (Sub Machine Gun),PERALATAN DAN MESIN,1.3.2.09.01.02.001
9615,senjata pinggang lainnya (dst),PERALATAN DAN MESIN,1.3.2.09.01.02.002
9616,SENJATA BAHU/SENJATA LARAS PANJANG,PERALATAN DAN MESIN,1.3.2.09.01.03.000
9617,Senapan Grendel (Bolt Action Figle),PERALATAN DAN MESIN,1.3.2.09.01.03.001
9618,Senapan Semi Otomatis,PERALATAN DAN MESIN,1.3.2.09.01.03.002
9619,Senapan Otomatis (Assault Rifle/Otomatic Rifle),PERALATAN DAN MESIN,1.3.2.09.01.03.003
9620,Lever Action Rifle,PERALATAN DAN MESIN,1.3.2.09.01.03.004
9621,Slide Action Rifle,PERALATAN DAN MESIN,1.3.2.09.01.03.005
9622,Senapan Runduk,PERALATAN DAN MESIN,1.3.2.09.01.03.006
9623,senjata bahu/senjata laras panjang  lainnya (dst),PERALATAN DAN MESIN,1.3.2.09.01.03.007
9624,SENAPAN MESIN,PERALATAN DAN MESIN,1.3.2.09.01.04.000
9625,Senapan Mesin Ringan (Automatic Rifle/Light Machine Gun),PERALATAN DAN MESIN,1.3.2.09.01.04.001
9626,Senapan Mesin Sedang (Machine Gun),PERALATAN DAN MESIN,1.3.2.09.01.04.002
9627,Senapan Mesin Berat (Heavy Machine Gun),PERALATAN DAN MESIN,1.3.2.09.01.04.003
9628,Senapan Mesin Otomatis,PERALATAN DAN MESIN,1.3.2.09.01.04.004
9629,senapan mesin  lainnya (dst),PERALATAN DAN MESIN,1.3.2.09.01.04.005
9630,M O R T I R,PERALATAN DAN MESIN,1.3.2.09.01.05.000
9631,Mortir Ringan,PERALATAN DAN MESIN,1.3.2.09.01.05.001
9632,Mortir Sedang,PERALATAN DAN MESIN,1.3.2.09.01.05.002
9633,Mortir Berat,PERALATAN DAN MESIN,1.3.2.09.01.05.003
9634,m o r t i r lainnya (dst),PERALATAN DAN MESIN,1.3.2.09.01.05.004
9635,ANTI LAPIS BAJA,PERALATAN DAN MESIN,1.3.2.09.01.06.000
9636,Peluncur Roket (Anti Lapis Baja),PERALATAN DAN MESIN,1.3.2.09.01.06.001
9637,Senjata Tangan Tekanan Balik (STTB),PERALATAN DAN MESIN,1.3.2.09.01.06.002
9638,Anti Tank,PERALATAN DAN MESIN,1.3.2.09.01.06.003
9639,Pelontar Geranat (Anti Lapis Baja),PERALATAN DAN MESIN,1.3.2.09.01.06.004
9640,Senjata Tanpa Tolak Balik (STTB),PERALATAN DAN MESIN,1.3.2.09.01.06.005
9641,Senjata Lawan Balik (SLT),PERALATAN DAN MESIN,1.3.2.09.01.06.006
9642,anti lapis baja  lainnya (dst),PERALATAN DAN MESIN,1.3.2.09.01.06.007
9643,ARTILERI MEDAN (ARMED),PERALATAN DAN MESIN,1.3.2.09.01.07.000
9644,Meriam (Artileri Medan ( Armed ),PERALATAN DAN MESIN,1.3.2.09.01.07.001
9645,Howitzer (Artileri Medan ( Armed ),PERALATAN DAN MESIN,1.3.2.09.01.07.002
9646,Peluncur Roket (Artileri Medan ( Armed )),PERALATAN DAN MESIN,1.3.2.09.01.07.003
9647,Alat Peralatan Khusus (ALPALSUS) (Artileri Medan ( Armed )),PERALATAN DAN MESIN,1.3.2.09.01.07.004
9648,artileri medan (armed)  lainnya (dst),PERALATAN DAN MESIN,1.3.2.09.01.07.005
9649,ARTILERI PERTAHANAN UDARA (ARHANUD),PERALATAN DAN MESIN,1.3.2.09.01.08.000
9650,Meriam (Artileri Pertahanan Udara ( Arhanud )),PERALATAN DAN MESIN,1.3.2.09.01.08.001
9651,Alat Peralatan Khusus (ALPALSUS) (Artileri Pertahanan Udara),PERALATAN DAN MESIN,1.3.2.09.01.08.002
9652,artileri pertahanan udara (arhanud)  lainnya (dst),PERALATAN DAN MESIN,1.3.2.09.01.08.003
9653,KAVALERI,PERALATAN DAN MESIN,1.3.2.09.01.09.000
9654,Kavaleri,PERALATAN DAN MESIN,1.3.2.09.01.09.001
9655,kavaleri  lainnya (dst),PERALATAN DAN MESIN,1.3.2.09.01.09.002
9656,SENJATA LAIN-LAIN,PERALATAN DAN MESIN,1.3.2.09.01.10.000
9657,Canon,PERALATAN DAN MESIN,1.3.2.09.01.10.001
9658,Howitzer (Kavaleri),PERALATAN DAN MESIN,1.3.2.09.01.10.002
9659,Peluncur Roket (Kavaleri),PERALATAN DAN MESIN,1.3.2.09.01.10.003
9660,Kavaleri Lainnya,PERALATAN DAN MESIN,1.3.2.09.01.10.004
9661,Pistol Pelempar Tali,PERALATAN DAN MESIN,1.3.2.09.01.10.005
9662,Penyembur Api,PERALATAN DAN MESIN,1.3.2.09.01.10.006
9663,Pelontar Geranat (Senjata Lain - Lain),PERALATAN DAN MESIN,1.3.2.09.01.10.007
9664,Senapan Gas,PERALATAN DAN MESIN,1.3.2.09.01.10.008
9665,Pistol Gas,PERALATAN DAN MESIN,1.3.2.09.01.10.009
9666,Shoot Gun,PERALATAN DAN MESIN,1.3.2.09.01.10.010
9667,Sten Gun,PERALATAN DAN MESIN,1.3.2.09.01.10.011
9668,Senapan Angin,PERALATAN DAN MESIN,1.3.2.09.01.10.012
9669,Smoke Gun,PERALATAN DAN MESIN,1.3.2.09.01.10.013
9670,Water Gun,PERALATAN DAN MESIN,1.3.2.09.01.10.014
9671,Dispencer,PERALATAN DAN MESIN,1.3.2.09.01.10.015
9672,Bomb Rack,PERALATAN DAN MESIN,1.3.2.09.01.10.016
9673,Light Twin,PERALATAN DAN MESIN,1.3.2.09.01.10.017
9674,M.E.R. A/A,PERALATAN DAN MESIN,1.3.2.09.01.10.018
9675,T.E.R A/A,PERALATAN DAN MESIN,1.3.2.09.01.10.019
9676,Peluncur,PERALATAN DAN MESIN,1.3.2.09.01.10.020
9677,Pelempar Bom Laut,PERALATAN DAN MESIN,1.3.2.09.01.10.021
9678,BMB II,PERALATAN DAN MESIN,1.3.2.09.01.10.022
9679,Peluncur Rudal,PERALATAN DAN MESIN,1.3.2.09.01.10.023
9680,Simulator,PERALATAN DAN MESIN,1.3.2.09.01.10.024
9681,Sub Kaliber,PERALATAN DAN MESIN,1.3.2.09.01.10.025
9682,Insert Barrel,PERALATAN DAN MESIN,1.3.2.09.01.10.026
9683,Teropong (Senjata Lain - Lain),PERALATAN DAN MESIN,1.3.2.09.01.10.027
9684,Teropong Bidik Malam,PERALATAN DAN MESIN,1.3.2.09.01.10.028
9685,Night Vission Googles/Kaca Mata Malam,PERALATAN DAN MESIN,1.3.2.09.01.10.029
9686,Automatic Grenade Launcher,PERALATAN DAN MESIN,1.3.2.09.01.10.030
9687,Solution Gun,PERALATAN DAN MESIN,1.3.2.09.01.10.031
9688,Toolkit Senjata,PERALATAN DAN MESIN,1.3.2.09.01.10.032
9689,Pengarahan Sasaran,PERALATAN DAN MESIN,1.3.2.09.01.10.033
9690,Teropong Optonik,PERALATAN DAN MESIN,1.3.2.09.01.10.034
9691,Mesin Sasaran Tembak,PERALATAN DAN MESIN,1.3.2.09.01.10.035
9692,senjata lain-lain  lainnya (dst),PERALATAN DAN MESIN,1.3.2.09.01.10.036
9693,PERSENJATAAN NON SENJATA API,PERALATAN DAN MESIN,1.3.2.09.02.00.000
9694,ALAT KEAMANAN,PERALATAN DAN MESIN,1.3.2.09.02.01.000
9695,Alat Khusus Kepolisian,PERALATAN DAN MESIN,1.3.2.09.02.01.001
9696,Alat Khusus Bahari,PERALATAN DAN MESIN,1.3.2.09.02.01.002
9697,Alat Khusus Penerbangan,PERALATAN DAN MESIN,1.3.2.09.02.01.003
9698,L A S E R,PERALATAN DAN MESIN,1.3.2.09.02.01.004
9699,Alat Khusus Surta ( Survey Dan Pemetaan ),PERALATAN DAN MESIN,1.3.2.09.02.01.005
9700,Alat Khusus Meteorologi,PERALATAN DAN MESIN,1.3.2.09.02.01.006
9701,Alat Khusus SAR ( Search And Resque ),PERALATAN DAN MESIN,1.3.2.09.02.01.007
9702,Alat Khusus Optik,PERALATAN DAN MESIN,1.3.2.09.02.01.008
9703,Alat Khusus Payung Udara,PERALATAN DAN MESIN,1.3.2.09.02.01.009
9704,Alat Khusus Keamanan Lainnya,PERALATAN DAN MESIN,1.3.2.09.02.01.010
9705,Target Drone (Simulasi Pesawat Sasaran Tembak Udara),PERALATAN DAN MESIN,1.3.2.09.02.01.011
9706,Alat Khusus Penindak Huru-hara,PERALATAN DAN MESIN,1.3.2.09.02.01.012
9707,Tali Sandang,PERALATAN DAN MESIN,1.3.2.09.02.01.013
9708,Alat Penyelam,PERALATAN DAN MESIN,1.3.2.09.02.01.014
9709,Rocket Impulse,PERALATAN DAN MESIN,1.3.2.09.02.01.015
9710,Exlpoder,PERALATAN DAN MESIN,1.3.2.09.02.01.016
9711,Piket Pagar Lapju,PERALATAN DAN MESIN,1.3.2.09.02.01.017
9712,Lin Freezing System,PERALATAN DAN MESIN,1.3.2.09.02.01.018
9713,Deamer,PERALATAN DAN MESIN,1.3.2.09.02.01.019
9714,Halogen Electric,PERALATAN DAN MESIN,1.3.2.09.02.01.020
9715,Under Vehicle Miror Set,PERALATAN DAN MESIN,1.3.2.09.02.01.021
9716,Comset Body Armour,PERALATAN DAN MESIN,1.3.2.09.02.01.022
9717,PD Vapour Detector,PERALATAN DAN MESIN,1.3.2.09.02.01.023
9718,Meider Set,PERALATAN DAN MESIN,1.3.2.09.02.01.024
9719,Rool Hormonika Baja,PERALATAN DAN MESIN,1.3.2.09.02.01.025
9720,Tanki Bensin OBM,PERALATAN DAN MESIN,1.3.2.09.02.01.026
9721,Unit Comunication System,PERALATAN DAN MESIN,1.3.2.09.02.01.027
9722,Lins Throwing Device,PERALATAN DAN MESIN,1.3.2.09.02.01.028
9723,Explosive Test,PERALATAN DAN MESIN,1.3.2.09.02.01.029
9724,Dinamo Exploder,PERALATAN DAN MESIN,1.3.2.09.02.01.030
9725,Breacker,PERALATAN DAN MESIN,1.3.2.09.02.01.031
9726,Piket Rambu Besi,PERALATAN DAN MESIN,1.3.2.09.02.01.032
9727,Ketam Listrik,PERALATAN DAN MESIN,1.3.2.09.02.01.033
9728,Pengusut dan Pemasang Ranjau,PERALATAN DAN MESIN,1.3.2.09.02.01.034
9729,Piket Besi,PERALATAN DAN MESIN,1.3.2.09.02.01.035
9730,Pita Ranjau,PERALATAN DAN MESIN,1.3.2.09.02.01.036
9731,Pita Rambu Blacu,PERALATAN DAN MESIN,1.3.2.09.02.01.037
9732,Demountor Dinamic,PERALATAN DAN MESIN,1.3.2.09.02.01.038
9733,Klem Kawat,PERALATAN DAN MESIN,1.3.2.09.02.01.039
9734,Katrol Mata Satu,PERALATAN DAN MESIN,1.3.2.09.02.01.040
9735,Impulse,PERALATAN DAN MESIN,1.3.2.09.02.01.041
9736,Explosive Blanket,PERALATAN DAN MESIN,1.3.2.09.02.01.042
9737,Save Quard,PERALATAN DAN MESIN,1.3.2.09.02.01.043
9738,Surface Contimination Monitor,PERALATAN DAN MESIN,1.3.2.09.02.01.044
9739,Standart Binocular,PERALATAN DAN MESIN,1.3.2.09.02.01.045
9740,Mesin Compression ASTM,PERALATAN DAN MESIN,1.3.2.09.02.01.046
9741,Concrete Cylinder Mold,PERALATAN DAN MESIN,1.3.2.09.02.01.047
9742,Concrete Cube Mold,PERALATAN DAN MESIN,1.3.2.09.02.01.048
9743,Diamond Bit Dio 4,PERALATAN DAN MESIN,1.3.2.09.02.01.049
9744,Copping Compount,PERALATAN DAN MESIN,1.3.2.09.02.01.050
9745,Gas Cromotograf Mas,PERALATAN DAN MESIN,1.3.2.09.02.01.051
9746,High Pressure Liquid Chromatograph Fourier Transform Infra Red,PERALATAN DAN MESIN,1.3.2.09.02.01.052
9747,Kit Analisa Kimia,PERALATAN DAN MESIN,1.3.2.09.02.01.053
9748,Water Testing Kit,PERALATAN DAN MESIN,1.3.2.09.02.01.054
9749,Geiger Muller Counter,PERALATAN DAN MESIN,1.3.2.09.02.01.055
9750,Souce Radioactive Container,PERALATAN DAN MESIN,1.3.2.09.02.01.056
9751,Alat Surveilance Telekomunikasi Mobile,PERALATAN DAN MESIN,1.3.2.09.02.01.057
9752,Alat Deteksi Paket Bom dan Bom Surat,PERALATAN DAN MESIN,1.3.2.09.02.01.058
9753,Jammer,PERALATAN DAN MESIN,1.3.2.09.02.01.059
9754,Alat Deteksi Keaslian Dokumen,PERALATAN DAN MESIN,1.3.2.09.02.01.060
9755,Alat Sadap Percakapan,PERALATAN DAN MESIN,1.3.2.09.02.01.061
9756,Alat Surveilance Penyelidikan,PERALATAN DAN MESIN,1.3.2.09.02.01.062
9757,Alat Deteksi Kejahatan Cyber,PERALATAN DAN MESIN,1.3.2.09.02.01.063
9758,Probe Stick,PERALATAN DAN MESIN,1.3.2.09.02.01.064
9759,Piket Pagar Lap Ranjau,PERALATAN DAN MESIN,1.3.2.09.02.01.065
9760,Tanda Ranjau Blacu,PERALATAN DAN MESIN,1.3.2.09.02.01.066
9761,Penusuk Ranjau Pendek,PERALATAN DAN MESIN,1.3.2.09.02.01.067
9762,Overal,PERALATAN DAN MESIN,1.3.2.09.02.01.068
9763,Helm Teknik,PERALATAN DAN MESIN,1.3.2.09.02.01.069
9764,Penusuk Ranjau Panjang,PERALATAN DAN MESIN,1.3.2.09.02.01.070
9765,Tanda Lapangan Ranjau,PERALATAN DAN MESIN,1.3.2.09.02.01.071
9766,Kawat Duri Baja,PERALATAN DAN MESIN,1.3.2.09.02.01.072
9767,Kawat Duri Lokal,PERALATAN DAN MESIN,1.3.2.09.02.01.073
9768,Rope Lighting,PERALATAN DAN MESIN,1.3.2.09.02.01.074
9769,General Evacuation Tool,PERALATAN DAN MESIN,1.3.2.09.02.01.075
9770,Baju Tahan Api,PERALATAN DAN MESIN,1.3.2.09.02.01.076
9771,Communication Set,PERALATAN DAN MESIN,1.3.2.09.02.01.077
9772,Walk Through Metal Detector,PERALATAN DAN MESIN,1.3.2.09.02.01.078
9773,PDS,PERALATAN DAN MESIN,1.3.2.09.02.01.079
9774,Jaring Samaran 3 x 4,PERALATAN DAN MESIN,1.3.2.09.02.01.080
9775,Jaring Samaran 4 x 6,PERALATAN DAN MESIN,1.3.2.09.02.01.081
9776,Stasioner Radio,PERALATAN DAN MESIN,1.3.2.09.02.01.082
9777,Alat Deteksi Frequensi Radio,PERALATAN DAN MESIN,1.3.2.09.02.01.083
9778,Pita Pengaman,PERALATAN DAN MESIN,1.3.2.09.02.01.084
9779,Ferex Detector,PERALATAN DAN MESIN,1.3.2.09.02.01.085
9780,Bomb Vehicle,PERALATAN DAN MESIN,1.3.2.09.02.01.086
9781,Kipas Penggerak Air,PERALATAN DAN MESIN,1.3.2.09.02.01.087
9782,Portable Real,PERALATAN DAN MESIN,1.3.2.09.02.01.088
9783,Search Light,PERALATAN DAN MESIN,1.3.2.09.02.01.089
9784,Tas Masker,PERALATAN DAN MESIN,1.3.2.09.02.01.090
9785,Burek Automatic,PERALATAN DAN MESIN,1.3.2.09.02.01.091
9786,Carcer,PERALATAN DAN MESIN,1.3.2.09.02.01.092
9787,Casualty Half Bag,PERALATAN DAN MESIN,1.3.2.09.02.01.093
9788,CBRN Suits,PERALATAN DAN MESIN,1.3.2.09.02.01.094
9789,Charger Blower P. Pelindung,PERALATAN DAN MESIN,1.3.2.09.02.01.095
9790,Corong Kaca,PERALATAN DAN MESIN,1.3.2.09.02.01.096
9791,DMC 2000 XB Reader Desimeter,PERALATAN DAN MESIN,1.3.2.09.02.01.097
9792,Drager CDS,PERALATAN DAN MESIN,1.3.2.09.02.01.098
9793,Fragma Reader,PERALATAN DAN MESIN,1.3.2.09.02.01.099
9794,Furmance Derajat Celcius,PERALATAN DAN MESIN,1.3.2.09.02.01.100
9795,Interface Cable,PERALATAN DAN MESIN,1.3.2.09.02.01.101
9796,Kaca Timbang,PERALATAN DAN MESIN,1.3.2.09.02.01.102
9797,NAVD,PERALATAN DAN MESIN,1.3.2.09.02.01.103
9798,Pancake Meter,PERALATAN DAN MESIN,1.3.2.09.02.01.104
9799,Peples Topeng Pelindung,PERALATAN DAN MESIN,1.3.2.09.02.01.105
9800,alat keamanan  lainnya (dst),PERALATAN DAN MESIN,1.3.2.09.02.01.106
9801,NON SENJATA API,PERALATAN DAN MESIN,1.3.2.09.02.02.000
9802,Celurit,PERALATAN DAN MESIN,1.3.2.09.02.02.001
9803,Keris,PERALATAN DAN MESIN,1.3.2.09.02.02.002
9804,Rencong,PERALATAN DAN MESIN,1.3.2.09.02.02.003
9805,Kelewang,PERALATAN DAN MESIN,1.3.2.09.02.02.004
9806,Golok,PERALATAN DAN MESIN,1.3.2.09.02.02.005
9807,Samurai,PERALATAN DAN MESIN,1.3.2.09.02.02.006
9808,Sangkur,PERALATAN DAN MESIN,1.3.2.09.02.02.007
9809,Pentung,PERALATAN DAN MESIN,1.3.2.09.02.02.008
9810,Bumerang,PERALATAN DAN MESIN,1.3.2.09.02.02.009
9811,Pisau Belati,PERALATAN DAN MESIN,1.3.2.09.02.02.010
9812,Tongkat Kejut,PERALATAN DAN MESIN,1.3.2.09.02.02.011
9813,Pisau Lempar,PERALATAN DAN MESIN,1.3.2.09.02.02.012
9814,Gunting Kawat,PERALATAN DAN MESIN,1.3.2.09.02.02.013
9815,Whell Borow,PERALATAN DAN MESIN,1.3.2.09.02.02.014
9816,Condensator,PERALATAN DAN MESIN,1.3.2.09.02.02.015
9817,Helmet,PERALATAN DAN MESIN,1.3.2.09.02.02.016
9818,Rocket Wrench,PERALATAN DAN MESIN,1.3.2.09.02.02.017
9819,Disruptor Cartridge,PERALATAN DAN MESIN,1.3.2.09.02.02.018
9820,Endoscope Set,PERALATAN DAN MESIN,1.3.2.09.02.02.019
9821,non senjata api  lainnya (dst),PERALATAN DAN MESIN,1.3.2.09.02.02.020
9822,ALAT PENJINAK BAHAN PELEDAK (ALJIHANDAK),PERALATAN DAN MESIN,1.3.2.09.02.03.000
9823,EOD Shield,PERALATAN DAN MESIN,1.3.2.09.02.03.001
9824,Robot Vehicle,PERALATAN DAN MESIN,1.3.2.09.02.03.002
9825,Magnetic File Test,PERALATAN DAN MESIN,1.3.2.09.02.03.003
9826,Electronic Letter Bomb,PERALATAN DAN MESIN,1.3.2.09.02.03.004
9827,Vibre Optic Viewing,PERALATAN DAN MESIN,1.3.2.09.02.03.005
9828,Demolition Set,PERALATAN DAN MESIN,1.3.2.09.02.03.006
9829,Mine Detector Metal SA-40,PERALATAN DAN MESIN,1.3.2.09.02.03.007
9830,Road Barrier External,PERALATAN DAN MESIN,1.3.2.09.02.03.008
9831,Desktop X-Ray,PERALATAN DAN MESIN,1.3.2.09.02.03.009
9832,Cover Survensace CCTV System,PERALATAN DAN MESIN,1.3.2.09.02.03.010
9833,Explosive Detector,PERALATAN DAN MESIN,1.3.2.09.02.03.011
9834,Hunter Remote Control Robot,PERALATAN DAN MESIN,1.3.2.09.02.03.012
9835,Portable X-Ray dan Film,PERALATAN DAN MESIN,1.3.2.09.02.03.013
9836,Eod Switch And Helmet/Body,PERALATAN DAN MESIN,1.3.2.09.02.03.014
9837,Body Armour,PERALATAN DAN MESIN,1.3.2.09.02.03.015
9838,Special Tool/Anti Magnet,PERALATAN DAN MESIN,1.3.2.09.02.03.016
9839,Eod Toolkit + Generator,PERALATAN DAN MESIN,1.3.2.09.02.03.017
9840,Inspection Mirror,PERALATAN DAN MESIN,1.3.2.09.02.03.018
9841,Pigstic Distruptor,PERALATAN DAN MESIN,1.3.2.09.02.03.019
9842,Bomb Basket,PERALATAN DAN MESIN,1.3.2.09.02.03.020
9843,Unscruwing Puse/Roket,PERALATAN DAN MESIN,1.3.2.09.02.03.021
9844,Bomb Blanket/Selimut,PERALATAN DAN MESIN,1.3.2.09.02.03.022
9845,Eor Set Search Kit,PERALATAN DAN MESIN,1.3.2.09.02.03.023
9846,Trawing Anchor,PERALATAN DAN MESIN,1.3.2.09.02.03.024
9847,Diagnosa Robot Vehicle,PERALATAN DAN MESIN,1.3.2.09.02.03.025
9848,Portable Amature Detector,PERALATAN DAN MESIN,1.3.2.09.02.03.026
9849,Ran 3/4 Ton SUV,PERALATAN DAN MESIN,1.3.2.09.02.03.027
9850,Metal Detector,PERALATAN DAN MESIN,1.3.2.09.02.03.028
9851,Bomb Trailler,PERALATAN DAN MESIN,1.3.2.09.02.03.029
9852,Hook And Line Set,PERALATAN DAN MESIN,1.3.2.09.02.03.030
9853,Rapped Fused Opening,PERALATAN DAN MESIN,1.3.2.09.02.03.031
9854,Spooting Telescope,PERALATAN DAN MESIN,1.3.2.09.02.03.032
9855,Mountenering Rope Set,PERALATAN DAN MESIN,1.3.2.09.02.03.033
9856,Discruptor,PERALATAN DAN MESIN,1.3.2.09.02.03.034
9857,Hand Held Gama Scope,PERALATAN DAN MESIN,1.3.2.09.02.03.035
9858,Unsscruwing Fuse (Rocket Wrench),PERALATAN DAN MESIN,1.3.2.09.02.03.036
9859,Special Purpose EOD Vehicle,PERALATAN DAN MESIN,1.3.2.09.02.03.037
9860,Radset,PERALATAN DAN MESIN,1.3.2.09.02.03.038
9861,Unit Alins Alsus,PERALATAN DAN MESIN,1.3.2.09.02.03.039
9862,Automatic Telephone Monitoring System,PERALATAN DAN MESIN,1.3.2.09.02.03.040
9863,Tanki Minyak,PERALATAN DAN MESIN,1.3.2.09.02.03.041
9864,alat penjinak bahan peledak (aljihandak)  lainnya (dst),PERALATAN DAN MESIN,1.3.2.09.02.03.042
9865,"ALAT NUKLIR, BIOLOGI DAN KIMIA",PERALATAN DAN MESIN,1.3.2.09.02.04.000
9866,Topeng Pelindung,PERALATAN DAN MESIN,1.3.2.09.02.04.001
9867,Cadangan Filter,PERALATAN DAN MESIN,1.3.2.09.02.04.002
9868,Breathing Apparatus,PERALATAN DAN MESIN,1.3.2.09.02.04.003
9869,Hood,PERALATAN DAN MESIN,1.3.2.09.02.04.004
9870,Pakaian Pelindung,PERALATAN DAN MESIN,1.3.2.09.02.04.005
9871,Kit Dekontamination Perorangan,PERALATAN DAN MESIN,1.3.2.09.02.04.006
9872,Detektor Peraorangan,PERALATAN DAN MESIN,1.3.2.09.02.04.007
9873,Pen Bedge Dosimeter,PERALATAN DAN MESIN,1.3.2.09.02.04.008
9874,Radiac/Dosimeter,PERALATAN DAN MESIN,1.3.2.09.02.04.009
9875,Pendosimeter,PERALATAN DAN MESIN,1.3.2.09.02.04.010
9876,Charging Unit Pendosimeter,PERALATAN DAN MESIN,1.3.2.09.02.04.011
9877,Source 5 Microcury,PERALATAN DAN MESIN,1.3.2.09.02.04.012
9878,Tang Penjepit,PERALATAN DAN MESIN,1.3.2.09.02.04.013
9879,Piring Hitung Taktis,PERALATAN DAN MESIN,1.3.2.09.02.04.014
9880,"Sanlon Pola Penyebaran Nuklir, Biologi, dan Kimia",PERALATAN DAN MESIN,1.3.2.09.02.04.015
9881,"Pen Bedge Fag Size 0-20 Mm, Leght Approx 150 Mm",PERALATAN DAN MESIN,1.3.2.09.02.04.016
9882,Kit Samping Biologis,PERALATAN DAN MESIN,1.3.2.09.02.04.017
9883,Cawan Tetes,PERALATAN DAN MESIN,1.3.2.09.02.04.018
9884,Loepe,PERALATAN DAN MESIN,1.3.2.09.02.04.019
9885,Obyek Gelas,PERALATAN DAN MESIN,1.3.2.09.02.04.020
9886,Alas Tempat Seksi,PERALATAN DAN MESIN,1.3.2.09.02.04.021
9887,Detektor Kimia,PERALATAN DAN MESIN,1.3.2.09.02.04.022
9888,Detektor Gas Kimia,PERALATAN DAN MESIN,1.3.2.09.02.04.023
9889,Water Testing Chemagent,PERALATAN DAN MESIN,1.3.2.09.02.04.024
9890,Tabung Detektor Kitagawa,PERALATAN DAN MESIN,1.3.2.09.02.04.025
9891,Tabung Gas Detektor,PERALATAN DAN MESIN,1.3.2.09.02.04.026
9892,Field Shower,PERALATAN DAN MESIN,1.3.2.09.02.04.027
9893,Collapsible Water Tank,PERALATAN DAN MESIN,1.3.2.09.02.04.028
9894,Training Emulsion,PERALATAN DAN MESIN,1.3.2.09.02.04.029
9895,Alins Traner NBS,PERALATAN DAN MESIN,1.3.2.09.02.04.030
9896,Removing Maerial,PERALATAN DAN MESIN,1.3.2.09.02.04.031
9897,Swing Fog SN 50,PERALATAN DAN MESIN,1.3.2.09.02.04.032
9898,Stainless Steel Sprayer,PERALATAN DAN MESIN,1.3.2.09.02.04.033
9899,Charge Battery Dry Fit,PERALATAN DAN MESIN,1.3.2.09.02.04.034
9900,Battery Dry Fit,PERALATAN DAN MESIN,1.3.2.09.02.04.035
9901,Set Slang Las and Spray,PERALATAN DAN MESIN,1.3.2.09.02.04.036
9902,Fire Gun,PERALATAN DAN MESIN,1.3.2.09.02.04.037
9903,Tabung Acetillen,PERALATAN DAN MESIN,1.3.2.09.02.04.038
9904,Derajat Celcius Termoline,PERALATAN DAN MESIN,1.3.2.09.02.04.039
9905,PenghitunG Bakteri,PERALATAN DAN MESIN,1.3.2.09.02.04.040
9906,NyCounter Digital Stuart,PERALATAN DAN MESIN,1.3.2.09.02.04.041
9907,Test Nitrit dan Besi,PERALATAN DAN MESIN,1.3.2.09.02.04.042
9908,Dissecting Set,PERALATAN DAN MESIN,1.3.2.09.02.04.043
9909,Container Field Work,PERALATAN DAN MESIN,1.3.2.09.02.04.044
9910,Baker Glass,PERALATAN DAN MESIN,1.3.2.09.02.04.045
9911,Biological Sampling Kit,PERALATAN DAN MESIN,1.3.2.09.02.04.046
9912,"Bunsen Burner (Alat Nuklir, Biologi Dan Kimia)",PERALATAN DAN MESIN,1.3.2.09.02.04.047
9913,Coloni Counter,PERALATAN DAN MESIN,1.3.2.09.02.04.048
9914,"Destilator (Alat Nuklir, Biologi Dan Kimia)",PERALATAN DAN MESIN,1.3.2.09.02.04.049
9915,Dissecting Board,PERALATAN DAN MESIN,1.3.2.09.02.04.050
9916,Erlenmeyer,PERALATAN DAN MESIN,1.3.2.09.02.04.051
9917,Haemocytemeter Improved Nebaver Pattern,PERALATAN DAN MESIN,1.3.2.09.02.04.052
9918,Heamometer,PERALATAN DAN MESIN,1.3.2.09.02.04.053
9919,Kotak Preparat,PERALATAN DAN MESIN,1.3.2.09.02.04.054
9920,Live Cell For 35 Mm Projector,PERALATAN DAN MESIN,1.3.2.09.02.04.055
9921,Live Cell For Projection Microscope,PERALATAN DAN MESIN,1.3.2.09.02.04.056
9922,Medical Dissecting Set,PERALATAN DAN MESIN,1.3.2.09.02.04.057
9923,Sedgewick Rafter,PERALATAN DAN MESIN,1.3.2.09.02.04.058
9924,Tubing For Blood Dilutting Pipet,PERALATAN DAN MESIN,1.3.2.09.02.04.059
9925,Ultra Violet Viewing Box and Lampu Ultraviolet,PERALATAN DAN MESIN,1.3.2.09.02.04.060
9926,Faces Field Fischer,PERALATAN DAN MESIN,1.3.2.09.02.04.061
9927,Masker 5000 Series Dual Catridge Respirator,PERALATAN DAN MESIN,1.3.2.09.02.04.062
9928,Alat Destilasi,PERALATAN DAN MESIN,1.3.2.09.02.04.063
9929,Atomic Absortion Spectro Photometer,PERALATAN DAN MESIN,1.3.2.09.02.04.064
9930,Botol Bod,PERALATAN DAN MESIN,1.3.2.09.02.04.065
9931,Botol Reagent,PERALATAN DAN MESIN,1.3.2.09.02.04.066
9932,Buret Biasa,PERALATAN DAN MESIN,1.3.2.09.02.04.067
9933,Calcium Chloride Tower,PERALATAN DAN MESIN,1.3.2.09.02.04.068
9934,Filter Funnel,PERALATAN DAN MESIN,1.3.2.09.02.04.069
9935,Gas Chormatography,PERALATAN DAN MESIN,1.3.2.09.02.04.070
9936,Infra Red Spectometer,PERALATAN DAN MESIN,1.3.2.09.02.04.071
9937,Krus Porcelain,PERALATAN DAN MESIN,1.3.2.09.02.04.072
9938,Liquid Chormatography,PERALATAN DAN MESIN,1.3.2.09.02.04.073
9939,Mortas and Fistle Porcelain,PERALATAN DAN MESIN,1.3.2.09.02.04.074
9940,Neraca Analitis,PERALATAN DAN MESIN,1.3.2.09.02.04.075
9941,Penjepit Krus,PERALATAN DAN MESIN,1.3.2.09.02.04.076
9942,Specifionografity Bottle As Justed,PERALATAN DAN MESIN,1.3.2.09.02.04.077
9943,Spectronic 20,PERALATAN DAN MESIN,1.3.2.09.02.04.078
9944,Statif and Clemp,PERALATAN DAN MESIN,1.3.2.09.02.04.079
9945,Tubidimeter Hach,PERALATAN DAN MESIN,1.3.2.09.02.04.080
9946,"Ultrasonic Cleaner (Alat Nuklir, Biologi Dan Kimia)",PERALATAN DAN MESIN,1.3.2.09.02.04.081
9947,UV-VIS Spestrohotometer,PERALATAN DAN MESIN,1.3.2.09.02.04.082
9948,Vacuum Filter Flask,PERALATAN DAN MESIN,1.3.2.09.02.04.083
9949,Vacuum Microfilter Holder,PERALATAN DAN MESIN,1.3.2.09.02.04.084
9950,"Viscosimeter (Alat Nuklir, Biologi Dan Kimia)",PERALATAN DAN MESIN,1.3.2.09.02.04.085
9951,Portable Tubidimeter,PERALATAN DAN MESIN,1.3.2.09.02.04.086
9952,Micro Filter All Glass Vacuum Filter Holder 47 Mm,PERALATAN DAN MESIN,1.3.2.09.02.04.087
9953,Set Nubika Perorangan,PERALATAN DAN MESIN,1.3.2.09.02.04.088
9954,Sepatu Pelindung,PERALATAN DAN MESIN,1.3.2.09.02.04.089
9955,Sarung Tangan Pelindung,PERALATAN DAN MESIN,1.3.2.09.02.04.090
9956,Tablet + Dilter Penjernih Air,PERALATAN DAN MESIN,1.3.2.09.02.04.091
9957,Set Detektor Nuklir,PERALATAN DAN MESIN,1.3.2.09.02.04.092
9958,Set Detektor Biologi,PERALATAN DAN MESIN,1.3.2.09.02.04.093
9959,Set Meteorologi Lapangan,PERALATAN DAN MESIN,1.3.2.09.02.04.094
9960,Ransus Deco Jeep,PERALATAN DAN MESIN,1.3.2.09.02.04.095
9961,Decon Trailler,PERALATAN DAN MESIN,1.3.2.09.02.04.096
9962,Mobil Unit Decon Trailler,PERALATAN DAN MESIN,1.3.2.09.02.04.097
9963,Mobil Unit Laboratorium Nubika,PERALATAN DAN MESIN,1.3.2.09.02.04.098
9964,Truck Alsus Nubika,PERALATAN DAN MESIN,1.3.2.09.02.04.099
9965,Film Dosimeter,PERALATAN DAN MESIN,1.3.2.09.02.04.100
9966,Alat Pemroses Film Desimeter,PERALATAN DAN MESIN,1.3.2.09.02.04.101
9967,Alat Pengisi Pen Dosimeter / Charger,PERALATAN DAN MESIN,1.3.2.09.02.04.102
9968,Ransel Breathing Aparatus,PERALATAN DAN MESIN,1.3.2.09.02.04.103
9969,Masker Breathing Aparatus,PERALATAN DAN MESIN,1.3.2.09.02.04.104
9970,Compressor Breathing Aparatus,PERALATAN DAN MESIN,1.3.2.09.02.04.105
9971,Tabung Breathing Aparatus,PERALATAN DAN MESIN,1.3.2.09.02.04.106
9972,Unit Pengisi Oksigen Tabung Aparatus,PERALATAN DAN MESIN,1.3.2.09.02.04.107
9973,Unit Alpal Lab. Lapangan Nuklir,PERALATAN DAN MESIN,1.3.2.09.02.04.108
9974,Unit Alpal Lab. Lapangan Biologi,PERALATAN DAN MESIN,1.3.2.09.02.04.109
9975,Unit Alpal Lab. Lapangan Kimia,PERALATAN DAN MESIN,1.3.2.09.02.04.110
9976,Set Lidik Meteo,PERALATAN DAN MESIN,1.3.2.09.02.04.111
9977,Set Lidik Nuklir,PERALATAN DAN MESIN,1.3.2.09.02.04.112
9978,Set Lidik Biologi,PERALATAN DAN MESIN,1.3.2.09.02.04.113
9979,Set Lidik Kimia,PERALATAN DAN MESIN,1.3.2.09.02.04.114
9980,Set Alpal PAP,PERALATAN DAN MESIN,1.3.2.09.02.04.115
9981,Set Bahan Dekontaminasi Nubika,PERALATAN DAN MESIN,1.3.2.09.02.04.116
9982,Unit Alins Latihan Nubika,PERALATAN DAN MESIN,1.3.2.09.02.04.117
9983,Set Kamar Gas,PERALATAN DAN MESIN,1.3.2.09.02.04.118
9984,Unit Alpal Bengkel Torsin,PERALATAN DAN MESIN,1.3.2.09.02.04.119
9985,Unit Alpal Bengkel Torsel,PERALATAN DAN MESIN,1.3.2.09.02.04.120
9986,Set Dapur Lapangan,PERALATAN DAN MESIN,1.3.2.09.02.04.121
9987,"alat nuklir, biologi dan kimia  lainnya (dst)",PERALATAN DAN MESIN,1.3.2.09.02.04.122
9988,PERSENJATAAN NON SENJATA API LAINNYA,PERALATAN DAN MESIN,1.3.2.09.02.05.000
9989,persenjataan non senjata api lainnya  lainnya (dst),PERALATAN DAN MESIN,1.3.2.09.02.05.001
9990,SENJATA SINAR,PERALATAN DAN MESIN,1.3.2.09.03.00.000
9991,LASER,PERALATAN DAN MESIN,1.3.2.09.03.01.000
9992,Sinyal,PERALATAN DAN MESIN,1.3.2.09.03.01.001
9993,laser lainnya (dst),PERALATAN DAN MESIN,1.3.2.09.03.01.002
9994,SENJATA SINAR LAINNYA,PERALATAN DAN MESIN,1.3.2.09.03.02.000
9995,senjata sinar lainnya  lainnya (dst),PERALATAN DAN MESIN,1.3.2.09.03.02.001
9996,ALAT KHUSUS KEPOLISIAN,PERALATAN DAN MESIN,1.3.2.09.04.00.000
9997,ALAT KHUSUS KEPOLISIAN,PERALATAN DAN MESIN,1.3.2.09.04.01.000
9998,NCS (Network Control System),PERALATAN DAN MESIN,1.3.2.09.04.01.001
9999,Satelit Base Station,PERALATAN DAN MESIN,1.3.2.09.04.01.002
10000,Intelegent Interconnect System,PERALATAN DAN MESIN,1.3.2.09.04.01.003
10001,HP Satelite,PERALATAN DAN MESIN,1.3.2.09.04.01.004
10002,Pusdalsis,PERALATAN DAN MESIN,1.3.2.09.04.01.005
10003,Fly Away VSAT,PERALATAN DAN MESIN,1.3.2.09.04.01.006
10004,GSP MAP 60 CSX,PERALATAN DAN MESIN,1.3.2.09.04.01.007
10005,Iradium Satelite Mobil Phone,PERALATAN DAN MESIN,1.3.2.09.04.01.008
10006,Iradium Satelite Fixed Phone,PERALATAN DAN MESIN,1.3.2.09.04.01.009
10007,alat khusus kepolisian  lainnya (dst),PERALATAN DAN MESIN,1.3.2.09.04.01.010
10008,ALAT DALMAS/ALAT DAKHURA,PERALATAN DAN MESIN,1.3.2.09.04.02.000
10009,Helmet With Neck Cover,PERALATAN DAN MESIN,1.3.2.09.04.02.001
10010,Gas Masker,PERALATAN DAN MESIN,1.3.2.09.04.02.002
10011,Canester,PERALATAN DAN MESIN,1.3.2.09.04.02.003
10012,Anti Riot Shiled/Tameng PHH,PERALATAN DAN MESIN,1.3.2.09.04.02.004
10013,Anti Riot Uniform/Rompi PHH,PERALATAN DAN MESIN,1.3.2.09.04.02.005
10014,Public Adress,PERALATAN DAN MESIN,1.3.2.09.04.02.006
10015,Tongkat POLRI,PERALATAN DAN MESIN,1.3.2.09.04.02.007
10016,Borgol,PERALATAN DAN MESIN,1.3.2.09.04.02.008
10017,Mobile Barrier,PERALATAN DAN MESIN,1.3.2.09.04.02.009
10018,Rompi dan Pelindung Kaki/Tangan,PERALATAN DAN MESIN,1.3.2.09.04.02.010
10019,Louncer,PERALATAN DAN MESIN,1.3.2.09.04.02.011
10020,Rifle Granade,PERALATAN DAN MESIN,1.3.2.09.04.02.012
10021,Air Teser,PERALATAN DAN MESIN,1.3.2.09.04.02.013
10022,Recharging System,PERALATAN DAN MESIN,1.3.2.09.04.02.014
10023,Tongkat Listrik,PERALATAN DAN MESIN,1.3.2.09.04.02.015
10024,Alat Kejut,PERALATAN DAN MESIN,1.3.2.09.04.02.016
10025,Reming Super - 7,PERALATAN DAN MESIN,1.3.2.09.04.02.017
10026,Super - 7,PERALATAN DAN MESIN,1.3.2.09.04.02.018
10027,Tongkat Panjang,PERALATAN DAN MESIN,1.3.2.09.04.02.019
10028,Tongkat Panjang Lecut,PERALATAN DAN MESIN,1.3.2.09.04.02.020
10029,Launcher TAC 700,PERALATAN DAN MESIN,1.3.2.09.04.02.021
10030,Adaptor PA-FA,PERALATAN DAN MESIN,1.3.2.09.04.02.022
10031,Scuba Tank,PERALATAN DAN MESIN,1.3.2.09.04.02.023
10032,Red Rounds,PERALATAN DAN MESIN,1.3.2.09.04.02.024
10033,Purple Rounds,PERALATAN DAN MESIN,1.3.2.09.04.02.025
10034,Green Rounds,PERALATAN DAN MESIN,1.3.2.09.04.02.026
10035,Paper Spray,PERALATAN DAN MESIN,1.3.2.09.04.02.027
10036,Tameng,PERALATAN DAN MESIN,1.3.2.09.04.02.028
10037,Helm Dalmas,PERALATAN DAN MESIN,1.3.2.09.04.02.029
10038,Alkom Dalmas,PERALATAN DAN MESIN,1.3.2.09.04.02.030
10039,Kamera Digital,PERALATAN DAN MESIN,1.3.2.09.04.02.031
10040,Flash Ball,PERALATAN DAN MESIN,1.3.2.09.04.02.032
10041,Tali Dalmas,PERALATAN DAN MESIN,1.3.2.09.04.02.033
10042,Multi Louncher,PERALATAN DAN MESIN,1.3.2.09.04.02.034
10043,Catching Net,PERALATAN DAN MESIN,1.3.2.09.04.02.035
10044,alat dalmas/alat dakhura  lainnya (dst),PERALATAN DAN MESIN,1.3.2.09.04.02.036
10045,ALAT WANTEROR (PERLAWANAN TEROR),PERALATAN DAN MESIN,1.3.2.09.04.03.000
10046,Kacamata Pelindung,PERALATAN DAN MESIN,1.3.2.09.04.03.001
10047,Pakaian Khusus Wanteror,PERALATAN DAN MESIN,1.3.2.09.04.03.002
10048,NVG-10,PERALATAN DAN MESIN,1.3.2.09.04.03.003
10049,GPS,PERALATAN DAN MESIN,1.3.2.09.04.03.004
10050,Thermal Image Intensifier,PERALATAN DAN MESIN,1.3.2.09.04.03.005
10051,Mini Transmitter and Recivier,PERALATAN DAN MESIN,1.3.2.09.04.03.006
10052,Camoflage Paste,PERALATAN DAN MESIN,1.3.2.09.04.03.007
10053,Escape Belt,PERALATAN DAN MESIN,1.3.2.09.04.03.008
10054,Dehidrate,PERALATAN DAN MESIN,1.3.2.09.04.03.009
10055,Field Dressing Tape To Webbing,PERALATAN DAN MESIN,1.3.2.09.04.03.010
10056,Helm Tempur,PERALATAN DAN MESIN,1.3.2.09.04.03.011
10057,Rompi Anti Peluru,PERALATAN DAN MESIN,1.3.2.09.04.03.012
10058,Teropong Siang,PERALATAN DAN MESIN,1.3.2.09.04.03.013
10059,Mask Gogle,PERALATAN DAN MESIN,1.3.2.09.04.03.014
10060,Knee Protection,PERALATAN DAN MESIN,1.3.2.09.04.03.015
10061,Ilbow Protection,PERALATAN DAN MESIN,1.3.2.09.04.03.016
10062,Sarung Tangan Kulit,PERALATAN DAN MESIN,1.3.2.09.04.03.017
10063,Sebo Warna Hitam,PERALATAN DAN MESIN,1.3.2.09.04.03.018
10064,15 Passanger Van,PERALATAN DAN MESIN,1.3.2.09.04.03.019
10065,Terrano CommandVehicle,PERALATAN DAN MESIN,1.3.2.09.04.03.020
10066,Surefire951-Light,PERALATAN DAN MESIN,1.3.2.09.04.03.021
10067,Laser Range Finder,PERALATAN DAN MESIN,1.3.2.09.04.03.022
10068,"Binoculars, Armored 7x35 (Rubber Coated) Blk or Gurn",PERALATAN DAN MESIN,1.3.2.09.04.03.023
10069,"Spotting Scopes, 25x Power W/Mil Dot Reticle and Tripood",PERALATAN DAN MESIN,1.3.2.09.04.03.024
10070,"Shaarpshooter Drag Bag, Blackhawk",PERALATAN DAN MESIN,1.3.2.09.04.03.025
10071,"Clening Rods/Oil, Solvent, Brushesfor308 Cal",PERALATAN DAN MESIN,1.3.2.09.04.03.026
10072,Utility Brush,PERALATAN DAN MESIN,1.3.2.09.04.03.027
10073,Chamber Brushfor All Calibers,PERALATAN DAN MESIN,1.3.2.09.04.03.028
10074,"Solvent, Copper",PERALATAN DAN MESIN,1.3.2.09.04.03.029
10075,"Gun Scrub, Can",PERALATAN DAN MESIN,1.3.2.09.04.03.030
10076,"Bore Solvent MC#7, Shooter'sChice Bottle",PERALATAN DAN MESIN,1.3.2.09.04.03.031
10077,"Lubricant FP-10. Quick Scrub, Bottle",PERALATAN DAN MESIN,1.3.2.09.04.03.032
10078,Camo Compacts,PERALATAN DAN MESIN,1.3.2.09.04.03.033
10079,Type 'A' Sharpshooter's Completti Data Book System,PERALATAN DAN MESIN,1.3.2.09.04.03.034
10080,Mini-Mag Light and Batteries (Police3 Marks Man),PERALATAN DAN MESIN,1.3.2.09.04.03.035
10081,"Armalite Ar10T (308cal) W2x20rd. Mag's, bead blaster SS Barel",PERALATAN DAN MESIN,1.3.2.09.04.03.036
10082,Mounting Rings For Scope,PERALATAN DAN MESIN,1.3.2.09.04.03.037
10083,Harris Bi-pod,PERALATAN DAN MESIN,1.3.2.09.04.03.038
10084,Pelican Casses for AR10-T,PERALATAN DAN MESIN,1.3.2.09.04.03.039
10085,"Rifle Slings, for AR10-T",PERALATAN DAN MESIN,1.3.2.09.04.03.040
10086,"M4A1 Carbine, Plus 1 Magazine",PERALATAN DAN MESIN,1.3.2.09.04.03.041
10087,ARMS Flip-Up Sight,PERALATAN DAN MESIN,1.3.2.09.04.03.042
10088,M4A1 Rifle Slings,PERALATAN DAN MESIN,1.3.2.09.04.03.043
10089,"M4A1, Extra Magazines",PERALATAN DAN MESIN,1.3.2.09.04.03.044
10090,Aimpoint (M4A1 Weapon Sights),PERALATAN DAN MESIN,1.3.2.09.04.03.045
10091,Glock 17 (Live Fire),PERALATAN DAN MESIN,1.3.2.09.04.03.046
10092,"Remmington 870, Shotgun",PERALATAN DAN MESIN,1.3.2.09.04.03.047
10093,"Londobridges, Radio Pouch",PERALATAN DAN MESIN,1.3.2.09.04.03.048
10094,"Londobridges, Molle Vest",PERALATAN DAN MESIN,1.3.2.09.04.03.049
10095,"Londobridges, Magazines Poch Adapted For Pistol",PERALATAN DAN MESIN,1.3.2.09.04.03.050
10096,Pouch Magazines Horizontal,PERALATAN DAN MESIN,1.3.2.09.04.03.051
10097,Pack.Buttmolle LBT 2282C,PERALATAN DAN MESIN,1.3.2.09.04.03.052
10098,Tactical Ballistic Plate Carier,PERALATAN DAN MESIN,1.3.2.09.04.03.053
10099,"Ballistic Plates, Level III + Protektion",PERALATAN DAN MESIN,1.3.2.09.04.03.054
10100,Ballistic Ladder Sheild,PERALATAN DAN MESIN,1.3.2.09.04.03.055
10101,Handcuffs,PERALATAN DAN MESIN,1.3.2.09.04.03.056
10102,Flex Cuffs,PERALATAN DAN MESIN,1.3.2.09.04.03.057
10103,Tactical Breaching Backpack,PERALATAN DAN MESIN,1.3.2.09.04.03.058
10104,"Gp 338 Radio, Charger Belt Clip, Antena",PERALATAN DAN MESIN,1.3.2.09.04.03.059
10105,NiMH High Cap Baterey,PERALATAN DAN MESIN,1.3.2.09.04.03.060
10106,Remote Speaker Mikropone,PERALATAN DAN MESIN,1.3.2.09.04.03.061
10107,"TEA Tile II Headset, With PTT",PERALATAN DAN MESIN,1.3.2.09.04.03.062
10108,"GM338 Mobil Radio, Select 5, UHF (450-527MHz)",PERALATAN DAN MESIN,1.3.2.09.04.03.063
10109,Wire Stripper/Cutter (Breacing),PERALATAN DAN MESIN,1.3.2.09.04.03.064
10110,M-2 Crimper (Breacing),PERALATAN DAN MESIN,1.3.2.09.04.03.065
10111,Bolt Cutter 36' (Breacing),PERALATAN DAN MESIN,1.3.2.09.04.03.066
10112,Bolt Cutter 18' (Breacing),PERALATAN DAN MESIN,1.3.2.09.04.03.067
10113,Hacksaw (Breacing),PERALATAN DAN MESIN,1.3.2.09.04.03.068
10114,"Handsaw Wood, Rip, 26-32",PERALATAN DAN MESIN,1.3.2.09.04.03.069
10115,Qiicke saw - 14,PERALATAN DAN MESIN,1.3.2.09.04.03.070
10116,Exothermic Fourch Set,PERALATAN DAN MESIN,1.3.2.09.04.03.071
10117,"Storage Container, Pastic 3'x2'x2'",PERALATAN DAN MESIN,1.3.2.09.04.03.072
10118,Breacing Too; Pouch,PERALATAN DAN MESIN,1.3.2.09.04.03.073
10119,EOD Pouch,PERALATAN DAN MESIN,1.3.2.09.04.03.074
10120,Internal Door Charge Satchels (Breacher's Satchels),PERALATAN DAN MESIN,1.3.2.09.04.03.075
10121,Dual Shock Tube Initiator,PERALATAN DAN MESIN,1.3.2.09.04.03.076
10122,Singgle Shock tube Initiator,PERALATAN DAN MESIN,1.3.2.09.04.03.077
10123,Handy Blaster Electric Fiting Device,PERALATAN DAN MESIN,1.3.2.09.04.03.078
10124,Omni Single Strand (Cooper) Duplex 20gauge Firing Wire,PERALATAN DAN MESIN,1.3.2.09.04.03.079
10125,"Gloves, Pair, Kevlar Heavy Duty, Work",PERALATAN DAN MESIN,1.3.2.09.04.03.080
10126,UV/A&Bprotective Eye Goggles,PERALATAN DAN MESIN,1.3.2.09.04.03.081
10127,Router (Porter-Cable Trimmer),PERALATAN DAN MESIN,1.3.2.09.04.03.082
10128,Fireman's Axe,PERALATAN DAN MESIN,1.3.2.09.04.03.083
10129,Hammer (Claw),PERALATAN DAN MESIN,1.3.2.09.04.03.084
10130,Ladder (One 12') Lighet Weight,PERALATAN DAN MESIN,1.3.2.09.04.03.085
10131,Spray Glue,PERALATAN DAN MESIN,1.3.2.09.04.03.086
10132,Nylon Cord (100'),PERALATAN DAN MESIN,1.3.2.09.04.03.087
10133,"One Large Oxygen Bottle, Full, Complete W/Cart",PERALATAN DAN MESIN,1.3.2.09.04.03.088
10134,Stopwatches,PERALATAN DAN MESIN,1.3.2.09.04.03.089
10135,TEES Walblaster,PERALATAN DAN MESIN,1.3.2.09.04.03.090
10136,Polythene Strips 1'x1/2'x8',PERALATAN DAN MESIN,1.3.2.09.04.03.091
10137,Thunderbolt Ram,PERALATAN DAN MESIN,1.3.2.09.04.03.092
10138,Strick On Tape,PERALATAN DAN MESIN,1.3.2.09.04.03.093
10139,Hearing N Listening,PERALATAN DAN MESIN,1.3.2.09.04.03.094
10140,Scure Foto Tranvia,PERALATAN DAN MESIN,1.3.2.09.04.03.095
10141,Write Blocking Device,PERALATAN DAN MESIN,1.3.2.09.04.03.096
10142,Intelgent Audio Kit,PERALATAN DAN MESIN,1.3.2.09.04.03.097
10143,Basic G 1.2 Bundle,PERALATAN DAN MESIN,1.3.2.09.04.03.098
10144,alat wanteror (perlawanan teror)  lainnya (dst),PERALATAN DAN MESIN,1.3.2.09.04.03.099
10145,PERALATAN DETEKSI INTEL,PERALATAN DAN MESIN,1.3.2.09.04.04.000
10146,Explosive Tector 6VD-04,PERALATAN DAN MESIN,1.3.2.09.04.04.001
10147,Camera Jam Tangan,PERALATAN DAN MESIN,1.3.2.09.04.04.002
10148,Celluler Interceptor,PERALATAN DAN MESIN,1.3.2.09.04.04.003
10149,Digital Camera,PERALATAN DAN MESIN,1.3.2.09.04.04.004
10150,Digital Voice Rec S-1 330,PERALATAN DAN MESIN,1.3.2.09.04.04.005
10151,Telepon Line Rec,PERALATAN DAN MESIN,1.3.2.09.04.04.006
10152,Digital Handycam VHSC,PERALATAN DAN MESIN,1.3.2.09.04.04.007
10153,Scan Mail Letter Bomb Detector,PERALATAN DAN MESIN,1.3.2.09.04.04.008
10154,Visiscope Remote Viewingsys Optic,PERALATAN DAN MESIN,1.3.2.09.04.04.009
10155,Searchkit Fiberscope Non Conductive,PERALATAN DAN MESIN,1.3.2.09.04.04.010
10156,Tustel Camera,PERALATAN DAN MESIN,1.3.2.09.04.04.011
10157,Pinhole Camera WA,PERALATAN DAN MESIN,1.3.2.09.04.04.012
10158,Pinhole Camera WD,PERALATAN DAN MESIN,1.3.2.09.04.04.013
10159,Camera Dasi,PERALATAN DAN MESIN,1.3.2.09.04.04.014
10160,Camera Rokok,PERALATAN DAN MESIN,1.3.2.09.04.04.015
10161,Long Range Receiver TV-201,PERALATAN DAN MESIN,1.3.2.09.04.04.016
10162,Reciever Audio/Video,PERALATAN DAN MESIN,1.3.2.09.04.04.017
10163,Throught Wall Listening Equipment,PERALATAN DAN MESIN,1.3.2.09.04.04.018
10164,Video Survallence and Ice Glass,PERALATAN DAN MESIN,1.3.2.09.04.04.019
10165,Penyadap Telepon,PERALATAN DAN MESIN,1.3.2.09.04.04.020
10166,Watch Camera Transmitter,PERALATAN DAN MESIN,1.3.2.09.04.04.021
10167,Taping Telephone,PERALATAN DAN MESIN,1.3.2.09.04.04.022
10168,Pocket Camera AF-230,PERALATAN DAN MESIN,1.3.2.09.04.04.023
10169,Snake Camera,PERALATAN DAN MESIN,1.3.2.09.04.04.024
10170,Pen Transmitter,PERALATAN DAN MESIN,1.3.2.09.04.04.025
10171,Button Camera,PERALATAN DAN MESIN,1.3.2.09.04.04.026
10172,Transmitter Reciever,PERALATAN DAN MESIN,1.3.2.09.04.04.027
10173,Cigarret Pac Camera,PERALATAN DAN MESIN,1.3.2.09.04.04.028
10174,Screw Head Camera,PERALATAN DAN MESIN,1.3.2.09.04.04.029
10175,Cellphone Video Camera,PERALATAN DAN MESIN,1.3.2.09.04.04.030
10176,Pen Camera,PERALATAN DAN MESIN,1.3.2.09.04.04.031
10177,Sun Glasses Camera,PERALATAN DAN MESIN,1.3.2.09.04.04.032
10178,"Reciever System PRS 5000, 3000",PERALATAN DAN MESIN,1.3.2.09.04.04.033
10179,Bom Detector Rad-2,PERALATAN DAN MESIN,1.3.2.09.04.04.034
10180,Explosive and Contra Band Detector,PERALATAN DAN MESIN,1.3.2.09.04.04.035
10181,Anel Metal Detec Ajustable,PERALATAN DAN MESIN,1.3.2.09.04.04.036
10182,Celluler Blocker MTB,PERALATAN DAN MESIN,1.3.2.09.04.04.037
10183,Bug Allert,PERALATAN DAN MESIN,1.3.2.09.04.04.038
10184,"Letter Bomb Wood, Black",PERALATAN DAN MESIN,1.3.2.09.04.04.039
10185,Interfiring,PERALATAN DAN MESIN,1.3.2.09.04.04.040
10186,Critical Spares For,PERALATAN DAN MESIN,1.3.2.09.04.04.041
10187,Optional Capabilities,PERALATAN DAN MESIN,1.3.2.09.04.04.042
10188,G 1.2. DF Verint,PERALATAN DAN MESIN,1.3.2.09.04.04.043
10189,peralatan deteksi intel  lainnya (dst),PERALATAN DAN MESIN,1.3.2.09.04.04.044
10190,ALSUS LANTAS,PERALATAN DAN MESIN,1.3.2.09.04.05.000
10191,Distometer,PERALATAN DAN MESIN,1.3.2.09.04.05.001
10192,Simulator Alat Klinik Mengemudi,PERALATAN DAN MESIN,1.3.2.09.04.05.002
10193,Emergency Hidroclinik Power,PERALATAN DAN MESIN,1.3.2.09.04.05.003
10194,Alat Ukur Kecepatan Ranmor,PERALATAN DAN MESIN,1.3.2.09.04.05.004
10195,Alat Ukur Timbangan Ranmor,PERALATAN DAN MESIN,1.3.2.09.04.05.005
10196,Alat Uji Kaca Gelap,PERALATAN DAN MESIN,1.3.2.09.04.05.006
10197,Alat Traffic Control and Monitoring,PERALATAN DAN MESIN,1.3.2.09.04.05.007
10198,Alat Pembuka Pintu/Kunci Mobil,PERALATAN DAN MESIN,1.3.2.09.04.05.008
10199,alsus lantas  lainnya (dst),PERALATAN DAN MESIN,1.3.2.09.04.05.009
10200,ALSUS RESERSE,PERALATAN DAN MESIN,1.3.2.09.04.06.000
10201,TKP Kit,PERALATAN DAN MESIN,1.3.2.09.04.06.001
10202,Police Line,PERALATAN DAN MESIN,1.3.2.09.04.06.002
10203,Vallon Defender 2000,PERALATAN DAN MESIN,1.3.2.09.04.06.003
10204,Handwriting Analysis Instrument HC 100,PERALATAN DAN MESIN,1.3.2.09.04.06.004
10205,Document Examiner Mic 940 Master,PERALATAN DAN MESIN,1.3.2.09.04.06.005
10206,Questioned Document Kit,PERALATAN DAN MESIN,1.3.2.09.04.06.006
10207,Portable Survilance System,PERALATAN DAN MESIN,1.3.2.09.04.06.007
10208,Video Camera Surveilance,PERALATAN DAN MESIN,1.3.2.09.04.06.008
10209,Linen Tester,PERALATAN DAN MESIN,1.3.2.09.04.06.009
10210,Money Scanner,PERALATAN DAN MESIN,1.3.2.09.04.06.010
10211,Komputer Phantombild,PERALATAN DAN MESIN,1.3.2.09.04.06.011
10212,Endoscope,PERALATAN DAN MESIN,1.3.2.09.04.06.012
10213,Tes Kit Narkoba,PERALATAN DAN MESIN,1.3.2.09.04.06.013
10214,GSM Tracknet System,PERALATAN DAN MESIN,1.3.2.09.04.06.014
10215,alsus reserse  lainnya (dst),PERALATAN DAN MESIN,1.3.2.09.04.06.015
10216,ALSUS FOTOGRAFI KEPOLISIAN,PERALATAN DAN MESIN,1.3.2.09.04.07.000
10217,Bateray Handycam,PERALATAN DAN MESIN,1.3.2.09.04.07.001
10218,Lampu Handycam + Bateray,PERALATAN DAN MESIN,1.3.2.09.04.07.002
10219,Mesin Enlarger,PERALATAN DAN MESIN,1.3.2.09.04.07.003
10220,Bak Cuci Cetak,PERALATAN DAN MESIN,1.3.2.09.04.07.004
10221,Lemari Camera,PERALATAN DAN MESIN,1.3.2.09.04.07.005
10222,Payung Flash Lamp,PERALATAN DAN MESIN,1.3.2.09.04.07.006
10223,Background,PERALATAN DAN MESIN,1.3.2.09.04.07.007
10224,Bateray D70S,PERALATAN DAN MESIN,1.3.2.09.04.07.008
10225,Bateray Pack Camera,PERALATAN DAN MESIN,1.3.2.09.04.07.009
10226,Nomor BB TKP,PERALATAN DAN MESIN,1.3.2.09.04.07.010
10227,Roll Meter 10 m,PERALATAN DAN MESIN,1.3.2.09.04.07.011
10228,Zoom Lens,PERALATAN DAN MESIN,1.3.2.09.04.07.012
10229,Standard Lens,PERALATAN DAN MESIN,1.3.2.09.04.07.013
10230,Micro Lens,PERALATAN DAN MESIN,1.3.2.09.04.07.014
10231,Macro Lens,PERALATAN DAN MESIN,1.3.2.09.04.07.015
10232,Lemari Suhu,PERALATAN DAN MESIN,1.3.2.09.04.07.016
10233,Bak Pencuci Film,PERALATAN DAN MESIN,1.3.2.09.04.07.017
10234,Tempat Slide,PERALATAN DAN MESIN,1.3.2.09.04.07.018
10235,Wide Angle Lens,PERALATAN DAN MESIN,1.3.2.09.04.07.019
10236,Blitz Yashica Pro 100,PERALATAN DAN MESIN,1.3.2.09.04.07.020
10237,Enlarger Reproduksi,PERALATAN DAN MESIN,1.3.2.09.04.07.021
10238,Layar Proyektor,PERALATAN DAN MESIN,1.3.2.09.04.07.022
10239,Blitz Popular,PERALATAN DAN MESIN,1.3.2.09.04.07.023
10240,Alat Pengering Foto,PERALATAN DAN MESIN,1.3.2.09.04.07.024
10241,Ukuran Cahaya,PERALATAN DAN MESIN,1.3.2.09.04.07.025
10242,Blower Brush,PERALATAN DAN MESIN,1.3.2.09.04.07.026
10243,Blitz Mamiya,PERALATAN DAN MESIN,1.3.2.09.04.07.027
10244,Roll Holder,PERALATAN DAN MESIN,1.3.2.09.04.07.028
10245,Enlarger Lucky,PERALATAN DAN MESIN,1.3.2.09.04.07.029
10246,Tripot Background,PERALATAN DAN MESIN,1.3.2.09.04.07.030
10247,Background / Kertas Background,PERALATAN DAN MESIN,1.3.2.09.04.07.031
10248,Reprovit,PERALATAN DAN MESIN,1.3.2.09.04.07.032
10249,Processing Film,PERALATAN DAN MESIN,1.3.2.09.04.07.033
10250,Negative Film Driyer Cabinet,PERALATAN DAN MESIN,1.3.2.09.04.07.034
10251,Finger Print Camera,PERALATAN DAN MESIN,1.3.2.09.04.07.035
10252,alsus fotografi kepolisian  lainnya (dst),PERALATAN DAN MESIN,1.3.2.09.04.07.036
10253,ALSUS DAKTILOSKOPI,PERALATAN DAN MESIN,1.3.2.09.04.08.000
10254,Stamping Kit,PERALATAN DAN MESIN,1.3.2.09.04.08.001
10255,Professional Fp. Magnifier / Loop,PERALATAN DAN MESIN,1.3.2.09.04.08.002
10256,Forensic Light Source,PERALATAN DAN MESIN,1.3.2.09.04.08.003
10257,Fp. Ink Roller,PERALATAN DAN MESIN,1.3.2.09.04.08.004
10258,Pocket Size Magnifying Lens/Ps.600,PERALATAN DAN MESIN,1.3.2.09.04.08.005
10259,Portable Ultra Violet Rays Lamp,PERALATAN DAN MESIN,1.3.2.09.04.08.006
10260,Type Electric Iodine Fumer Kit/Ps.46,PERALATAN DAN MESIN,1.3.2.09.04.08.007
10261,Steel Classifying Table/Ps.148,PERALATAN DAN MESIN,1.3.2.09.04.08.008
10262,Wide Magnetic & Duster/Ps.113,PERALATAN DAN MESIN,1.3.2.09.04.08.009
10263,Laboratory Type Fuming Cabinet,PERALATAN DAN MESIN,1.3.2.09.04.08.010
10264,Evidence Camera,PERALATAN DAN MESIN,1.3.2.09.04.08.011
10265,Fingerprint Magnifier/Henry Disk,PERALATAN DAN MESIN,1.3.2.09.04.08.012
10266,Traffic Identification Kit/Ps.511,PERALATAN DAN MESIN,1.3.2.09.04.08.013
10267,Fingerprint Sprayer Gun Kit/Ps.135,PERALATAN DAN MESIN,1.3.2.09.04.08.014
10268,Anti Petrefacton Mask,PERALATAN DAN MESIN,1.3.2.09.04.08.015
10269,Regular Magnetic Latent Print Kit,PERALATAN DAN MESIN,1.3.2.09.04.08.016
10270,Retrac Table Maxi Latent Print Brush,PERALATAN DAN MESIN,1.3.2.09.04.08.017
10271,Comparator Cat PC-28,PERALATAN DAN MESIN,1.3.2.09.04.08.018
10272,Latent Print Spesialis Kit Cat-303,PERALATAN DAN MESIN,1.3.2.09.04.08.019
10273,Iodine Print Eshenter Cat-Dca 1-6,PERALATAN DAN MESIN,1.3.2.09.04.08.020
10274,Bulgary Squad Kit/Ps.117,PERALATAN DAN MESIN,1.3.2.09.04.08.021
10275,Latent Print Kit Cat LP 304,PERALATAN DAN MESIN,1.3.2.09.04.08.022
10276,Ransel Kit,PERALATAN DAN MESIN,1.3.2.09.04.08.023
10277,Profesional Fingerprint Magnifer/Loop,PERALATAN DAN MESIN,1.3.2.09.04.08.024
10278,Compact Folding Fp. Kit/CFP 600,PERALATAN DAN MESIN,1.3.2.09.04.08.025
10279,Wide Magnetic Brush,PERALATAN DAN MESIN,1.3.2.09.04.08.026
10280,Fp Field Kit,PERALATAN DAN MESIN,1.3.2.09.04.08.027
10281,Magnetic Latent Print Kit,PERALATAN DAN MESIN,1.3.2.09.04.08.028
10282,Poly View,PERALATAN DAN MESIN,1.3.2.09.04.08.029
10283,Polylight,PERALATAN DAN MESIN,1.3.2.09.04.08.030
10284,Laser Print Finger Detector,PERALATAN DAN MESIN,1.3.2.09.04.08.031
10285,Finger Print Laboratories,PERALATAN DAN MESIN,1.3.2.09.04.08.032
10286,AC Purpose Fuming Cabinet,PERALATAN DAN MESIN,1.3.2.09.04.08.033
10287,Forensik Optical Comperator,PERALATAN DAN MESIN,1.3.2.09.04.08.034
10288,Patroid Compositor,PERALATAN DAN MESIN,1.3.2.09.04.08.035
10289,FP Development Station,PERALATAN DAN MESIN,1.3.2.09.04.08.036
10290,alsus daktiloskopi  lainnya (dst),PERALATAN DAN MESIN,1.3.2.09.04.08.037
10291,INSTRUMEN ANALISIS LABORATORIUM FORENSIK,PERALATAN DAN MESIN,1.3.2.09.04.09.000
10292,Gas Cromatography (GC),PERALATAN DAN MESIN,1.3.2.09.04.09.001
10293,Ion Cromatography,PERALATAN DAN MESIN,1.3.2.09.04.09.002
10294,FTIR,PERALATAN DAN MESIN,1.3.2.09.04.09.003
10295,UV-VIS Spectrometer,PERALATAN DAN MESIN,1.3.2.09.04.09.004
10296,GC MS,PERALATAN DAN MESIN,1.3.2.09.04.09.005
10297,GC-IRD MS,PERALATAN DAN MESIN,1.3.2.09.04.09.006
10298,Elementer Analizer,PERALATAN DAN MESIN,1.3.2.09.04.09.007
10299,Emit Solaris,PERALATAN DAN MESIN,1.3.2.09.04.09.008
10300,Vioce Analizer,PERALATAN DAN MESIN,1.3.2.09.04.09.009
10301,Universal Testing,PERALATAN DAN MESIN,1.3.2.09.04.09.010
10302,DNA Analizer,PERALATAN DAN MESIN,1.3.2.09.04.09.011
10303,UV-VIS Scanning Spectrometer,PERALATAN DAN MESIN,1.3.2.09.04.09.012
10304,Solaris Aoutomatic Analyser,PERALATAN DAN MESIN,1.3.2.09.04.09.013
10305,Microdigest,PERALATAN DAN MESIN,1.3.2.09.04.09.014
10306,Video Spectral Comparator (VSC),PERALATAN DAN MESIN,1.3.2.09.04.09.015
10307,Lab X-300,PERALATAN DAN MESIN,1.3.2.09.04.09.016
10308,Ion Scan,PERALATAN DAN MESIN,1.3.2.09.04.09.017
10309,Sabre 2000,PERALATAN DAN MESIN,1.3.2.09.04.09.018
10310,Gas Detector,PERALATAN DAN MESIN,1.3.2.09.04.09.019
10311,Lie Detector,PERALATAN DAN MESIN,1.3.2.09.04.09.020
10312,ESDA,PERALATAN DAN MESIN,1.3.2.09.04.09.021
10313,Gas Emission Analyser,PERALATAN DAN MESIN,1.3.2.09.04.09.022
10314,Explosive Vapour Detector,PERALATAN DAN MESIN,1.3.2.09.04.09.023
10315,Gas Detection Instruments Hand Held Detectors,PERALATAN DAN MESIN,1.3.2.09.04.09.024
10316,Gas Combustible Detector,PERALATAN DAN MESIN,1.3.2.09.04.09.025
10317,Flas Point Tester,PERALATAN DAN MESIN,1.3.2.09.04.09.026
10318,Radiation Checker,PERALATAN DAN MESIN,1.3.2.09.04.09.027
10319,Ultraviolet Box,PERALATAN DAN MESIN,1.3.2.09.04.09.028
10320,Bank Note Checker,PERALATAN DAN MESIN,1.3.2.09.04.09.029
10321,Hand Held Gas Detection Instruments,PERALATAN DAN MESIN,1.3.2.09.04.09.030
10322,Auto Flash Point Apparatus,PERALATAN DAN MESIN,1.3.2.09.04.09.031
10323,Melting Point Apparatus,PERALATAN DAN MESIN,1.3.2.09.04.09.032
10324,Ph Meter Bench,PERALATAN DAN MESIN,1.3.2.09.04.09.033
10325,Ph Meter Corning Delta,PERALATAN DAN MESIN,1.3.2.09.04.09.034
10326,Tinto Meter,PERALATAN DAN MESIN,1.3.2.09.04.09.035
10327,Emission Analyzer,PERALATAN DAN MESIN,1.3.2.09.04.09.036
10328,Computing Noise Doosimeter,PERALATAN DAN MESIN,1.3.2.09.04.09.037
10329,Organic Gas Sampling Kit (SKC),PERALATAN DAN MESIN,1.3.2.09.04.09.038
10330,Laminar Air Low,PERALATAN DAN MESIN,1.3.2.09.04.09.039
10331,Digital Multimeter (Fluke 97),PERALATAN DAN MESIN,1.3.2.09.04.09.040
10332,The Russel Comparator,PERALATAN DAN MESIN,1.3.2.09.04.09.041
10333,Fofessional Trimmer,PERALATAN DAN MESIN,1.3.2.09.04.09.042
10334,Flow Meter Water,PERALATAN DAN MESIN,1.3.2.09.04.09.043
10335,Flow Meter Gas,PERALATAN DAN MESIN,1.3.2.09.04.09.044
10336,Mettler AT 201 Analytical Balance,PERALATAN DAN MESIN,1.3.2.09.04.09.045
10337,Density Balance For Liquids,PERALATAN DAN MESIN,1.3.2.09.04.09.046
10338,Viscometer Portable,PERALATAN DAN MESIN,1.3.2.09.04.09.047
10339,Micrometer and Capiler,PERALATAN DAN MESIN,1.3.2.09.04.09.048
10340,PH Meter Digital Portable,PERALATAN DAN MESIN,1.3.2.09.04.09.049
10341,Conductivity Meter Portable,PERALATAN DAN MESIN,1.3.2.09.04.09.050
10342,Conductivity Meter Bench,PERALATAN DAN MESIN,1.3.2.09.04.09.051
10343,Thermometer Digital Portable,PERALATAN DAN MESIN,1.3.2.09.04.09.052
10344,Kinetic Viscosity Bath,PERALATAN DAN MESIN,1.3.2.09.04.09.053
10345,Multi Role Metal Detection Equipment,PERALATAN DAN MESIN,1.3.2.09.04.09.054
10346,Light Meter,PERALATAN DAN MESIN,1.3.2.09.04.09.055
10347,Dissolved Oxygen Meter Portable,PERALATAN DAN MESIN,1.3.2.09.04.09.056
10348,Determination of Vapour Pressure,PERALATAN DAN MESIN,1.3.2.09.04.09.057
10349,Determination of Freezing Poin,PERALATAN DAN MESIN,1.3.2.09.04.09.058
10350,Clorine and Sulphur Determination,PERALATAN DAN MESIN,1.3.2.09.04.09.059
10351,Determination of Hydrocarbon Types,PERALATAN DAN MESIN,1.3.2.09.04.09.060
10352,Determination of Insolube Matters,PERALATAN DAN MESIN,1.3.2.09.04.09.061
10353,Determination of Free Acidic,PERALATAN DAN MESIN,1.3.2.09.04.09.062
10354,Determination of Smoke Point,PERALATAN DAN MESIN,1.3.2.09.04.09.063
10355,Detection of Copper Corrosion,PERALATAN DAN MESIN,1.3.2.09.04.09.064
10356,Determination of Coud and Pour Point,PERALATAN DAN MESIN,1.3.2.09.04.09.065
10357,Digital Hygrometer/Thermometer,PERALATAN DAN MESIN,1.3.2.09.04.09.066
10358,Ultrasonic Thickness Gauge,PERALATAN DAN MESIN,1.3.2.09.04.09.067
10359,Friction Tester,PERALATAN DAN MESIN,1.3.2.09.04.09.068
10360,Coat Thickness Measurement,PERALATAN DAN MESIN,1.3.2.09.04.09.069
10361,Questioned Document Plate Set,PERALATAN DAN MESIN,1.3.2.09.04.09.070
10362,Scopemen,PERALATAN DAN MESIN,1.3.2.09.04.09.071
10363,Mikroskop Metalogri,PERALATAN DAN MESIN,1.3.2.09.04.09.072
10364,Comparison Microscope,PERALATAN DAN MESIN,1.3.2.09.04.09.073
10365,Trinoc Microscope Fluorescence,PERALATAN DAN MESIN,1.3.2.09.04.09.074
10366,Through Light Box,PERALATAN DAN MESIN,1.3.2.09.04.09.075
10367,Illuminated Magnifier,PERALATAN DAN MESIN,1.3.2.09.04.09.076
10368,Refractometer Abbe Mark II Plus,PERALATAN DAN MESIN,1.3.2.09.04.09.077
10369,Thermal Analysis System,PERALATAN DAN MESIN,1.3.2.09.04.09.078
10370,Fisher Micromaster,PERALATAN DAN MESIN,1.3.2.09.04.09.079
10371,X-Ray Fluorences Spectrometry (XRF),PERALATAN DAN MESIN,1.3.2.09.04.09.080
10372,X-Ray Diffractometry (XRD),PERALATAN DAN MESIN,1.3.2.09.04.09.081
10373,Leica Vector IV,PERALATAN DAN MESIN,1.3.2.09.04.09.082
10374,Draeger Multi Gas Detector,PERALATAN DAN MESIN,1.3.2.09.04.09.083
10375,Furnace Neytech,PERALATAN DAN MESIN,1.3.2.09.04.09.084
10376,X-Met 3000 TX & Portable X-Ray,PERALATAN DAN MESIN,1.3.2.09.04.09.085
10377,Hot Plate With Stirrer,PERALATAN DAN MESIN,1.3.2.09.04.09.086
10378,Micro Distilation Oven,PERALATAN DAN MESIN,1.3.2.09.04.09.087
10379,Reprostar,PERALATAN DAN MESIN,1.3.2.09.04.09.088
10380,Magnifier,PERALATAN DAN MESIN,1.3.2.09.04.09.089
10381,Resin Coated Paper Dryer,PERALATAN DAN MESIN,1.3.2.09.04.09.090
10382,Vortex Genie,PERALATAN DAN MESIN,1.3.2.09.04.09.091
10383,Refrigerator Laboratory Spark Free,PERALATAN DAN MESIN,1.3.2.09.04.09.092
10384,Lab Start Up Plus Chemicals,PERALATAN DAN MESIN,1.3.2.09.04.09.093
10385,High Speed Centrifuge,PERALATAN DAN MESIN,1.3.2.09.04.09.094
10386,Microcentaur,PERALATAN DAN MESIN,1.3.2.09.04.09.095
10387,Eppendort Thermomixer,PERALATAN DAN MESIN,1.3.2.09.04.09.096
10388,Russel Comparator,PERALATAN DAN MESIN,1.3.2.09.04.09.097
10389,Stavol,PERALATAN DAN MESIN,1.3.2.09.04.09.098
10390,Exploranium Gamma Neutron Ray Spectrometer,PERALATAN DAN MESIN,1.3.2.09.04.09.099
10391,Exploranium Radiation Detection Pager Unit,PERALATAN DAN MESIN,1.3.2.09.04.09.100
10392,Electrik Executive,PERALATAN DAN MESIN,1.3.2.09.04.09.101
10393,Fisher Oven,PERALATAN DAN MESIN,1.3.2.09.04.09.102
10394,Automatic Titrator For TBN Determination,PERALATAN DAN MESIN,1.3.2.09.04.09.103
10395,Pensky Marten Closed Up Flash Point,PERALATAN DAN MESIN,1.3.2.09.04.09.104
10396,Polaroghapy/Voltammetry,PERALATAN DAN MESIN,1.3.2.09.04.09.105
10397,Fisher Refrigerator Circulator,PERALATAN DAN MESIN,1.3.2.09.04.09.106
10398,Personal Dust Sampler,PERALATAN DAN MESIN,1.3.2.09.04.09.107
10399,Mistral 6000 Refrigerated Centrifuge,PERALATAN DAN MESIN,1.3.2.09.04.09.108
10400,Heating Mantle With Stirrer,PERALATAN DAN MESIN,1.3.2.09.04.09.109
10401,Vortex Genie Mixer,PERALATAN DAN MESIN,1.3.2.09.04.09.110
10402,Shooting Box Normal,PERALATAN DAN MESIN,1.3.2.09.04.09.111
10403,"Autoclave, Omega Sterilising System",PERALATAN DAN MESIN,1.3.2.09.04.09.112
10404,Horizontal Agarore Electrophoresis,PERALATAN DAN MESIN,1.3.2.09.04.09.113
10405,Isco Automatic Waste Water Sampler,PERALATAN DAN MESIN,1.3.2.09.04.09.114
10406,Genarator,PERALATAN DAN MESIN,1.3.2.09.04.09.115
10407,Digital Flow Detector,PERALATAN DAN MESIN,1.3.2.09.04.09.116
10408,Adhesion Tester,PERALATAN DAN MESIN,1.3.2.09.04.09.117
10409,Eppendorf Thermonis,PERALATAN DAN MESIN,1.3.2.09.04.09.118
10410,Ultrasonic Bath,PERALATAN DAN MESIN,1.3.2.09.04.09.119
10411,Copy Stand and Lights,PERALATAN DAN MESIN,1.3.2.09.04.09.120
10412,Quarterly Gradient Semi Preparative,PERALATAN DAN MESIN,1.3.2.09.04.09.121
10413,DNA System on Forensic,PERALATAN DAN MESIN,1.3.2.09.04.09.122
10414,Automatic Cleveland Open Cup Flash,PERALATAN DAN MESIN,1.3.2.09.04.09.123
10415,Baths Ultrasonic,PERALATAN DAN MESIN,1.3.2.09.04.09.124
10416,Arson Collection Tool Kit,PERALATAN DAN MESIN,1.3.2.09.04.09.125
10417,Chest Freezer,PERALATAN DAN MESIN,1.3.2.09.04.09.126
10418,Hot Box Oven,PERALATAN DAN MESIN,1.3.2.09.04.09.127
10419,Colour Film Processing Mini Lab,PERALATAN DAN MESIN,1.3.2.09.04.09.128
10420,Auto Slide Projector,PERALATAN DAN MESIN,1.3.2.09.04.09.129
10421,Combustible Gas Detector,PERALATAN DAN MESIN,1.3.2.09.04.09.130
10422,CSL Computerized Snech Workstation,PERALATAN DAN MESIN,1.3.2.09.04.09.131
10423,Drugs Standards,PERALATAN DAN MESIN,1.3.2.09.04.09.132
10424,Velocity Measuring Device,PERALATAN DAN MESIN,1.3.2.09.04.09.133
10425,Photographic Enlarger With Colour Analyzer,PERALATAN DAN MESIN,1.3.2.09.04.09.134
10426,Set of Studio Lights,PERALATAN DAN MESIN,1.3.2.09.04.09.135
10427,Mettler Delta 320,PERALATAN DAN MESIN,1.3.2.09.04.09.136
10428,Colour Film Processing System,PERALATAN DAN MESIN,1.3.2.09.04.09.137
10429,Cod Apparatus,PERALATAN DAN MESIN,1.3.2.09.04.09.138
10430,Bod Apparatus,PERALATAN DAN MESIN,1.3.2.09.04.09.139
10431,Aerosol Monitoring System,PERALATAN DAN MESIN,1.3.2.09.04.09.140
10432,Oven,PERALATAN DAN MESIN,1.3.2.09.04.09.141
10433,Sem (X-Ray Scanning Electron Microscope),PERALATAN DAN MESIN,1.3.2.09.04.09.142
10434,Viscosimeter Bath,PERALATAN DAN MESIN,1.3.2.09.04.09.143
10435,Cooper Coration,PERALATAN DAN MESIN,1.3.2.09.04.09.144
10436,Flas/Fire Point Test,PERALATAN DAN MESIN,1.3.2.09.04.09.145
10437,Cloud Point,PERALATAN DAN MESIN,1.3.2.09.04.09.146
10438,Autoflash,PERALATAN DAN MESIN,1.3.2.09.04.09.147
10439,Pour Point,PERALATAN DAN MESIN,1.3.2.09.04.09.148
10440,Smoke Point Lamp,PERALATAN DAN MESIN,1.3.2.09.04.09.149
10441,Water Destilation System,PERALATAN DAN MESIN,1.3.2.09.04.09.150
10442,Amino Acid Tetration,PERALATAN DAN MESIN,1.3.2.09.04.09.151
10443,Termo Mixer,PERALATAN DAN MESIN,1.3.2.09.04.09.152
10444,Bolling Bath,PERALATAN DAN MESIN,1.3.2.09.04.09.153
10445,Mofile Furnace,PERALATAN DAN MESIN,1.3.2.09.04.09.154
10446,Oil Distolation System,PERALATAN DAN MESIN,1.3.2.09.04.09.155
10447,Stirer Methrom,PERALATAN DAN MESIN,1.3.2.09.04.09.156
10448,Autimatic Refractometer,PERALATAN DAN MESIN,1.3.2.09.04.09.157
10449,UV-Cabinet,PERALATAN DAN MESIN,1.3.2.09.04.09.158
10450,Nano Pure,PERALATAN DAN MESIN,1.3.2.09.04.09.159
10451,Micro Centrifuge,PERALATAN DAN MESIN,1.3.2.09.04.09.160
10452,Volta Meter,PERALATAN DAN MESIN,1.3.2.09.04.09.161
10453,Automatic Water Sampler,PERALATAN DAN MESIN,1.3.2.09.04.09.162
10454,Flash Shaker,PERALATAN DAN MESIN,1.3.2.09.04.09.163
10455,Magnetic Stirrer Hot Plate,PERALATAN DAN MESIN,1.3.2.09.04.09.164
10456,Portable Combo Media Player,PERALATAN DAN MESIN,1.3.2.09.04.09.165
10457,Genescane,PERALATAN DAN MESIN,1.3.2.09.04.09.166
10458,Syntesizer,PERALATAN DAN MESIN,1.3.2.09.04.09.167
10459,Autotransformer,PERALATAN DAN MESIN,1.3.2.09.04.09.168
10460,Portable Infra Red Viewer,PERALATAN DAN MESIN,1.3.2.09.04.09.169
10461,Field Emission,PERALATAN DAN MESIN,1.3.2.09.04.09.170
10462,Profile Projector,PERALATAN DAN MESIN,1.3.2.09.04.09.171
10463,Mesin Uji Tarik,PERALATAN DAN MESIN,1.3.2.09.04.09.172
10464,Alat Re-etching,PERALATAN DAN MESIN,1.3.2.09.04.09.173
10465,Mesin Mounting,PERALATAN DAN MESIN,1.3.2.09.04.09.174
10466,Microskop,PERALATAN DAN MESIN,1.3.2.09.04.09.175
10467,instrumen analisis laboratorium forensik  lainnya (dst),PERALATAN DAN MESIN,1.3.2.09.04.09.176
10468,ALAT KHUSUS KEPOLISIAN LAINNYA,PERALATAN DAN MESIN,1.3.2.09.04.10.000
10469,alat khusus kepolisian lainnya lainnya (dst),PERALATAN DAN MESIN,1.3.2.09.04.10.001
10470,KOMPUTER,PERALATAN DAN MESIN,1.3.2.10.00.00.000
10471,KOMPUTER UNIT,PERALATAN DAN MESIN,1.3.2.10.01.00.000
10472,KOMPUTER JARINGAN,PERALATAN DAN MESIN,1.3.2.10.01.01.000
10473,Mainframe (Komputer Jaringan),PERALATAN DAN MESIN,1.3.2.10.01.01.001
10474,Mini Komputer,PERALATAN DAN MESIN,1.3.2.10.01.01.002
10475,Local Area Network (LAN),PERALATAN DAN MESIN,1.3.2.10.01.01.003
10476,Internet,PERALATAN DAN MESIN,1.3.2.10.01.01.004
10477,Komputer Wedis,PERALATAN DAN MESIN,1.3.2.10.01.01.005
10478,Komputer Synergie,PERALATAN DAN MESIN,1.3.2.10.01.01.006
10479,PC Workstation,PERALATAN DAN MESIN,1.3.2.10.01.01.007
10480,Komputer Jaringan lainnya,PERALATAN DAN MESIN,1.3.2.10.01.01.008
10481,PERSONAL KOMPUTER,PERALATAN DAN MESIN,1.3.2.10.01.02.000
10482,P.C Unit,PERALATAN DAN MESIN,1.3.2.10.01.02.001
10483,Lap Top,PERALATAN DAN MESIN,1.3.2.10.01.02.002
10484,Note Book,PERALATAN DAN MESIN,1.3.2.10.01.02.003
10485,Palm Top,PERALATAN DAN MESIN,1.3.2.10.01.02.004
10486,Code Breaker Super Komputer,PERALATAN DAN MESIN,1.3.2.10.01.02.005
10487,Thinclient,PERALATAN DAN MESIN,1.3.2.10.01.02.006
10488,Net Book,PERALATAN DAN MESIN,1.3.2.10.01.02.007
10489,Ultra Mobile P.C.,PERALATAN DAN MESIN,1.3.2.10.01.02.008
10490,Tablet PC,PERALATAN DAN MESIN,1.3.2.10.01.02.009
10491,Personal Komputer lainnya,PERALATAN DAN MESIN,1.3.2.10.01.02.010
10492,KOMPUTER UNIT LAINNYA,PERALATAN DAN MESIN,1.3.2.10.01.03.000
10493,Komputer Unit Lainnya,PERALATAN DAN MESIN,1.3.2.10.01.03.001
10494,PERALATAN KOMPUTER,PERALATAN DAN MESIN,1.3.2.10.02.00.000
10495,PERALATAN MAINFRAME,PERALATAN DAN MESIN,1.3.2.10.02.01.000
10496,Card Reader (Peralatan Mainframe),PERALATAN DAN MESIN,1.3.2.10.02.01.001
10497,Magnetic Tape Unit (Peralatan Mainframe),PERALATAN DAN MESIN,1.3.2.10.02.01.002
10498,Floppy Disk Unit (Peralatan Mainframe),PERALATAN DAN MESIN,1.3.2.10.02.01.003
10499,Storage Modul Disk (Peralatan Mainframe),PERALATAN DAN MESIN,1.3.2.10.02.01.004
10500,Console Unit (Peralatan Mainframe),PERALATAN DAN MESIN,1.3.2.10.02.01.005
10501,CPU (Peralatan Mainframe),PERALATAN DAN MESIN,1.3.2.10.02.01.006
10502,Disk Pack (Peralatan Mainframe),PERALATAN DAN MESIN,1.3.2.10.02.01.007
10503,Hard Copy Console,PERALATAN DAN MESIN,1.3.2.10.02.01.008
10504,Serial Printer,PERALATAN DAN MESIN,1.3.2.10.02.01.009
10505,Line Printer,PERALATAN DAN MESIN,1.3.2.10.02.01.010
10506,Plotter (Peralatan Mainframe),PERALATAN DAN MESIN,1.3.2.10.02.01.011
10507,Hard Disk,PERALATAN DAN MESIN,1.3.2.10.02.01.012
10508,Keyboard (Peralatan Mainframe),PERALATAN DAN MESIN,1.3.2.10.02.01.013
10509,Steamer,PERALATAN DAN MESIN,1.3.2.10.02.01.014
10510,Data Patch Panel,PERALATAN DAN MESIN,1.3.2.10.02.01.015
10511,Paper Tape Reader,PERALATAN DAN MESIN,1.3.2.10.02.01.016
10512,Panaboard,PERALATAN DAN MESIN,1.3.2.10.02.01.017
10513,peralatan mainframe  lainnya (dst),PERALATAN DAN MESIN,1.3.2.10.02.01.018
10514,PERALATAN MINI KOMPUTER,PERALATAN DAN MESIN,1.3.2.10.02.02.000
10515,Card Reader (Peralatan Mini Komputer),PERALATAN DAN MESIN,1.3.2.10.02.02.001
10516,Magnetic Tape Unit (Peralatan Mini Komputer),PERALATAN DAN MESIN,1.3.2.10.02.02.002
10517,Floppy Disk Unit (Peralatan Mini Komputer),PERALATAN DAN MESIN,1.3.2.10.02.02.003
10518,Storage Modul Disk (Peralatan Mini Komputer),PERALATAN DAN MESIN,1.3.2.10.02.02.004
10519,Console Unit (Peralatan Mini Komputer),PERALATAN DAN MESIN,1.3.2.10.02.02.005
10520,CPU (Peralatan Mini Komputer),PERALATAN DAN MESIN,1.3.2.10.02.02.006
10521,Disk Pack (Peralatan Mini Komputer),PERALATAN DAN MESIN,1.3.2.10.02.02.007
10522,Plotter (Peralatan Mini Komputer),PERALATAN DAN MESIN,1.3.2.10.02.02.008
10523,Scanner (Peralatan Mini Komputer),PERALATAN DAN MESIN,1.3.2.10.02.02.009
10524,Computer Compatible,PERALATAN DAN MESIN,1.3.2.10.02.02.010
10525,Viewer (Peralatan Mini Komputer),PERALATAN DAN MESIN,1.3.2.10.02.02.011
10526,Digitizer (Peralatan Mini Komputer),PERALATAN DAN MESIN,1.3.2.10.02.02.012
10527,Keyboard (Peralatan Mini Komputer),PERALATAN DAN MESIN,1.3.2.10.02.02.013
10528,Auto Switch/Data Switch,PERALATAN DAN MESIN,1.3.2.10.02.02.014
10529,Cut Sheet Feeder,PERALATAN DAN MESIN,1.3.2.10.02.02.015
10530,Speaker Komputer,PERALATAN DAN MESIN,1.3.2.10.02.02.016
10531,Peralatan Minikomputer lainnya,PERALATAN DAN MESIN,1.3.2.10.02.02.017
10532,PERALATAN PERSONAL KOMPUTER,PERALATAN DAN MESIN,1.3.2.10.02.03.000
10533,CPU (Peralatan Personal Komputer),PERALATAN DAN MESIN,1.3.2.10.02.03.001
10534,Monitor,PERALATAN DAN MESIN,1.3.2.10.02.03.002
10535,Printer (Peralatan Personal Komputer),PERALATAN DAN MESIN,1.3.2.10.02.03.003
10536,Scanner (Peralatan Personal Komputer),PERALATAN DAN MESIN,1.3.2.10.02.03.004
10537,Plotter (Peralatan Personal Komputer),PERALATAN DAN MESIN,1.3.2.10.02.03.005
10538,Viewer (Peralatan Personal Komputer),PERALATAN DAN MESIN,1.3.2.10.02.03.006
10539,External,PERALATAN DAN MESIN,1.3.2.10.02.03.007
10540,Digitizer (Peralatan Personal Komputer),PERALATAN DAN MESIN,1.3.2.10.02.03.008
10541,Keyboard (Peralatan Personal Komputer),PERALATAN DAN MESIN,1.3.2.10.02.03.009
10542,CD Writter,PERALATAN DAN MESIN,1.3.2.10.02.03.010
10543,DVD Writer,PERALATAN DAN MESIN,1.3.2.10.02.03.011
10544,Firewire Card,PERALATAN DAN MESIN,1.3.2.10.02.03.012
10545,Capture Card,PERALATAN DAN MESIN,1.3.2.10.02.03.013
10546,LAN Card,PERALATAN DAN MESIN,1.3.2.10.02.03.014
10547,External CD/ DVD Drive (ROM),PERALATAN DAN MESIN,1.3.2.10.02.03.015
10548,External Floppy Disk Drive,PERALATAN DAN MESIN,1.3.2.10.02.03.016
10549,External/ Portable Hardisk,PERALATAN DAN MESIN,1.3.2.10.02.03.017
10550,Peralatan Personal Komputer lainnya,PERALATAN DAN MESIN,1.3.2.10.02.03.018
10551,PERALATAN JARINGAN,PERALATAN DAN MESIN,1.3.2.10.02.04.000
10552,Server,PERALATAN DAN MESIN,1.3.2.10.02.04.001
10553,Router,PERALATAN DAN MESIN,1.3.2.10.02.04.002
10554,Hub,PERALATAN DAN MESIN,1.3.2.10.02.04.003
10555,Modem,PERALATAN DAN MESIN,1.3.2.10.02.04.004
10556,Netware Interface External,PERALATAN DAN MESIN,1.3.2.10.02.04.005
10557,Repeater and Transciever,PERALATAN DAN MESIN,1.3.2.10.02.04.006
10558,Head Copy Terminal,PERALATAN DAN MESIN,1.3.2.10.02.04.007
10559,rack Modem,PERALATAN DAN MESIN,1.3.2.10.02.04.008
10560,Card Punch,PERALATAN DAN MESIN,1.3.2.10.02.04.009
10561,Head Copy Printer,PERALATAN DAN MESIN,1.3.2.10.02.04.010
10562,Character Terminal,PERALATAN DAN MESIN,1.3.2.10.02.04.011
10563,Graphic Terminal,PERALATAN DAN MESIN,1.3.2.10.02.04.012
10564,Terminal,PERALATAN DAN MESIN,1.3.2.10.02.04.013
10565,Rak Server,PERALATAN DAN MESIN,1.3.2.10.02.04.014
10566,Firewall,PERALATAN DAN MESIN,1.3.2.10.02.04.015
10567,Switch Rak,PERALATAN DAN MESIN,1.3.2.10.02.04.016
10568,Wanscaller,PERALATAN DAN MESIN,1.3.2.10.02.04.017
10569,E-Mail Security,PERALATAN DAN MESIN,1.3.2.10.02.04.018
10570,Client Clearing House,PERALATAN DAN MESIN,1.3.2.10.02.04.019
10571,CAT 6 Cable,PERALATAN DAN MESIN,1.3.2.10.02.04.020
10572,Kabel UTP,PERALATAN DAN MESIN,1.3.2.10.02.04.021
10573,Wireless PCI Card,PERALATAN DAN MESIN,1.3.2.10.02.04.022
10574,Wireless Access Point,PERALATAN DAN MESIN,1.3.2.10.02.04.023
10575,Switch,PERALATAN DAN MESIN,1.3.2.10.02.04.024
10576,Hubbel UTP,PERALATAN DAN MESIN,1.3.2.10.02.04.025
10577,Acces Point,PERALATAN DAN MESIN,1.3.2.10.02.04.026
10578,Rackmount,PERALATAN DAN MESIN,1.3.2.10.02.04.027
10579,KVM Keyboard Video Monitor,PERALATAN DAN MESIN,1.3.2.10.02.04.028
10580,Mobile Modem GSM/ CDMA,PERALATAN DAN MESIN,1.3.2.10.02.04.029
10581,Network Cable Tester,PERALATAN DAN MESIN,1.3.2.10.02.04.030
10582,Jaringan Satpas,PERALATAN DAN MESIN,1.3.2.10.02.04.031
10583,NComputing,PERALATAN DAN MESIN,1.3.2.10.02.04.032
10584,Peralatan Jaringan lainnya,PERALATAN DAN MESIN,1.3.2.10.02.04.033
10585,PERALATAN KOMPUTER LAINNYA,PERALATAN DAN MESIN,1.3.2.10.02.05.000
10586,Peralatan Komputer lainnya,PERALATAN DAN MESIN,1.3.2.10.02.05.001
10587,ALAT EKSPLORASI,PERALATAN DAN MESIN,1.3.2.11.00.00.000
10588,ALAT EKSPLORASI TOPOGRAFI,PERALATAN DAN MESIN,1.3.2.11.01.00.000
10589,OPTIK,PERALATAN DAN MESIN,1.3.2.11.01.01.000
10590,Teropong (Optik),PERALATAN DAN MESIN,1.3.2.11.01.01.001
10591,Comperator,PERALATAN DAN MESIN,1.3.2.11.01.01.002
10592,Mineral Light 15,PERALATAN DAN MESIN,1.3.2.11.01.01.003
10593,optik  lainnya (dst),PERALATAN DAN MESIN,1.3.2.11.01.01.004
10594,UKUR/INSTRUMENT,PERALATAN DAN MESIN,1.3.2.11.01.02.000
10595,Planimeter (Ukur/instrument),PERALATAN DAN MESIN,1.3.2.11.01.02.001
10596,Pesawat Bih,PERALATAN DAN MESIN,1.3.2.11.01.02.002
10597,Current Meter (Ukur/instrument),PERALATAN DAN MESIN,1.3.2.11.01.02.003
10598,Pyrometer (Ukur/instrument),PERALATAN DAN MESIN,1.3.2.11.01.02.004
10599,Barografh,PERALATAN DAN MESIN,1.3.2.11.01.02.005
10600,Water Level Indicator,PERALATAN DAN MESIN,1.3.2.11.01.02.006
10601,Step Counter (Ukur/instrument),PERALATAN DAN MESIN,1.3.2.11.01.02.007
10602,Hermo Hydrograph,PERALATAN DAN MESIN,1.3.2.11.01.02.008
10603,Range Finder (Ukur/instrument),PERALATAN DAN MESIN,1.3.2.11.01.02.009
10604,Synchono Meter,PERALATAN DAN MESIN,1.3.2.11.01.02.010
10605,Stereo Elevation,PERALATAN DAN MESIN,1.3.2.11.01.02.011
10606,Fieldmeter,PERALATAN DAN MESIN,1.3.2.11.01.02.012
10607,Combination Parameter,PERALATAN DAN MESIN,1.3.2.11.01.02.013
10608,Pieso Meter,PERALATAN DAN MESIN,1.3.2.11.01.02.014
10609,Telurometer,PERALATAN DAN MESIN,1.3.2.11.01.02.015
10610,Distance Meter Electronic,PERALATAN DAN MESIN,1.3.2.11.01.02.016
10611,Penetrometer (Ukur/instrument),PERALATAN DAN MESIN,1.3.2.11.01.02.017
10612,Vertical Spectrometer,PERALATAN DAN MESIN,1.3.2.11.01.02.018
10613,Roulof,PERALATAN DAN MESIN,1.3.2.11.01.02.019
10614,Chronograf,PERALATAN DAN MESIN,1.3.2.11.01.02.020
10615,Mounting Kamera,PERALATAN DAN MESIN,1.3.2.11.01.02.021
10616,ukur/instrument  lainnya (dst),PERALATAN DAN MESIN,1.3.2.11.01.02.022
10617,ALAT EKSPLORASI TOPOGRAFI LAINNYA,PERALATAN DAN MESIN,1.3.2.11.01.03.000
10618,alat eksplorasi topografi lainnya  lainnya (dst),PERALATAN DAN MESIN,1.3.2.11.01.03.001
10619,ALAT EKSPLORASI GEOFISIKA,PERALATAN DAN MESIN,1.3.2.11.02.00.000
10620,MEKANIK,PERALATAN DAN MESIN,1.3.2.11.02.01.000
10621,Faller Horizontal,PERALATAN DAN MESIN,1.3.2.11.02.01.001
10622,Precission Sample,PERALATAN DAN MESIN,1.3.2.11.02.01.002
10623,Side Scan Sonar,PERALATAN DAN MESIN,1.3.2.11.02.01.003
10624,Step Counter (Mekanik),PERALATAN DAN MESIN,1.3.2.11.02.01.004
10625,Converter,PERALATAN DAN MESIN,1.3.2.11.02.01.005
10626,Portable CDP Cable,PERALATAN DAN MESIN,1.3.2.11.02.01.006
10627,Enconder Model Eng-200,PERALATAN DAN MESIN,1.3.2.11.02.01.007
10628,Ratalong Ris 1007,PERALATAN DAN MESIN,1.3.2.11.02.01.008
10629,Decoder/DE 200,PERALATAN DAN MESIN,1.3.2.11.02.01.009
10630,EFC Graphic Recorder,PERALATAN DAN MESIN,1.3.2.11.02.01.010
10631,Polirization And Possitivity,PERALATAN DAN MESIN,1.3.2.11.02.01.011
10632,Density Grahet Saunce Cobat,PERALATAN DAN MESIN,1.3.2.11.02.01.012
10633,Neutron Succe Aniricium Brium 100 Milicuric,PERALATAN DAN MESIN,1.3.2.11.02.01.013
10634,mekanik  lainnya (dst),PERALATAN DAN MESIN,1.3.2.11.02.01.014
10635,ELEKTRONIK/ELECTRIC,PERALATAN DAN MESIN,1.3.2.11.02.02.000
10636,Iso Dinamic,PERALATAN DAN MESIN,1.3.2.11.02.02.001
10637,Seismometer,PERALATAN DAN MESIN,1.3.2.11.02.02.002
10638,Gravimeter,PERALATAN DAN MESIN,1.3.2.11.02.02.003
10639,Pesawat Geolistrik,PERALATAN DAN MESIN,1.3.2.11.02.02.004
10640,Pesawat Penampang Logging,PERALATAN DAN MESIN,1.3.2.11.02.02.005
10641,Pesawat Radio Meter,PERALATAN DAN MESIN,1.3.2.11.02.02.006
10642,Pesawat Potensial Instrument,PERALATAN DAN MESIN,1.3.2.11.02.02.007
10643,Vertical Sketsmaster,PERALATAN DAN MESIN,1.3.2.11.02.02.008
10644,Deferentialthermal,PERALATAN DAN MESIN,1.3.2.11.02.02.009
10645,Turam,PERALATAN DAN MESIN,1.3.2.11.02.02.010
10646,Shallow Seismic,PERALATAN DAN MESIN,1.3.2.11.02.02.011
10647,Resistensivity Meter,PERALATAN DAN MESIN,1.3.2.11.02.02.012
10648,Electric Log,PERALATAN DAN MESIN,1.3.2.11.02.02.013
10649,Ultrasonic Tester,PERALATAN DAN MESIN,1.3.2.11.02.02.014
10650,Geiger Counter,PERALATAN DAN MESIN,1.3.2.11.02.02.015
10651,Continuous Seismic,PERALATAN DAN MESIN,1.3.2.11.02.02.016
10652,Sis System,PERALATAN DAN MESIN,1.3.2.11.02.02.017
10653,Transducer,PERALATAN DAN MESIN,1.3.2.11.02.02.018
10654,Metorolla Mini,PERALATAN DAN MESIN,1.3.2.11.02.02.019
10655,Perekam Seismik,PERALATAN DAN MESIN,1.3.2.11.02.02.020
10656,Echosounder,PERALATAN DAN MESIN,1.3.2.11.02.02.021
10657,Transponder,PERALATAN DAN MESIN,1.3.2.11.02.02.022
10658,Hard Copy Printer Mini Ranger,PERALATAN DAN MESIN,1.3.2.11.02.02.023
10659,Air Gun,PERALATAN DAN MESIN,1.3.2.11.02.02.024
10660,Graphic Recorder,PERALATAN DAN MESIN,1.3.2.11.02.02.025
10661,Krohn-Hits Variable Band Pass,PERALATAN DAN MESIN,1.3.2.11.02.02.026
10662,Time Variated Gain Amplifier,PERALATAN DAN MESIN,1.3.2.11.02.02.027
10663,Swell Filter,PERALATAN DAN MESIN,1.3.2.11.02.02.028
10664,Tape Reply Unit,PERALATAN DAN MESIN,1.3.2.11.02.02.029
10665,Record Annotator,PERALATAN DAN MESIN,1.3.2.11.02.02.030
10666,Staching Unit,PERALATAN DAN MESIN,1.3.2.11.02.02.031
10667,Navigasi Via Satelite (Magnavox),PERALATAN DAN MESIN,1.3.2.11.02.02.032
10668,Air Compressor (Alat Eksplorasi Geofisika Elektronik/electric),PERALATAN DAN MESIN,1.3.2.11.02.02.033
10669,TSS,PERALATAN DAN MESIN,1.3.2.11.02.02.034
10670,Senour,PERALATAN DAN MESIN,1.3.2.11.02.02.035
10671,Capasitor Bank,PERALATAN DAN MESIN,1.3.2.11.02.02.036
10672,Unbon Sound Sours,PERALATAN DAN MESIN,1.3.2.11.02.02.037
10673,Spark Array,PERALATAN DAN MESIN,1.3.2.11.02.02.038
10674,Ukur/Instumen,PERALATAN DAN MESIN,1.3.2.11.02.02.039
10675,Electronic/Electric,PERALATAN DAN MESIN,1.3.2.11.02.02.040
10676,IP Unit,PERALATAN DAN MESIN,1.3.2.11.02.02.041
10677,elektronik/electric  lainnya (dst),PERALATAN DAN MESIN,1.3.2.11.02.02.042
10678,MANUAL,PERALATAN DAN MESIN,1.3.2.11.02.03.000
10679,Alat Pengambilan Contoh Dasar Laut Piston Corner,PERALATAN DAN MESIN,1.3.2.11.02.03.001
10680,Gravity Corer,PERALATAN DAN MESIN,1.3.2.11.02.03.002
10681,Free Fall Corer,PERALATAN DAN MESIN,1.3.2.11.02.03.003
10682,Grab Sampler,PERALATAN DAN MESIN,1.3.2.11.02.03.004
10683,Box Corer,PERALATAN DAN MESIN,1.3.2.11.02.03.005
10684,PH Leger Corer,PERALATAN DAN MESIN,1.3.2.11.02.03.006
10685,manual  lainnya (dst),PERALATAN DAN MESIN,1.3.2.11.02.03.007
10686,ALAT EKSPLORASI GEOFISIKA LAINNYA,PERALATAN DAN MESIN,1.3.2.11.02.04.000
10687,alat eksplorasi geofisika lainnya  lainnya (dst),PERALATAN DAN MESIN,1.3.2.11.02.04.001
10688,ALAT PENGEBORAN,PERALATAN DAN MESIN,1.3.2.12.00.00.000
10689,ALAT PENGEBORAN MESIN,PERALATAN DAN MESIN,1.3.2.12.01.00.000
10690,BOR MESIN TUMBUK,PERALATAN DAN MESIN,1.3.2.12.01.01.000
10691,Bor Mesin Tumbuk Pakai Kabel,PERALATAN DAN MESIN,1.3.2.12.01.01.001
10692,Bor Mesin Tumbuk Pakai Setang Bor,PERALATAN DAN MESIN,1.3.2.12.01.01.002
10693,Bor Mesin Tumbuk Kombinasi 01 & 02,PERALATAN DAN MESIN,1.3.2.12.01.01.003
10694,bor mesin tumbuk  lainnya (dst),PERALATAN DAN MESIN,1.3.2.12.01.01.004
10695,BOR MESIN PUTAR,PERALATAN DAN MESIN,1.3.2.12.01.02.000
10696,Rotary Table (Bor Mesin Putar),PERALATAN DAN MESIN,1.3.2.12.01.02.001
10697,Spindle,PERALATAN DAN MESIN,1.3.2.12.01.02.002
10698,Kombinasi 01 & 02,PERALATAN DAN MESIN,1.3.2.12.01.02.003
10699,Top Drive,PERALATAN DAN MESIN,1.3.2.12.01.02.004
10700,Wikie Drill,PERALATAN DAN MESIN,1.3.2.12.01.02.005
10701,bor mesin putar  lainnya (dst),PERALATAN DAN MESIN,1.3.2.12.01.02.006
10702,ALAT PENGEBORAN MESIN LAINNYA,PERALATAN DAN MESIN,1.3.2.12.01.03.000
10703,alat pengeboran mesin lainnya  lainnya (dst),PERALATAN DAN MESIN,1.3.2.12.01.03.001
10704,ALAT PENGEBORAN NON MESIN,PERALATAN DAN MESIN,1.3.2.12.02.00.000
10705,BANGKA,PERALATAN DAN MESIN,1.3.2.12.02.01.000
10706,Bangka,PERALATAN DAN MESIN,1.3.2.12.02.01.001
10707,bangka  lainnya (dst),PERALATAN DAN MESIN,1.3.2.12.02.01.002
10708,PANTEK,PERALATAN DAN MESIN,1.3.2.12.02.02.000
10709,Pantek,PERALATAN DAN MESIN,1.3.2.12.02.02.001
10710,Sondir,PERALATAN DAN MESIN,1.3.2.12.02.02.002
10711,pantek  lainnya (dst),PERALATAN DAN MESIN,1.3.2.12.02.02.003
10712,PUTAR,PERALATAN DAN MESIN,1.3.2.12.02.03.000
10713,Putar,PERALATAN DAN MESIN,1.3.2.12.02.03.001
10714,Band Hidrolik,PERALATAN DAN MESIN,1.3.2.12.02.03.002
10715,putar  lainnya (dst),PERALATAN DAN MESIN,1.3.2.12.02.03.003
10716,PERALATAN BANTU,PERALATAN DAN MESIN,1.3.2.12.02.04.000
10717,Drawwork,PERALATAN DAN MESIN,1.3.2.12.02.04.001
10718,Drill Pipe,PERALATAN DAN MESIN,1.3.2.12.02.04.002
10719,Drill Cillar,PERALATAN DAN MESIN,1.3.2.12.02.04.003
10720,Kelly,PERALATAN DAN MESIN,1.3.2.12.02.04.004
10721,Cemeting Unit,PERALATAN DAN MESIN,1.3.2.12.02.04.005
10722,Rotary Table (Peralatan Bantu),PERALATAN DAN MESIN,1.3.2.12.02.04.006
10723,Tubing Slip,PERALATAN DAN MESIN,1.3.2.12.02.04.007
10724,Tubing Spinder,PERALATAN DAN MESIN,1.3.2.12.02.04.008
10725,Alat Pancing,PERALATAN DAN MESIN,1.3.2.12.02.04.009
10726,Swivel,PERALATAN DAN MESIN,1.3.2.12.02.04.010
10727,Mud Tank,PERALATAN DAN MESIN,1.3.2.12.02.04.011
10728,peralatan bantu  lainnya (dst),PERALATAN DAN MESIN,1.3.2.12.02.04.012
10729,ALAT PENGEBORAN NON MESIN LAINNYA,PERALATAN DAN MESIN,1.3.2.12.02.05.000
10730,alat pengeboran non mesin lainnya  lainnya (dst),PERALATAN DAN MESIN,1.3.2.12.02.05.001
10731,"ALAT PRODUKSI, PENGOLAHAN DAN PEMURNIAN",PERALATAN DAN MESIN,1.3.2.13.00.00.000
10732,SUMUR,PERALATAN DAN MESIN,1.3.2.13.01.00.000
10733,PERALATAN SUMUR MINYAK,PERALATAN DAN MESIN,1.3.2.13.01.01.000
10734,Alat Perawat Sumur,PERALATAN DAN MESIN,1.3.2.13.01.01.001
10735,Amerada Test,PERALATAN DAN MESIN,1.3.2.13.01.01.002
10736,Sonolog,PERALATAN DAN MESIN,1.3.2.13.01.01.003
10737,Performing Unit,PERALATAN DAN MESIN,1.3.2.13.01.01.004
10738,Logging Unit,PERALATAN DAN MESIN,1.3.2.13.01.01.005
10739,Sand Pump,PERALATAN DAN MESIN,1.3.2.13.01.01.006
10740,peralatan sumur minyak  lainnya (dst),PERALATAN DAN MESIN,1.3.2.13.01.01.007
10741,SUMUR PEMBORAN,PERALATAN DAN MESIN,1.3.2.13.01.02.000
10742,Sumur Pemboran Panas Bumi,PERALATAN DAN MESIN,1.3.2.13.01.02.001
10743,Sumur Pemboran Gas,PERALATAN DAN MESIN,1.3.2.13.01.02.002
10744,Sumur Pemboran Air,PERALATAN DAN MESIN,1.3.2.13.01.02.003
10745,sumur pemboran  lainnya (dst),PERALATAN DAN MESIN,1.3.2.13.01.02.004
10746,SUMUR LAINNYA,PERALATAN DAN MESIN,1.3.2.13.01.03.000
10747,sumur lainnya  lainnya (dst),PERALATAN DAN MESIN,1.3.2.13.01.03.001
10748,PRODUKSI,PERALATAN DAN MESIN,1.3.2.13.02.00.000
10749,R I G,PERALATAN DAN MESIN,1.3.2.13.02.01.000
10750,Stang Bor,PERALATAN DAN MESIN,1.3.2.13.02.01.001
10751,r i g lainnya (dst),PERALATAN DAN MESIN,1.3.2.13.02.01.002
10752,PRODUKSI LAINNYA,PERALATAN DAN MESIN,1.3.2.13.02.02.000
10753,Alat Pencetak Genteng,PERALATAN DAN MESIN,1.3.2.13.02.02.001
10754,produksi lainnya  lainnya (dst),PERALATAN DAN MESIN,1.3.2.13.02.02.002
10755,PENGOLAHAN DAN PEMURNIAN,PERALATAN DAN MESIN,1.3.2.13.03.00.000
10756,ALAT PENGOLAHAN MINYAK,PERALATAN DAN MESIN,1.3.2.13.03.01.000
10757,Kapasitas Kecil (Alat Pengolahan Minyak),PERALATAN DAN MESIN,1.3.2.13.03.01.001
10758,Kapasitas Sedang (Alat Pengolahan Minyak),PERALATAN DAN MESIN,1.3.2.13.03.01.002
10759,Kapasitas Besar (Alat Pengolahan Minyak),PERALATAN DAN MESIN,1.3.2.13.03.01.003
10760,Calon Evaporator,PERALATAN DAN MESIN,1.3.2.13.03.01.004
10761,Condensor (Alat Pengolahan Minyak),PERALATAN DAN MESIN,1.3.2.13.03.01.005
10762,Cooler (Alat Pengolahan Minyak),PERALATAN DAN MESIN,1.3.2.13.03.01.006
10763,Pompa Proso,PERALATAN DAN MESIN,1.3.2.13.03.01.007
10764,Turbine,PERALATAN DAN MESIN,1.3.2.13.03.01.008
10765,Air Dryer,PERALATAN DAN MESIN,1.3.2.13.03.01.009
10766,Boiler,PERALATAN DAN MESIN,1.3.2.13.03.01.010
10767,alat pengolahan minyak  lainnya (dst),PERALATAN DAN MESIN,1.3.2.13.03.01.011
10768,ALAT PENGOLAHAN AIR,PERALATAN DAN MESIN,1.3.2.13.03.02.000
10769,Kapasitas Kecil (Alat Pengolahan Air),PERALATAN DAN MESIN,1.3.2.13.03.02.001
10770,Kapasitas Sedang (Alat Pengolahan Air),PERALATAN DAN MESIN,1.3.2.13.03.02.002
10771,Kapasitas Besar (Alat Pengolahan Air),PERALATAN DAN MESIN,1.3.2.13.03.02.003
10772,alat pengolahan air  lainnya (dst),PERALATAN DAN MESIN,1.3.2.13.03.02.004
10773,ALAT PENGOLAHAN STEAM,PERALATAN DAN MESIN,1.3.2.13.03.03.000
10774,Kapasitas Kecil (Alat Pengolahan Steam),PERALATAN DAN MESIN,1.3.2.13.03.03.001
10775,Kapasitas Sedang (Alat Pengolahan Steam),PERALATAN DAN MESIN,1.3.2.13.03.03.002
10776,Kapasitas Besar (Alat Pengolahan Steam),PERALATAN DAN MESIN,1.3.2.13.03.03.003
10777,alat pengolahan steam lainnya (dst),PERALATAN DAN MESIN,1.3.2.13.03.03.004
10778,ALAT PENGOLAHAN WAX,PERALATAN DAN MESIN,1.3.2.13.03.04.000
10779,Kapasitas Kecil (Alat Pengolahan Wax),PERALATAN DAN MESIN,1.3.2.13.03.04.001
10780,Kapasitas Sedang (Alat Pengolahan Wax),PERALATAN DAN MESIN,1.3.2.13.03.04.002
10781,Kapasitas Besar (Alat Pengolahan Wax),PERALATAN DAN MESIN,1.3.2.13.03.04.003
10782,alat pengolahan wax  lainnya (dst),PERALATAN DAN MESIN,1.3.2.13.03.04.004
10783,PENGOLAHAN DAN PEMURNIAN LAINNYA,PERALATAN DAN MESIN,1.3.2.13.03.05.000
10784,pengolahan dan pemurnian lainnya  lainnya (dst),PERALATAN DAN MESIN,1.3.2.13.03.05.001
10785,ALAT BANTU EKSPLORASI,PERALATAN DAN MESIN,1.3.2.14.00.00.000
10786,ALAT BANTU EKSPLORASI,PERALATAN DAN MESIN,1.3.2.14.01.00.000
10787,MEKANIK,PERALATAN DAN MESIN,1.3.2.14.01.01.000
10788,Blow Out Presentor (Alat Bantu Eksplorasi Mekanik),PERALATAN DAN MESIN,1.3.2.14.01.01.001
10789,Fishing,PERALATAN DAN MESIN,1.3.2.14.01.01.002
10790,mekanik lainnya (dst),PERALATAN DAN MESIN,1.3.2.14.01.01.003
10791,EEKTRIC,PERALATAN DAN MESIN,1.3.2.14.01.02.000
10792,Mud Unit,PERALATAN DAN MESIN,1.3.2.14.01.02.001
10793,Comenting Unit,PERALATAN DAN MESIN,1.3.2.14.01.02.002
10794,Blow Out Presentor (Alat Bantu Eksplorasi Elektric),PERALATAN DAN MESIN,1.3.2.14.01.02.003
10795,Mixer Oil,PERALATAN DAN MESIN,1.3.2.14.01.02.004
10796,eektric lainnya (dst),PERALATAN DAN MESIN,1.3.2.14.01.02.005
10797,ALAT BANTU EKPLORASI LAINNYA,PERALATAN DAN MESIN,1.3.2.14.01.03.000
10798,alat bantu ekplorasi lainnya lainnya (dst),PERALATAN DAN MESIN,1.3.2.14.01.03.001
10799,ALAT BANTU PRODUKSI,PERALATAN DAN MESIN,1.3.2.14.02.00.000
10800,PERAWATAN SUMUR,PERALATAN DAN MESIN,1.3.2.14.02.01.000
10801,Woll Servise/Woll Pulling Unit,PERALATAN DAN MESIN,1.3.2.14.02.01.001
10802,Aciditzing,PERALATAN DAN MESIN,1.3.2.14.02.01.002
10803,perawatan sumur lainnya (dst),PERALATAN DAN MESIN,1.3.2.14.02.01.003
10804,TEST UNIT,PERALATAN DAN MESIN,1.3.2.14.02.02.000
10805,Perforating Unit,PERALATAN DAN MESIN,1.3.2.14.02.02.001
10806,Bottom Holesimpler,PERALATAN DAN MESIN,1.3.2.14.02.02.002
10807,Coring Unit,PERALATAN DAN MESIN,1.3.2.14.02.02.003
10808,test unit lainnya (dst),PERALATAN DAN MESIN,1.3.2.14.02.02.004
10809,ALAT BANTU PRODUKSI LAINNYA,PERALATAN DAN MESIN,1.3.2.14.02.03.000
10810,alat bantu produksi lainnya  lainnya (dst),PERALATAN DAN MESIN,1.3.2.14.02.03.001
10811,ALAT KESELAMATAN KERJA,PERALATAN DAN MESIN,1.3.2.15.00.00.000
10812,ALAT DETEKSI,PERALATAN DAN MESIN,1.3.2.15.01.00.000
10813,RADIASI,PERALATAN DAN MESIN,1.3.2.15.01.01.000
10814,Radiasi Panas,PERALATAN DAN MESIN,1.3.2.15.01.01.001
10815,Radiasi Radioaktif,PERALATAN DAN MESIN,1.3.2.15.01.01.002
10816,Radiasi Medan Magnit,PERALATAN DAN MESIN,1.3.2.15.01.01.003
10817,radiasi lainnya (dst),PERALATAN DAN MESIN,1.3.2.15.01.01.004
10818,SUARA,PERALATAN DAN MESIN,1.3.2.15.01.02.000
10819,Penutup Telinga,PERALATAN DAN MESIN,1.3.2.15.01.02.001
10820,suara lainnya (dst),PERALATAN DAN MESIN,1.3.2.15.01.02.002
10821,ALAT DETEKSI LAINNYA,PERALATAN DAN MESIN,1.3.2.15.01.03.000
10822,alat deteksi lainnya lainnya (dst),PERALATAN DAN MESIN,1.3.2.15.01.03.001
10823,ALAT PELINDUNG,PERALATAN DAN MESIN,1.3.2.15.02.00.000
10824,BAJU PENGAMAN,PERALATAN DAN MESIN,1.3.2.15.02.01.000
10825,Baju Anti Panas,PERALATAN DAN MESIN,1.3.2.15.02.01.001
10826,Baju Anti Radiasi,PERALATAN DAN MESIN,1.3.2.15.02.01.002
10827,baju pengaman lainnya (dst),PERALATAN DAN MESIN,1.3.2.15.02.01.003
10828,MASKER,PERALATAN DAN MESIN,1.3.2.15.02.02.000
10829,Masker Gas,PERALATAN DAN MESIN,1.3.2.15.02.02.001
10830,Masker Debu,PERALATAN DAN MESIN,1.3.2.15.02.02.002
10831,Masker Cahaya,PERALATAN DAN MESIN,1.3.2.15.02.02.003
10832,masker lainnya (dst),PERALATAN DAN MESIN,1.3.2.15.02.02.004
10833,TOPI KERJA,PERALATAN DAN MESIN,1.3.2.15.02.03.000
10834,Tambang Dalam,PERALATAN DAN MESIN,1.3.2.15.02.03.001
10835,Tambang Terbuka,PERALATAN DAN MESIN,1.3.2.15.02.03.002
10836,Sipil,PERALATAN DAN MESIN,1.3.2.15.02.03.003
10837,Helmet,PERALATAN DAN MESIN,1.3.2.15.02.03.004
10838,topi kerja lainnya (dst),PERALATAN DAN MESIN,1.3.2.15.02.03.005
10839,SABUK PENGAMAN,PERALATAN DAN MESIN,1.3.2.15.02.04.000
10840,Duduk,PERALATAN DAN MESIN,1.3.2.15.02.04.001
10841,Memanjat,PERALATAN DAN MESIN,1.3.2.15.02.04.002
10842,sabuk pengaman lainnya (dst),PERALATAN DAN MESIN,1.3.2.15.02.04.003
10843,SEPATU LAPANGAN,PERALATAN DAN MESIN,1.3.2.15.02.05.000
10844,Sepatu Lumpur,PERALATAN DAN MESIN,1.3.2.15.02.05.001
10845,Sepatu Tahan Tekanan,PERALATAN DAN MESIN,1.3.2.15.02.05.002
10846,Sepatu Anti Arus Listrik,PERALATAN DAN MESIN,1.3.2.15.02.05.003
10847,Sepatu Anti Licin,PERALATAN DAN MESIN,1.3.2.15.02.05.004
10848,Sepatu Boot,PERALATAN DAN MESIN,1.3.2.15.02.05.005
10849,sepatu lapangan lainnya (dst),PERALATAN DAN MESIN,1.3.2.15.02.05.006
10850,ALAT PELINDUNG LAINNYA,PERALATAN DAN MESIN,1.3.2.15.02.06.000
10851,alat pelindung lainnya lainnya (dst),PERALATAN DAN MESIN,1.3.2.15.02.06.001
10852,ALAT SAR,PERALATAN DAN MESIN,1.3.2.15.03.00.000
10853,ALAT PENOLONG,PERALATAN DAN MESIN,1.3.2.15.03.01.000
10854,Rescue Seat/Winch,PERALATAN DAN MESIN,1.3.2.15.03.01.001
10855,Rescue Jaring?harnes,PERALATAN DAN MESIN,1.3.2.15.03.01.002
10856,Parachute Barang,PERALATAN DAN MESIN,1.3.2.15.03.01.003
10857,Life Jacket,PERALATAN DAN MESIN,1.3.2.15.03.01.004
10858,Lifebuoy,PERALATAN DAN MESIN,1.3.2.15.03.01.005
10859,Inflatable Life Craft,PERALATAN DAN MESIN,1.3.2.15.03.01.006
10860,Sea Resque Kit,PERALATAN DAN MESIN,1.3.2.15.03.01.007
10861,Tree escape,PERALATAN DAN MESIN,1.3.2.15.03.01.008
10862,Chemical Light,PERALATAN DAN MESIN,1.3.2.15.03.01.009
10863,Nylon Rope,PERALATAN DAN MESIN,1.3.2.15.03.01.010
10864,Braiden Nylon Rope,PERALATAN DAN MESIN,1.3.2.15.03.01.011
10865,Carabiner Besar,PERALATAN DAN MESIN,1.3.2.15.03.01.012
10866,Bright Descender,PERALATAN DAN MESIN,1.3.2.15.03.01.013
10867,Carabiner Kecil,PERALATAN DAN MESIN,1.3.2.15.03.01.014
10868,Ranger Boots,PERALATAN DAN MESIN,1.3.2.15.03.01.015
10869,Carument Kuret,PERALATAN DAN MESIN,1.3.2.15.03.01.016
10870,Granulum Tang,PERALATAN DAN MESIN,1.3.2.15.03.01.017
10871,Pinset Bayonet (Alat Penolong),PERALATAN DAN MESIN,1.3.2.15.03.01.018
10872,Cilojet Bayer,PERALATAN DAN MESIN,1.3.2.15.03.01.019
10873,Back Pack/Ransel,PERALATAN DAN MESIN,1.3.2.15.03.01.020
10874,Tandu,PERALATAN DAN MESIN,1.3.2.15.03.01.021
10875,alat penolong lainnya (dst),PERALATAN DAN MESIN,1.3.2.15.03.01.022
10876,ALAT PENDUKUNG PENCARIAN,PERALATAN DAN MESIN,1.3.2.15.03.02.000
10877,Survival Pack,PERALATAN DAN MESIN,1.3.2.15.03.02.001
10878,Survival Kit,PERALATAN DAN MESIN,1.3.2.15.03.02.002
10879,Survival Pack Kit,PERALATAN DAN MESIN,1.3.2.15.03.02.003
10880,Sleeping Bag,PERALATAN DAN MESIN,1.3.2.15.03.02.004
10881,Tenda,PERALATAN DAN MESIN,1.3.2.15.03.02.005
10882,Fire Starter,PERALATAN DAN MESIN,1.3.2.15.03.02.006
10883,Alat Pendaki/Mountainering,PERALATAN DAN MESIN,1.3.2.15.03.02.007
10884,Emersion Suit,PERALATAN DAN MESIN,1.3.2.15.03.02.008
10885,Topi Pengaman,PERALATAN DAN MESIN,1.3.2.15.03.02.009
10886,Aqua Note,PERALATAN DAN MESIN,1.3.2.15.03.02.010
10887,Scuba,PERALATAN DAN MESIN,1.3.2.15.03.02.011
10888,Tenda Pleton,PERALATAN DAN MESIN,1.3.2.15.03.02.012
10889,Tenda Sangga,PERALATAN DAN MESIN,1.3.2.15.03.02.013
10890,Tenda Pelampang,PERALATAN DAN MESIN,1.3.2.15.03.02.014
10891,Marine Detection,PERALATAN DAN MESIN,1.3.2.15.03.02.015
10892,Peralatan Outbond,PERALATAN DAN MESIN,1.3.2.15.03.02.016
10893,Thermal Imaging Camera,PERALATAN DAN MESIN,1.3.2.15.03.02.017
10894,Peralatan Life Detector,PERALATAN DAN MESIN,1.3.2.15.03.02.018
10895,alat pendukung pencarian  lainnya (dst),PERALATAN DAN MESIN,1.3.2.15.03.02.019
10896,ALAT KERJA BAWAH AIR,PERALATAN DAN MESIN,1.3.2.15.03.03.000
10897,Alat Selam Seet,PERALATAN DAN MESIN,1.3.2.15.03.03.001
10898,Wet Suit,PERALATAN DAN MESIN,1.3.2.15.03.03.002
10899,Mesh Bag,PERALATAN DAN MESIN,1.3.2.15.03.03.003
10900,Fins,PERALATAN DAN MESIN,1.3.2.15.03.03.004
10901,Snorkel,PERALATAN DAN MESIN,1.3.2.15.03.03.005
10902,Regulator,PERALATAN DAN MESIN,1.3.2.15.03.03.006
10903,Dept Pressure Gauge,PERALATAN DAN MESIN,1.3.2.15.03.03.007
10904,Masker,PERALATAN DAN MESIN,1.3.2.15.03.03.008
10905,Regulator Gauge,PERALATAN DAN MESIN,1.3.2.15.03.03.009
10906,Navy Knife,PERALATAN DAN MESIN,1.3.2.15.03.03.010
10907,Dive Boots,PERALATAN DAN MESIN,1.3.2.15.03.03.011
10908,Dive Cloves,PERALATAN DAN MESIN,1.3.2.15.03.03.012
10909,Under Water Light,PERALATAN DAN MESIN,1.3.2.15.03.03.013
10910,Deather Cloves,PERALATAN DAN MESIN,1.3.2.15.03.03.014
10911,Aqualung,PERALATAN DAN MESIN,1.3.2.15.03.03.015
10912,Compass Under Water,PERALATAN DAN MESIN,1.3.2.15.03.03.016
10913,Compressor Udara,PERALATAN DAN MESIN,1.3.2.15.03.03.017
10914,Typical Total Air DI Vebduration Table,PERALATAN DAN MESIN,1.3.2.15.03.03.018
10915,Portable Dept. Air,PERALATAN DAN MESIN,1.3.2.15.03.03.019
10916,Scuba Watch,PERALATAN DAN MESIN,1.3.2.15.03.03.020
10917,Alat Las Bawah Air,PERALATAN DAN MESIN,1.3.2.15.03.03.021
10918,Residual Nitrogen Tmes Slide Role,PERALATAN DAN MESIN,1.3.2.15.03.03.022
10919,Sabuk Pemberat (IST),PERALATAN DAN MESIN,1.3.2.15.03.03.023
10920,Kapal 27 Kaki Boston Whaler 2004,PERALATAN DAN MESIN,1.3.2.15.03.03.024
10921,Tabung Udara dg K Valve (Luxfer AL 80 cft),PERALATAN DAN MESIN,1.3.2.15.03.03.025
10922,Tabung Udara Tangki Cadangan (Bail Out) K Valve,PERALATAN DAN MESIN,1.3.2.15.03.03.026
10923,Pemberat Satu Kilo,PERALATAN DAN MESIN,1.3.2.15.03.03.027
10924,Fingerprint Kits,PERALATAN DAN MESIN,1.3.2.15.03.03.028
10925,Evidence Kits,PERALATAN DAN MESIN,1.3.2.15.03.03.029
10926,Pelampung Pribadi (PFD),PERALATAN DAN MESIN,1.3.2.15.03.03.030
10927,PFD Kecil,PERALATAN DAN MESIN,1.3.2.15.03.03.031
10928,OHP 3 M,PERALATAN DAN MESIN,1.3.2.15.03.03.032
10929,IPOD 80 GB,PERALATAN DAN MESIN,1.3.2.15.03.03.033
10930,Back Pack and Miller Harnes U/Tabung Udara,PERALATAN DAN MESIN,1.3.2.15.03.03.034
10931,"Tas, Peralatan (Oceanic)",PERALATAN DAN MESIN,1.3.2.15.03.03.035
10932,"Sabuk Pengikat, Tabung Cadangan Kecil,/Bail Out (Scuba Pro Knighthawk)",PERALATAN DAN MESIN,1.3.2.15.03.03.036
10933,"Alas, Tabung Udara Tangki 80 cft",PERALATAN DAN MESIN,1.3.2.15.03.03.037
10934,Burs Discs,PERALATAN DAN MESIN,1.3.2.15.03.03.038
10935,Kamera/Video dengan tempatnya U/ Bawah Air (Sea & Sea),PERALATAN DAN MESIN,1.3.2.15.03.03.039
10936,Tas untuk Kamera Bawah Air,PERALATAN DAN MESIN,1.3.2.15.03.03.040
10937,"Tas Laptop, Kedap Air Untuk Membawa Laptop",PERALATAN DAN MESIN,1.3.2.15.03.03.041
10938,"Clip, Selang & Octopus",PERALATAN DAN MESIN,1.3.2.15.03.03.042
10939,Overhaul Compresor,PERALATAN DAN MESIN,1.3.2.15.03.03.043
10940,Komputer Selam ditempatkan pada Pergelangan Tangan,PERALATAN DAN MESIN,1.3.2.15.03.03.044
10941,"Console dg SPG, Penunjuk Kedalaman dan Kompas dengan HP Hose",PERALATAN DAN MESIN,1.3.2.15.03.03.045
10942,Kateplak/Overall (dari Lokal),PERALATAN DAN MESIN,1.3.2.15.03.03.046
10943,Skuter Penyelam (Sea Doo),PERALATAN DAN MESIN,1.3.2.15.03.03.047
10944,"Buku Catatan Penyelam, Dijilid dengan Entry untuk Minimum 50",PERALATAN DAN MESIN,1.3.2.15.03.03.048
10945,"Baju Dalam Dry Suite, Loong 'T' dan Jhon (Whites MK 1)",PERALATAN DAN MESIN,1.3.2.15.03.03.049
10946,Penutup Debu Untuk Regulator First Stage,PERALATAN DAN MESIN,1.3.2.15.03.03.050
10947,Tube Sinyal Darurat,PERALATAN DAN MESIN,1.3.2.15.03.03.051
10948,"Bantal Filter, Cadangan untuk Kompresor Bauner",PERALATAN DAN MESIN,1.3.2.15.03.03.052
10949,"Filter, Carbon 500 gr untuk Kompresor Bauner",PERALATAN DAN MESIN,1.3.2.15.03.03.053
10950,"Sabuk Pengikat & Kepala untuk Sepatu Katak, Tusa",PERALATAN DAN MESIN,1.3.2.15.03.03.054
10951,"Ban Pengikat Sepatu Katak, Jet",PERALATAN DAN MESIN,1.3.2.15.03.03.055
10952,"Sepatu Katak, Baju Selam Kering / Dry Suite",PERALATAN DAN MESIN,1.3.2.15.03.03.056
10953,"P3K, Advanced / Extended Care",PERALATAN DAN MESIN,1.3.2.15.03.03.057
10954,"Senter, Under Water Kinetic",PERALATAN DAN MESIN,1.3.2.15.03.03.058
10955,Gauge Set dg SPG Penunjuk Kedalaman,PERALATAN DAN MESIN,1.3.2.15.03.03.059
10956,"Guage, Intermediate Presure, IST",PERALATAN DAN MESIN,1.3.2.15.03.03.060
10957,Sarung Tangan (Tusa),PERALATAN DAN MESIN,1.3.2.15.03.03.061
10958,"Harness, Safty (NZ Safety)",PERALATAN DAN MESIN,1.3.2.15.03.03.062
10959,Alat Untuk Memasang Hose Protector,PERALATAN DAN MESIN,1.3.2.15.03.03.063
10960,Hose Protectors (Pelindung Selam),PERALATAN DAN MESIN,1.3.2.15.03.03.064
10961,Selang 65 cm LP,PERALATAN DAN MESIN,1.3.2.15.03.03.065
10962,Selang 95 cm LP Ocy,PERALATAN DAN MESIN,1.3.2.15.03.03.066
10963,Selang AGA Tekanan Rendah,PERALATAN DAN MESIN,1.3.2.15.03.03.067
10964,Selang Power Inflator Tekanan Rendah,PERALATAN DAN MESIN,1.3.2.15.03.03.068
10965,Selang Tekanan Tinggi,PERALATAN DAN MESIN,1.3.2.15.03.03.069
10966,Pisau Selam Mata Pisau Bergigi,PERALATAN DAN MESIN,1.3.2.15.03.03.070
10967,Ban Pergelangan Tangan,PERALATAN DAN MESIN,1.3.2.15.03.03.071
10968,Tas Untuk Angkat Benda Dalam Air,PERALATAN DAN MESIN,1.3.2.15.03.03.072
10969,Sepatu Katak Baju Selam Basah (Wet Suite),PERALATAN DAN MESIN,1.3.2.15.03.03.073
10970,Manifol Bail - Out Block (PCDS),PERALATAN DAN MESIN,1.3.2.15.03.03.074
10971,Masker (Tusa Liberator),PERALATAN DAN MESIN,1.3.2.15.03.03.075
10972,Masker Full Face AGA Whit Poseidon,PERALATAN DAN MESIN,1.3.2.15.03.03.076
10973,Masker Strap Cadangan,PERALATAN DAN MESIN,1.3.2.15.03.03.077
10974,Mouth Piece Dengan Cadangannya,PERALATAN DAN MESIN,1.3.2.15.03.03.078
10975,O-Ring Flaslight Underwater,PERALATAN DAN MESIN,1.3.2.15.03.03.079
10976,O-Ring Standard for DIN Connection,PERALATAN DAN MESIN,1.3.2.15.03.03.080
10977,O-Ring for HP Hose,PERALATAN DAN MESIN,1.3.2.15.03.03.081
10978,O-Ring for Standart LP Hose,PERALATAN DAN MESIN,1.3.2.15.03.03.082
10979,O-Ring for Standart Tank Neck,PERALATAN DAN MESIN,1.3.2.15.03.03.083
10980,O-Ring for Standart Tank Valve Face,PERALATAN DAN MESIN,1.3.2.15.03.03.084
10981,Gulungan Tali Penetrasi 45 M,PERALATAN DAN MESIN,1.3.2.15.03.03.085
10982,Power Inflator Untuk BCD Scuba Pro,PERALATAN DAN MESIN,1.3.2.15.03.03.086
10983,Regulator DIN Thread Protective Cap,PERALATAN DAN MESIN,1.3.2.15.03.03.087
10984,Regulator Set (Scuba Pro MK 17/R),PERALATAN DAN MESIN,1.3.2.15.03.03.088
10985,Regulator Fist Stage Annual,PERALATAN DAN MESIN,1.3.2.15.03.03.089
10986,Pelumas Silikon 16 oz (Packet of 20),PERALATAN DAN MESIN,1.3.2.15.03.03.090
10987,Spray Silikon 8 oz,PERALATAN DAN MESIN,1.3.2.15.03.03.091
10988,Slate Bawah Air (IST),PERALATAN DAN MESIN,1.3.2.15.03.03.092
10989,Snorkel Keeper,PERALATAN DAN MESIN,1.3.2.15.03.03.093
10990,Swivel Universal HP,PERALATAN DAN MESIN,1.3.2.15.03.03.094
10991,Perkakas Scuba Pro Uni,PERALATAN DAN MESIN,1.3.2.15.03.03.095
10992,Katup Tank 'K',PERALATAN DAN MESIN,1.3.2.15.03.03.096
10993,Stiker Tangki VIP,PERALATAN DAN MESIN,1.3.2.15.03.03.097
10994,Jam Tangan Penyelam,PERALATAN DAN MESIN,1.3.2.15.03.03.098
10995,Kepala Sabuk Pemberat,PERALATAN DAN MESIN,1.3.2.15.03.03.099
10996,Penjepit Sabuk Pemberat,PERALATAN DAN MESIN,1.3.2.15.03.03.100
10997,Sabuk Pemberat Roll Web Material,PERALATAN DAN MESIN,1.3.2.15.03.03.101
10998,alat kerja bawah air lainnya (dst),PERALATAN DAN MESIN,1.3.2.15.03.03.102
10999,ALAT SAR LAINNYA,PERALATAN DAN MESIN,1.3.2.15.03.04.000
11000,alat sar lainnya  lainnya (dst),PERALATAN DAN MESIN,1.3.2.15.03.04.001
11001,ALAT KERJA PENERBANGAN,PERALATAN DAN MESIN,1.3.2.15.04.00.000
11002,PERALATAN FASILITAS KOMUNIKASI PENERBANGAN,PERALATAN DAN MESIN,1.3.2.15.04.01.000
11003,Automatic Message Switching Centre (AMSC),PERALATAN DAN MESIN,1.3.2.15.04.01.001
11004,High Frequency -Single Side Band (HF-SSB),PERALATAN DAN MESIN,1.3.2.15.04.01.002
11005,Teleprinter,PERALATAN DAN MESIN,1.3.2.15.04.01.003
11006,Direct Speech (DS),PERALATAN DAN MESIN,1.3.2.15.04.01.004
11007,"Sistem Transmisi (Radio Link, VSAT)",PERALATAN DAN MESIN,1.3.2.15.04.01.005
11008,Voice Switching Communication System (VSCS),PERALATAN DAN MESIN,1.3.2.15.04.01.006
11009,VHF Data Link,PERALATAN DAN MESIN,1.3.2.15.04.01.007
11010,Integrated Remote Control and Monitoring System (IRCMS),PERALATAN DAN MESIN,1.3.2.15.04.01.008
11011,Very High Frequency Air Ground Communication (VHF-A/G),PERALATAN DAN MESIN,1.3.2.15.04.01.009
11012,Automatic Terminal Information Service (ATIS),PERALATAN DAN MESIN,1.3.2.15.04.01.010
11013,High Frequency Air Ground Communication (HF-A/G),PERALATAN DAN MESIN,1.3.2.15.04.01.011
11014,Voice Recorder,PERALATAN DAN MESIN,1.3.2.15.04.01.012
11015,Aeronautical Fixed Telecommunication Network (AFTN),PERALATAN DAN MESIN,1.3.2.15.04.01.013
11016,peralatan fasilitas komunikasi penerbangan  lainnya (dst),PERALATAN DAN MESIN,1.3.2.15.04.01.014
11017,PERALATAN FASILITAS NAVIGASI DAN PENGAMATAN PENERBANGAN,PERALATAN DAN MESIN,1.3.2.15.04.02.000
11018,Non Directional Beacon (NDB),PERALATAN DAN MESIN,1.3.2.15.04.02.001
11019,Very High Frequency Omni Directional Range (VOR),PERALATAN DAN MESIN,1.3.2.15.04.02.002
11020,Distance Measuring Equipmnet (DME),PERALATAN DAN MESIN,1.3.2.15.04.02.003
11021,Instrument Landing System (ILS),PERALATAN DAN MESIN,1.3.2.15.04.02.004
11022,Primary Surveillance Radar (PSR),PERALATAN DAN MESIN,1.3.2.15.04.02.005
11023,Secondary Surveillance Radar/Monopulse Secondary Surveillance Radar (SSR/MSSR),PERALATAN DAN MESIN,1.3.2.15.04.02.006
11024,Automatic Dependent Surveillance/ADS,PERALATAN DAN MESIN,1.3.2.15.04.02.007
11025,Controller Pilot Data Link Communication/CPDLC Processing,PERALATAN DAN MESIN,1.3.2.15.04.02.008
11026,Radar Data Processing System/RDPS,PERALATAN DAN MESIN,1.3.2.15.04.02.009
11027,Flight Data Processing System/FPDS,PERALATAN DAN MESIN,1.3.2.15.04.02.010
11028,Aeronautical Information System/AIS,PERALATAN DAN MESIN,1.3.2.15.04.02.011
11029,peralatan fasilitas navigasi dan pengamatan penerbangan  lainnya (dst),PERALATAN DAN MESIN,1.3.2.15.04.02.012
11030,PERALATAN FASILITAS BANTU PENDARATAN,PERALATAN DAN MESIN,1.3.2.15.04.03.000
11031,Runway Visual Range,PERALATAN DAN MESIN,1.3.2.15.04.03.001
11032,Approach Lightig System,PERALATAN DAN MESIN,1.3.2.15.04.03.002
11033,Precision Approach Path Indicator (PAPI) / Visual Approach Slope,PERALATAN DAN MESIN,1.3.2.15.04.03.003
11034,Runway Lead-in Lighting System/Runway Guard Light,PERALATAN DAN MESIN,1.3.2.15.04.03.004
11035,Runway Edge Light / Threshold Light/Runway End Light,PERALATAN DAN MESIN,1.3.2.15.04.03.005
11036,Runway Center Line Light / Taxiway Center Line Light /Touch Down,PERALATAN DAN MESIN,1.3.2.15.04.03.006
11037,Taxiway Edge Light / Turning Area Light,PERALATAN DAN MESIN,1.3.2.15.04.03.007
11038,Taxi Guidance Sign,PERALATAN DAN MESIN,1.3.2.15.04.03.008
11039,Constant Current Regulator (CCR),PERALATAN DAN MESIN,1.3.2.15.04.03.009
11040,AFL Control Desk,PERALATAN DAN MESIN,1.3.2.15.04.03.010
11041,Wind Cone,PERALATAN DAN MESIN,1.3.2.15.04.03.011
11042,Aircraft Docking Guidance System (ADGS),PERALATAN DAN MESIN,1.3.2.15.04.03.012
11043,peralatan fasilitas bantu pendaratan  lainnya (dst),PERALATAN DAN MESIN,1.3.2.15.04.03.013
11044,PERALATAN FASILITAS BANTU PELAYANAN DAN PENGAMANAN BANDAR UDARA,PERALATAN DAN MESIN,1.3.2.15.04.04.000
11045,X-Ray Inspection Machine,PERALATAN DAN MESIN,1.3.2.15.04.04.001
11046,Walk Through Metal Detector (WTMD),PERALATAN DAN MESIN,1.3.2.15.04.04.002
11047,Public Address Branch Exchange (PABX),PERALATAN DAN MESIN,1.3.2.15.04.04.003
11048,Closed Circuit Television (CCTV),PERALATAN DAN MESIN,1.3.2.15.04.04.004
11049,Integrated Ground Communication System (IGCS),PERALATAN DAN MESIN,1.3.2.15.04.04.005
11050,Flight Information Display System (FIDS),PERALATAN DAN MESIN,1.3.2.15.04.04.006
11051,Public Address System,PERALATAN DAN MESIN,1.3.2.15.04.04.007
11052,Fire Alarm System,PERALATAN DAN MESIN,1.3.2.15.04.04.008
11053,peralatan fasilitas bantu pelayanan dan pengamanan bandar udara  lainnya (dst),PERALATAN DAN MESIN,1.3.2.15.04.04.009
11054,PERALATAN FASILITAS LISTRIK BANDAR UDARA,PERALATAN DAN MESIN,1.3.2.15.04.05.000
11055,Genset,PERALATAN DAN MESIN,1.3.2.15.04.05.001
11056,Automatic Transfer Switch (ATS) dan Automatic Change Oer Swi,PERALATAN DAN MESIN,1.3.2.15.04.05.002
11057,Power Control System,PERALATAN DAN MESIN,1.3.2.15.04.05.003
11058,Transmission and Distribution,PERALATAN DAN MESIN,1.3.2.15.04.05.004
11059,Integrated Lighting Protection,PERALATAN DAN MESIN,1.3.2.15.04.05.005
11060,Air Conditioning (AC),PERALATAN DAN MESIN,1.3.2.15.04.05.006
11061,"Traction Equipments (Elevator, Escalator, Conveyor, Garbarata)",PERALATAN DAN MESIN,1.3.2.15.04.05.007
11062,"Airport Electrical Installation (Flood Light, Building / Road Lighting, Sirene)",PERALATAN DAN MESIN,1.3.2.15.04.05.008
11063,Solar cell,PERALATAN DAN MESIN,1.3.2.15.04.05.009
11064,peralatan fasilitas listrik bandar udara  lainnya (dst),PERALATAN DAN MESIN,1.3.2.15.04.05.010
11065,ALAT UKUR PERALATAN FASLEKTRIK,PERALATAN DAN MESIN,1.3.2.15.04.06.000
11066,RF Field Strenght analyzer,PERALATAN DAN MESIN,1.3.2.15.04.06.001
11067,"Power Meter untuk LF, HF, VHF, UHF",PERALATAN DAN MESIN,1.3.2.15.04.06.002
11068,Portable Spektrum Analizer,PERALATAN DAN MESIN,1.3.2.15.04.06.003
11069,Portable ILS Receiver and VOR Receiver,PERALATAN DAN MESIN,1.3.2.15.04.06.004
11070,Osciloscope 400 Mhz,PERALATAN DAN MESIN,1.3.2.15.04.06.005
11071,Air band VHF Transceiver,PERALATAN DAN MESIN,1.3.2.15.04.06.006
11072,DV meter with HV Probe,PERALATAN DAN MESIN,1.3.2.15.04.06.007
11073,Combine Test Piece (CTP),PERALATAN DAN MESIN,1.3.2.15.04.06.008
11074,Object Test Piece (OTP),PERALATAN DAN MESIN,1.3.2.15.04.06.009
11075,Digital Sound Level,PERALATAN DAN MESIN,1.3.2.15.04.06.010
11076,Digital Arrester Test,PERALATAN DAN MESIN,1.3.2.15.04.06.011
11077,Laser Beam Temperature Meter,PERALATAN DAN MESIN,1.3.2.15.04.06.012
11078,Earth Meter,PERALATAN DAN MESIN,1.3.2.15.04.06.013
11079,Digital LUX Meter + Acc,PERALATAN DAN MESIN,1.3.2.15.04.06.014
11080,ILS / VOR Analyzer,PERALATAN DAN MESIN,1.3.2.15.04.06.015
11081,Nav Analyzer,PERALATAN DAN MESIN,1.3.2.15.04.06.016
11082,Portable Nav Analyzer Receiver,PERALATAN DAN MESIN,1.3.2.15.04.06.017
11083,Airband Nav-com Transceiver,PERALATAN DAN MESIN,1.3.2.15.04.06.018
11084,GPS Survey,PERALATAN DAN MESIN,1.3.2.15.04.06.019
11085,GPS Mapper Counter,PERALATAN DAN MESIN,1.3.2.15.04.06.020
11086,Compass Magnetic,PERALATAN DAN MESIN,1.3.2.15.04.06.021
11087,SWR Measurement-L,PERALATAN DAN MESIN,1.3.2.15.04.06.022
11088,SWR Measurement-H,PERALATAN DAN MESIN,1.3.2.15.04.06.023
11089,Power Quality Analyzer-Plus Measurement,PERALATAN DAN MESIN,1.3.2.15.04.06.024
11090,Teropong Observasi,PERALATAN DAN MESIN,1.3.2.15.04.06.025
11091,Electronic Altimeter - Barometer,PERALATAN DAN MESIN,1.3.2.15.04.06.026
11092,Altimeter-Clinometer,PERALATAN DAN MESIN,1.3.2.15.04.06.027
11093,Clinometer-Compas,PERALATAN DAN MESIN,1.3.2.15.04.06.028
11094,Earth Resistance and installation Test for Multipurpose Measurement,PERALATAN DAN MESIN,1.3.2.15.04.06.029
11095,alat ukur peralatan faslektrik  lainnya (dst),PERALATAN DAN MESIN,1.3.2.15.04.06.030
11096,ALAT KERJA PENERBANGAN LAINNYA,PERALATAN DAN MESIN,1.3.2.15.04.07.000
11097,alat kerja penerbangan lainnya  lainnya (dst),PERALATAN DAN MESIN,1.3.2.15.04.07.001
11098,ALAT PERAGA,PERALATAN DAN MESIN,1.3.2.16.00.00.000
11099,ALAT PERAGA PELATIHAN DAN PERCONTOHAN,PERALATAN DAN MESIN,1.3.2.16.01.00.000
11100,ALAT PERAGA PELATIHAN,PERALATAN DAN MESIN,1.3.2.16.01.01.000
11101,Aid Hearing,PERALATAN DAN MESIN,1.3.2.16.01.01.001
11102,Anatomi,PERALATAN DAN MESIN,1.3.2.16.01.01.002
11103,Alat Simulator Pendidikan,PERALATAN DAN MESIN,1.3.2.16.01.01.003
11104,Alat Simulator Tempur,PERALATAN DAN MESIN,1.3.2.16.01.01.004
11105,Simulator Gempa Bumi,PERALATAN DAN MESIN,1.3.2.16.01.01.005
11106,alat peraga pelatihan  lainnya (dst),PERALATAN DAN MESIN,1.3.2.16.01.01.006
11107,ALAT PERAGA PERCONTOHAN,PERALATAN DAN MESIN,1.3.2.16.01.02.000
11108,Miniatur,PERALATAN DAN MESIN,1.3.2.16.01.02.001
11109,alat peraga percontohan  lainnya (dst),PERALATAN DAN MESIN,1.3.2.16.01.02.002
11110,ALAT PERAGA PELATIHAN DAN PERCONTOHAN LAINNYA,PERALATAN DAN MESIN,1.3.2.16.01.03.000
11111,alat peraga pelatihan dan percontohan lainnya  lainnya (dst),PERALATAN DAN MESIN,1.3.2.16.01.03.001
11112,PERALATAN PROSES/PRODUKSI,PERALATAN DAN MESIN,1.3.2.17.00.00.000
11113,UNIT PERALATAN PROSES/PRODUKSI,PERALATAN DAN MESIN,1.3.2.17.01.00.000
11114,LIQUID-LIQUID CONTRACTOR EQUIPMENT,PERALATAN DAN MESIN,1.3.2.17.01.01.000
11115,Mexer Setller Extractor,PERALATAN DAN MESIN,1.3.2.17.01.01.001
11116,Packed Extraction,PERALATAN DAN MESIN,1.3.2.17.01.01.002
11117,Plate Extraction Colomm,PERALATAN DAN MESIN,1.3.2.17.01.01.003
11118,Pulset Plate Extraction Colomm,PERALATAN DAN MESIN,1.3.2.17.01.01.004
11119,Pulset Packed Extraction,PERALATAN DAN MESIN,1.3.2.17.01.01.005
11120,Rotary Disk Contector,PERALATAN DAN MESIN,1.3.2.17.01.01.006
11121,Centrifuge Extractor,PERALATAN DAN MESIN,1.3.2.17.01.01.007
11122,Spray Extraction Colomm,PERALATAN DAN MESIN,1.3.2.17.01.01.008
11123,liquid-liquid contractor equipment  lainnya (dst),PERALATAN DAN MESIN,1.3.2.17.01.01.009
11124,SOLID-SOLID MIXING EQUIPMENT,PERALATAN DAN MESIN,1.3.2.17.01.02.000
11125,Tumbler Mixer Without Internal Breaker,PERALATAN DAN MESIN,1.3.2.17.01.02.001
11126,Tumbler Mixer With Internal Breaker,PERALATAN DAN MESIN,1.3.2.17.01.02.002
11127,Stationary Shell Or Trough Mixer,PERALATAN DAN MESIN,1.3.2.17.01.02.003
11128,Impact Hammer Mill,PERALATAN DAN MESIN,1.3.2.17.01.02.004
11129,Impact Cage Mill,PERALATAN DAN MESIN,1.3.2.17.01.02.005
11130,Impact Attrition Mill,PERALATAN DAN MESIN,1.3.2.17.01.02.006
11131,solid-solid mixing equipment  lainnya (dst),PERALATAN DAN MESIN,1.3.2.17.01.02.007
11132,SOLID-SOLID SCREENING EQUIPMENT,PERALATAN DAN MESIN,1.3.2.17.01.03.000
11133,Grizzy Screen,PERALATAN DAN MESIN,1.3.2.17.01.03.001
11134,Revolving Screen ( Trommel Screen ),PERALATAN DAN MESIN,1.3.2.17.01.03.002
11135,Mecanical Shaking Screen,PERALATAN DAN MESIN,1.3.2.17.01.03.003
11136,Vibrating Screen (Solid-solid Screening Equipment),PERALATAN DAN MESIN,1.3.2.17.01.03.004
11137,Mechanically Vibrated Screen,PERALATAN DAN MESIN,1.3.2.17.01.03.005
11138,Electricaly Vibrated Screen,PERALATAN DAN MESIN,1.3.2.17.01.03.006
11139,Oscillating Screen,PERALATAN DAN MESIN,1.3.2.17.01.03.007
11140,Reciprocating Screen,PERALATAN DAN MESIN,1.3.2.17.01.03.008
11141,Gyratory Screen,PERALATAN DAN MESIN,1.3.2.17.01.03.009
11142,Sleve Shaker as Screen,PERALATAN DAN MESIN,1.3.2.17.01.03.010
11143,solid-solid screening equipment  lainnya (dst),PERALATAN DAN MESIN,1.3.2.17.01.03.011
11144,SOLID-SOLID CLASSIFIER,PERALATAN DAN MESIN,1.3.2.17.01.04.000
11145,Cone Type Classifior,PERALATAN DAN MESIN,1.3.2.17.01.04.001
11146,Liquid Cyclone Classifier,PERALATAN DAN MESIN,1.3.2.17.01.04.002
11147,Rake-Spiral Classifier,PERALATAN DAN MESIN,1.3.2.17.01.04.003
11148,Drag Classifier,PERALATAN DAN MESIN,1.3.2.17.01.04.004
11149,Bowl Classifier,PERALATAN DAN MESIN,1.3.2.17.01.04.005
11150,Hydroseparator,PERALATAN DAN MESIN,1.3.2.17.01.04.006
11151,Solid Bowl Centrifuge,PERALATAN DAN MESIN,1.3.2.17.01.04.007
11152,Countercurrent Classifion,PERALATAN DAN MESIN,1.3.2.17.01.04.008
11153,Hadraulic Classifier,PERALATAN DAN MESIN,1.3.2.17.01.04.009
11154,Magnetic Separator Wet,PERALATAN DAN MESIN,1.3.2.17.01.04.010
11155,Magnetic Separator Dry,PERALATAN DAN MESIN,1.3.2.17.01.04.011
11156,Electrostatic Classifier,PERALATAN DAN MESIN,1.3.2.17.01.04.012
11157,Floatation Machine,PERALATAN DAN MESIN,1.3.2.17.01.04.013
11158,solid-solid classifier  lainnya (dst),PERALATAN DAN MESIN,1.3.2.17.01.04.014
11159,SOLID-LIQUID MIXING EQUIPMENT,PERALATAN DAN MESIN,1.3.2.17.01.05.000
11160,Mixing Vessel With Impeller Agitator,PERALATAN DAN MESIN,1.3.2.17.01.05.001
11161,Mixing Vessel With Air Agitator,PERALATAN DAN MESIN,1.3.2.17.01.05.002
11162,Mixing Vessel With External Pump,PERALATAN DAN MESIN,1.3.2.17.01.05.003
11163,Change - Chan Viscous Mixing Vessel,PERALATAN DAN MESIN,1.3.2.17.01.05.004
11164,Helcal Ribbon Mixing Vessel,PERALATAN DAN MESIN,1.3.2.17.01.05.005
11165,Continuous Single Screw Extruder,PERALATAN DAN MESIN,1.3.2.17.01.05.006
11166,Continuous Twin Crew Mixer,PERALATAN DAN MESIN,1.3.2.17.01.05.007
11167,solid-liquid mixing equipment  lainnya (dst),PERALATAN DAN MESIN,1.3.2.17.01.05.008
11168,SOLID LIQUID CRYSTALLIZATION EQUIPMENT,PERALATAN DAN MESIN,1.3.2.17.01.06.000
11169,Mixed Suspension Crystallizer,PERALATAN DAN MESIN,1.3.2.17.01.06.001
11170,Forced Circulation Evaporative Crystallizer,PERALATAN DAN MESIN,1.3.2.17.01.06.002
11171,Magma Crystallizer,PERALATAN DAN MESIN,1.3.2.17.01.06.003
11172,Draf Tube Crystallizer,PERALATAN DAN MESIN,1.3.2.17.01.06.004
11173,Surface Cooled Crystallizer,PERALATAN DAN MESIN,1.3.2.17.01.06.005
11174,Direct Contact Refrigerating Crystallizer,PERALATAN DAN MESIN,1.3.2.17.01.06.006
11175,Agitated Tank Crystallizer,PERALATAN DAN MESIN,1.3.2.17.01.06.007
11176,solid liquid crystallization equipment  lainnya (dst),PERALATAN DAN MESIN,1.3.2.17.01.06.008
11177,ION EXCHANGE ABSORTION EQUIPMENT,PERALATAN DAN MESIN,1.3.2.17.01.07.000
11178,Fixed Bed Ion Exchange Column,PERALATAN DAN MESIN,1.3.2.17.01.07.001
11179,Mixed Bed Ion Exchange Column,PERALATAN DAN MESIN,1.3.2.17.01.07.002
11180,Fludized Bed Ion Exchange Equipment,PERALATAN DAN MESIN,1.3.2.17.01.07.003
11181,Demineratilized Cooling WS,PERALATAN DAN MESIN,1.3.2.17.01.07.004
11182,Fixed Bed Adsorption Column,PERALATAN DAN MESIN,1.3.2.17.01.07.005
11183,Mixer Settler Type Adsorption Equipment,PERALATAN DAN MESIN,1.3.2.17.01.07.006
11184,ion exchange absortion equipment  lainnya (dst),PERALATAN DAN MESIN,1.3.2.17.01.07.007
11185,LEACHING EQUIPMENT,PERALATAN DAN MESIN,1.3.2.17.01.08.000
11186,Bacth Percolator,PERALATAN DAN MESIN,1.3.2.17.01.08.001
11187,Continuous Perculator,PERALATAN DAN MESIN,1.3.2.17.01.08.002
11188,Continuous Dispersed Solid Leaching Contactor,PERALATAN DAN MESIN,1.3.2.17.01.08.003
11189,Screw - Conveyor Leaching Contactor,PERALATAN DAN MESIN,1.3.2.17.01.08.004
11190,Air Mixing Leaching Ressel/Pachuca,PERALATAN DAN MESIN,1.3.2.17.01.08.005
11191,Degreasing Bath,PERALATAN DAN MESIN,1.3.2.17.01.08.006
11192,Leaching Equipment,PERALATAN DAN MESIN,1.3.2.17.01.08.007
11193,Ultrasonic Pallet,PERALATAN DAN MESIN,1.3.2.17.01.08.008
11194,Ultrasonic Cleaning,PERALATAN DAN MESIN,1.3.2.17.01.08.009
11195,Alat Uji Pelucutan,PERALATAN DAN MESIN,1.3.2.17.01.08.010
11196,leaching equipment  lainnya (dst),PERALATAN DAN MESIN,1.3.2.17.01.08.011
11197,GRAVITY SEDIMENTATION EQUIPMENT,PERALATAN DAN MESIN,1.3.2.17.01.09.000
11198,Continuous Thickener,PERALATAN DAN MESIN,1.3.2.17.01.09.001
11199,Circular Clarifier,PERALATAN DAN MESIN,1.3.2.17.01.09.002
11200,Reactor Clarifier,PERALATAN DAN MESIN,1.3.2.17.01.09.003
11201,gravity sedimentation equipment  lainnya (dst),PERALATAN DAN MESIN,1.3.2.17.01.09.004
11202,SOLID LIQUID FILTERING EQUIPMENT,PERALATAN DAN MESIN,1.3.2.17.01.10.000
11203,Cake Filter,PERALATAN DAN MESIN,1.3.2.17.01.10.001
11204,Gravity ( Hydrostatic Headh ) Filter,PERALATAN DAN MESIN,1.3.2.17.01.10.002
11205,Batch Filter Press,PERALATAN DAN MESIN,1.3.2.17.01.10.003
11206,Continuous Rotary Filter Press,PERALATAN DAN MESIN,1.3.2.17.01.10.004
11207,Batch Vacuum Filter,PERALATAN DAN MESIN,1.3.2.17.01.10.005
11208,Rotary Drum Vacuum Filter,PERALATAN DAN MESIN,1.3.2.17.01.10.006
11209,Continuous Disk Vacuum Filter,PERALATAN DAN MESIN,1.3.2.17.01.10.007
11210,Horizontal Continuous Vacuum Filter,PERALATAN DAN MESIN,1.3.2.17.01.10.008
11211,Horizontal Belt Filter,PERALATAN DAN MESIN,1.3.2.17.01.10.009
11212,Centrifugal Filter,PERALATAN DAN MESIN,1.3.2.17.01.10.010
11213,solid liquid filtering equipment  lainnya (dst),PERALATAN DAN MESIN,1.3.2.17.01.10.011
11214,CENTRIFUGE FOR SOLID LIQUID,PERALATAN DAN MESIN,1.3.2.17.01.11.000
11215,Batch Laboratory Centrifuge,PERALATAN DAN MESIN,1.3.2.17.01.11.001
11216,Tubular - Bowl Centrifuge,PERALATAN DAN MESIN,1.3.2.17.01.11.002
11217,Multichamber Centrifuge,PERALATAN DAN MESIN,1.3.2.17.01.11.003
11218,Disk Centrifuge,PERALATAN DAN MESIN,1.3.2.17.01.11.004
11219,Continuous Decanter Centrifuge,PERALATAN DAN MESIN,1.3.2.17.01.11.005
11220,Basket Centrifuge,PERALATAN DAN MESIN,1.3.2.17.01.11.006
11221,Graduate Centrifuge,PERALATAN DAN MESIN,1.3.2.17.01.11.007
11222,centrifuge for solid liquid  lainnya (dst),PERALATAN DAN MESIN,1.3.2.17.01.11.008
11223,LIQUID FROM SOLID EXPELLING (EXPRESSOR)-EQUIPMENT,PERALATAN DAN MESIN,1.3.2.17.01.12.000
11224,Bacth Press,PERALATAN DAN MESIN,1.3.2.17.01.12.001
11225,Continuous Press,PERALATAN DAN MESIN,1.3.2.17.01.12.002
11226,liquid from solid expelling (expressor)-equipment lainnya (dst),PERALATAN DAN MESIN,1.3.2.17.01.12.003
11227,GAS-SOLID DRYING EQUIPMENT,PERALATAN DAN MESIN,1.3.2.17.01.13.000
11228,Batch Trought Circulation Dryer,PERALATAN DAN MESIN,1.3.2.17.01.13.001
11229,Batch Tray Compartment Dryer,PERALATAN DAN MESIN,1.3.2.17.01.13.002
11230,Batch Fluid Bet Dryer,PERALATAN DAN MESIN,1.3.2.17.01.13.003
11231,Batch Agigated Dryer,PERALATAN DAN MESIN,1.3.2.17.01.13.004
11232,Batch Freeze Dryer,PERALATAN DAN MESIN,1.3.2.17.01.13.005
11233,Batch Vacuum Rotary Dryer,PERALATAN DAN MESIN,1.3.2.17.01.13.006
11234,Batch Vacuum Try Dryer,PERALATAN DAN MESIN,1.3.2.17.01.13.007
11235,Continuous Tray Dryer,PERALATAN DAN MESIN,1.3.2.17.01.13.008
11236,Continuous Sheeting Dryer,PERALATAN DAN MESIN,1.3.2.17.01.13.009
11237,Pneomatic Conveying Dryer,PERALATAN DAN MESIN,1.3.2.17.01.13.010
11238,Rotary Dryer Continuous,PERALATAN DAN MESIN,1.3.2.17.01.13.011
11239,Spray Dryer Continuous,PERALATAN DAN MESIN,1.3.2.17.01.13.012
11240,Continuous Trough Circulation Dryer,PERALATAN DAN MESIN,1.3.2.17.01.13.013
11241,Continuous Tunnel Dryer,PERALATAN DAN MESIN,1.3.2.17.01.13.014
11242,Continuous Fluid Bed Dryer,PERALATAN DAN MESIN,1.3.2.17.01.13.015
11243,Cylender Continuous,PERALATAN DAN MESIN,1.3.2.17.01.13.016
11244,Drum Dryer Continuous,PERALATAN DAN MESIN,1.3.2.17.01.13.017
11245,Screw Conveyer Dryer Continuous,PERALATAN DAN MESIN,1.3.2.17.01.13.018
11246,Continuous Steam-Tube Rotary Dryer,PERALATAN DAN MESIN,1.3.2.17.01.13.019
11247,Continuous Vibrating Tray Dryer,PERALATAN DAN MESIN,1.3.2.17.01.13.020
11248,Continuous Belt Dryer,PERALATAN DAN MESIN,1.3.2.17.01.13.021
11249,Rotary Kiln,PERALATAN DAN MESIN,1.3.2.17.01.13.022
11250,Heat Gun Dryer (Hair Dryer),PERALATAN DAN MESIN,1.3.2.17.01.13.023
11251,gas-solid drying equipment lainnya (dst),PERALATAN DAN MESIN,1.3.2.17.01.13.024
11252,GAS - SOLID FLUIDISED BED EQUIPMENT,PERALATAN DAN MESIN,1.3.2.17.01.14.000
11253,Fluidized Solid-Solid Mixer,PERALATAN DAN MESIN,1.3.2.17.01.14.001
11254,Fluidized Bed Gas Mixer,PERALATAN DAN MESIN,1.3.2.17.01.14.002
11255,Fluidized Bed Annealling Furnace,PERALATAN DAN MESIN,1.3.2.17.01.14.003
11256,Fluidized Bed Catalytic Reactor,PERALATAN DAN MESIN,1.3.2.17.01.14.004
11257,Fluidized Bed Non Catalytic Reactor,PERALATAN DAN MESIN,1.3.2.17.01.14.005
11258,gas - solid fluidised bed equipment lainnya (dst),PERALATAN DAN MESIN,1.3.2.17.01.14.006
11259,GAS - SOLID SEPARATION EQUIPMENT,PERALATAN DAN MESIN,1.3.2.17.01.15.000
11260,Gravity Settling Chamber,PERALATAN DAN MESIN,1.3.2.17.01.15.001
11261,Impingement Separator,PERALATAN DAN MESIN,1.3.2.17.01.15.002
11262,Cyclone Separator,PERALATAN DAN MESIN,1.3.2.17.01.15.003
11263,Mechanical Centrifugal Dust Separator,PERALATAN DAN MESIN,1.3.2.17.01.15.004
11264,Beg Filter,PERALATAN DAN MESIN,1.3.2.17.01.15.005
11265,Dust/Mist Scrubber Spray Type,PERALATAN DAN MESIN,1.3.2.17.01.15.006
11266,Dust/Mist Scrubber Cyclone Type,PERALATAN DAN MESIN,1.3.2.17.01.15.007
11267,Air Filter Viscous,PERALATAN DAN MESIN,1.3.2.17.01.15.008
11268,Air Filter Dry,PERALATAN DAN MESIN,1.3.2.17.01.15.009
11269,Air Filter Automatically Ragenrated,PERALATAN DAN MESIN,1.3.2.17.01.15.010
11270,Electrostauc Precipitator,PERALATAN DAN MESIN,1.3.2.17.01.15.011
11271,gas - solid separation equipment lainnya (dst),PERALATAN DAN MESIN,1.3.2.17.01.15.012
11272,GAS - LIQUID DISTILLATION EQUIPMENT,PERALATAN DAN MESIN,1.3.2.17.01.16.000
11273,Plate Distillation Column,PERALATAN DAN MESIN,1.3.2.17.01.16.001
11274,Packed Distillation Column,PERALATAN DAN MESIN,1.3.2.17.01.16.002
11275,gas - liquid distillation equipment lainnya (dst),PERALATAN DAN MESIN,1.3.2.17.01.16.003
11276,GAS - LIQUID SEPARITION EQUIPMENT,PERALATAN DAN MESIN,1.3.2.17.01.17.000
11277,Plate Absorption Column,PERALATAN DAN MESIN,1.3.2.17.01.17.001
11278,Packed Absorption Column,PERALATAN DAN MESIN,1.3.2.17.01.17.002
11279,Spray Absorption Column,PERALATAN DAN MESIN,1.3.2.17.01.17.003
11280,Watted Wall Absorption Column,PERALATAN DAN MESIN,1.3.2.17.01.17.004
11281,Aerator,PERALATAN DAN MESIN,1.3.2.17.01.17.005
11282,Mist Separator / Eliminator,PERALATAN DAN MESIN,1.3.2.17.01.17.006
11283,gas - liquid separition equipment lainnya (dst),PERALATAN DAN MESIN,1.3.2.17.01.17.007
11284,ISOTOPE SEPARATION EQUIPMENT,PERALATAN DAN MESIN,1.3.2.17.01.18.000
11285,Gas Diffusion Isotope Separator,PERALATAN DAN MESIN,1.3.2.17.01.18.001
11286,Thermal Diffusion Isotope Separator,PERALATAN DAN MESIN,1.3.2.17.01.18.002
11287,Centrifuge Isotope Separator,PERALATAN DAN MESIN,1.3.2.17.01.18.003
11288,Mess Diffusion Isotope Separator,PERALATAN DAN MESIN,1.3.2.17.01.18.004
11289,Laser Isotope Separator,PERALATAN DAN MESIN,1.3.2.17.01.18.005
11290,Xe Despencing Manifold Syst,PERALATAN DAN MESIN,1.3.2.17.01.18.006
11291,Xe Lushing Manifold,PERALATAN DAN MESIN,1.3.2.17.01.18.007
11292,isotope separation equipment lainnya (dst),PERALATAN DAN MESIN,1.3.2.17.01.18.008
11293,TRANSPORT AND STORAGE EQUIPMENT FOR LIQUID,PERALATAN DAN MESIN,1.3.2.17.01.19.000
11294,Centrifugal Pump,PERALATAN DAN MESIN,1.3.2.17.01.19.001
11295,Prpeler & Turbine Pump,PERALATAN DAN MESIN,1.3.2.17.01.19.002
11296,Positive Displacement Pump,PERALATAN DAN MESIN,1.3.2.17.01.19.003
11297,Jet Pump,PERALATAN DAN MESIN,1.3.2.17.01.19.004
11298,Electro Magnetic Pump,PERALATAN DAN MESIN,1.3.2.17.01.19.005
11299,Vacuum Diffusion Pump,PERALATAN DAN MESIN,1.3.2.17.01.19.006
11300,Rotary Vacuum Pump,PERALATAN DAN MESIN,1.3.2.17.01.19.007
11301,Centrivugal Vacuum Pump,PERALATAN DAN MESIN,1.3.2.17.01.19.008
11302,Reciprocating Vacuum Pump,PERALATAN DAN MESIN,1.3.2.17.01.19.009
11303,Air Lift Pump,PERALATAN DAN MESIN,1.3.2.17.01.19.010
11304,Diaphragm Vacuum Pump,PERALATAN DAN MESIN,1.3.2.17.01.19.011
11305,Diaphragm Air Pump,PERALATAN DAN MESIN,1.3.2.17.01.19.012
11306,Submersible Pump,PERALATAN DAN MESIN,1.3.2.17.01.19.013
11307,Target Vacuum Target Holder,PERALATAN DAN MESIN,1.3.2.17.01.19.014
11308,Fan,PERALATAN DAN MESIN,1.3.2.17.01.19.015
11309,Centrifugal And Axial Compressor,PERALATAN DAN MESIN,1.3.2.17.01.19.016
11310,Rotary Compressor,PERALATAN DAN MESIN,1.3.2.17.01.19.017
11311,Reciprocating Compressor,PERALATAN DAN MESIN,1.3.2.17.01.19.018
11312,Blower,PERALATAN DAN MESIN,1.3.2.17.01.19.019
11313,Diaphragm Compresor,PERALATAN DAN MESIN,1.3.2.17.01.19.020
11314,Peristatic Pump,PERALATAN DAN MESIN,1.3.2.17.01.19.021
11315,Steam Jet Ejector,PERALATAN DAN MESIN,1.3.2.17.01.19.022
11316,Water Jet Ejector,PERALATAN DAN MESIN,1.3.2.17.01.19.023
11317,Cage Washer,PERALATAN DAN MESIN,1.3.2.17.01.19.024
11318,Dish Washer,PERALATAN DAN MESIN,1.3.2.17.01.19.025
11319,Stirer,PERALATAN DAN MESIN,1.3.2.17.01.19.026
11320,Label Storage Cabinet,PERALATAN DAN MESIN,1.3.2.17.01.19.027
11321,Pompa Sand Piper (Transport And Storage Equipment For Liquid),PERALATAN DAN MESIN,1.3.2.17.01.19.028
11322,Atmosferic Tank For Liquid W/WO Stirer,PERALATAN DAN MESIN,1.3.2.17.01.19.029
11323,Pressure Tank For Liquid /Dewar,PERALATAN DAN MESIN,1.3.2.17.01.19.030
11324,Gas Holder,PERALATAN DAN MESIN,1.3.2.17.01.19.031
11325,Gas Pressure Vessel,PERALATAN DAN MESIN,1.3.2.17.01.19.032
11326,Crygenic Storage Equipment,PERALATAN DAN MESIN,1.3.2.17.01.19.033
11327,Tank Car,PERALATAN DAN MESIN,1.3.2.17.01.19.034
11328,Tank Truck,PERALATAN DAN MESIN,1.3.2.17.01.19.035
11329,Portable Tank,PERALATAN DAN MESIN,1.3.2.17.01.19.036
11330,Drum,PERALATAN DAN MESIN,1.3.2.17.01.19.037
11331,Barrel,PERALATAN DAN MESIN,1.3.2.17.01.19.038
11332,Can,PERALATAN DAN MESIN,1.3.2.17.01.19.039
11333,Carboy,PERALATAN DAN MESIN,1.3.2.17.01.19.040
11334,Container Ship,PERALATAN DAN MESIN,1.3.2.17.01.19.041
11335,Tanker,PERALATAN DAN MESIN,1.3.2.17.01.19.042
11336,Geared Pump+Assesoris,PERALATAN DAN MESIN,1.3.2.17.01.19.043
11337,transport and storage equipment for liquid lainnya (dst),PERALATAN DAN MESIN,1.3.2.17.01.19.044
11338,SOLID MATERIAL HANDLING EQUIPMENT,PERALATAN DAN MESIN,1.3.2.17.01.20.000
11339,Screw Conveyor (Solid Material Handling Equipment),PERALATAN DAN MESIN,1.3.2.17.01.20.001
11340,Belt Conveyor (Solid Material Handling Equipment),PERALATAN DAN MESIN,1.3.2.17.01.20.002
11341,Bicket Elsyator,PERALATAN DAN MESIN,1.3.2.17.01.20.003
11342,Vibrating/Oscilating Conveyor,PERALATAN DAN MESIN,1.3.2.17.01.20.004
11343,Coxinous Flow Conveyor,PERALATAN DAN MESIN,1.3.2.17.01.20.005
11344,Pneumatic Conveyor,PERALATAN DAN MESIN,1.3.2.17.01.20.006
11345,Storage Pile,PERALATAN DAN MESIN,1.3.2.17.01.20.007
11346,Bin,PERALATAN DAN MESIN,1.3.2.17.01.20.008
11347,Silo,PERALATAN DAN MESIN,1.3.2.17.01.20.009
11348,Hopper,PERALATAN DAN MESIN,1.3.2.17.01.20.010
11349,Screw Feeder,PERALATAN DAN MESIN,1.3.2.17.01.20.011
11350,Belt/Apron Feeder,PERALATAN DAN MESIN,1.3.2.17.01.20.012
11351,Star Feeder,PERALATAN DAN MESIN,1.3.2.17.01.20.013
11352,Automatic Weighing Equipment,PERALATAN DAN MESIN,1.3.2.17.01.20.014
11353,Batch Weighing Equipment,PERALATAN DAN MESIN,1.3.2.17.01.20.015
11354,Continuous Weighing Equipment,PERALATAN DAN MESIN,1.3.2.17.01.20.016
11355,Pallet,PERALATAN DAN MESIN,1.3.2.17.01.20.017
11356,Bulk Container,PERALATAN DAN MESIN,1.3.2.17.01.20.018
11357,Bopper Truck,PERALATAN DAN MESIN,1.3.2.17.01.20.019
11358,Bopper Trailer,PERALATAN DAN MESIN,1.3.2.17.01.20.020
11359,Handling Hood,PERALATAN DAN MESIN,1.3.2.17.01.20.021
11360,Alat Pemotong Stringe (Solid Material Handling Equipment),PERALATAN DAN MESIN,1.3.2.17.01.20.022
11361,Electric Scruw Driver,PERALATAN DAN MESIN,1.3.2.17.01.20.023
11362,Staple Gun (Solid Material Handling Equipment),PERALATAN DAN MESIN,1.3.2.17.01.20.024
11363,Box Sealing Dispencer,PERALATAN DAN MESIN,1.3.2.17.01.20.025
11364,Dispencer & Control,PERALATAN DAN MESIN,1.3.2.17.01.20.026
11365,solid material handling equipment lainnya (dst),PERALATAN DAN MESIN,1.3.2.17.01.20.027
11366,SIZE REDUCTION SIZE BALARGEMENT EQUIPMENT,PERALATAN DAN MESIN,1.3.2.17.01.21.000
11367,Jaw Crusher,PERALATAN DAN MESIN,1.3.2.17.01.21.001
11368,Dryrotary Crusher,PERALATAN DAN MESIN,1.3.2.17.01.21.002
11369,Heavy Duty Crusher,PERALATAN DAN MESIN,1.3.2.17.01.21.003
11370,Roll Crusher,PERALATAN DAN MESIN,1.3.2.17.01.21.004
11371,Dry Pan-Chaser Mill,PERALATAN DAN MESIN,1.3.2.17.01.21.005
11372,Shredder,PERALATAN DAN MESIN,1.3.2.17.01.21.006
11373,Rotary Cutter And Dicer,PERALATAN DAN MESIN,1.3.2.17.01.21.007
11374,Media (Ball Rod Pebble)Mill,PERALATAN DAN MESIN,1.3.2.17.01.21.008
11375,Vibrating(Up) Mill,PERALATAN DAN MESIN,1.3.2.17.01.21.009
11376,Alat Pemotong Stringe (Size Reduction Size Balargement Equipment),PERALATAN DAN MESIN,1.3.2.17.01.21.010
11377,Electric Seruw Driver,PERALATAN DAN MESIN,1.3.2.17.01.21.011
11378,Staple Gun (Size Reduction Size Balargement Equipment),PERALATAN DAN MESIN,1.3.2.17.01.21.012
11379,Box Sealing Dispenser,PERALATAN DAN MESIN,1.3.2.17.01.21.013
11380,Dispenser & Control,PERALATAN DAN MESIN,1.3.2.17.01.21.014
11381,Drum Agglomerator,PERALATAN DAN MESIN,1.3.2.17.01.21.015
11382,Tumbling Agglomerator,PERALATAN DAN MESIN,1.3.2.17.01.21.016
11383,Prilling Tower,PERALATAN DAN MESIN,1.3.2.17.01.21.017
11384,Traveling Gate Sintering Machine,PERALATAN DAN MESIN,1.3.2.17.01.21.018
11385,Mortar Chrusher Grinder,PERALATAN DAN MESIN,1.3.2.17.01.21.019
11386,Stearing Machine,PERALATAN DAN MESIN,1.3.2.17.01.21.020
11387,Elementary Mill,PERALATAN DAN MESIN,1.3.2.17.01.21.021
11388,Mortar Crusher Grinder,PERALATAN DAN MESIN,1.3.2.17.01.21.022
11389,Flomentary Mill,PERALATAN DAN MESIN,1.3.2.17.01.21.023
11390,size reduction size balargement equipment lainnya (dst),PERALATAN DAN MESIN,1.3.2.17.01.21.024
11391,HEAT GENERATING EQUIPMENT,PERALATAN DAN MESIN,1.3.2.17.01.22.000
11392,Underfeed Stoker,PERALATAN DAN MESIN,1.3.2.17.01.22.001
11393,Crossfeet Stoker,PERALATAN DAN MESIN,1.3.2.17.01.22.002
11394,Overfeed Stoker,PERALATAN DAN MESIN,1.3.2.17.01.22.003
11395,Fluidzed Bed Combustor,PERALATAN DAN MESIN,1.3.2.17.01.22.004
11396,Heat Seater,PERALATAN DAN MESIN,1.3.2.17.01.22.005
11397,Liquid Fuel Vaporizing Bumer,PERALATAN DAN MESIN,1.3.2.17.01.22.006
11398,Liquid Fuel Atomizing,PERALATAN DAN MESIN,1.3.2.17.01.22.007
11399,Gaseous Fuel Preemix Bumer,PERALATAN DAN MESIN,1.3.2.17.01.22.008
11400,Gaseous Fuel Nozzle Bumer,PERALATAN DAN MESIN,1.3.2.17.01.22.009
11401,Under Vacuum Dryer (Heat Generating Equipment),PERALATAN DAN MESIN,1.3.2.17.01.22.010
11402,Resistance Heating Furnace,PERALATAN DAN MESIN,1.3.2.17.01.22.011
11403,Induction Furnace (Heat Generating Equipment),PERALATAN DAN MESIN,1.3.2.17.01.22.012
11404,Dielectric Heating Furnace,PERALATAN DAN MESIN,1.3.2.17.01.22.013
11405,Microwave Heater,PERALATAN DAN MESIN,1.3.2.17.01.22.014
11406,Electric Are (Plasma) Furnace,PERALATAN DAN MESIN,1.3.2.17.01.22.015
11407,Air Circulation Resistance Furnace,PERALATAN DAN MESIN,1.3.2.17.01.22.016
11408,Direct-Fired Liquid Heater,PERALATAN DAN MESIN,1.3.2.17.01.22.017
11409,Direct-Fired Solid Heater,PERALATAN DAN MESIN,1.3.2.17.01.22.018
11410,Direct-Fired Chemical Reactor,PERALATAN DAN MESIN,1.3.2.17.01.22.019
11411,Indirect-Fired Vaporizer,PERALATAN DAN MESIN,1.3.2.17.01.22.020
11412,Fire Tube Steam Boiler,PERALATAN DAN MESIN,1.3.2.17.01.22.021
11413,Water Tube Steam Boiler,PERALATAN DAN MESIN,1.3.2.17.01.22.022
11414,Electrically Heated Boiler/Steam Generator,PERALATAN DAN MESIN,1.3.2.17.01.22.023
11415,Incinerator (Heat Generating Equipment),PERALATAN DAN MESIN,1.3.2.17.01.22.024
11416,Macnetic Force War,PERALATAN DAN MESIN,1.3.2.17.01.22.025
11417,Sintering Furuace,PERALATAN DAN MESIN,1.3.2.17.01.22.026
11418,Pellet Drying & Element,PERALATAN DAN MESIN,1.3.2.17.01.22.027
11419,Graphic Coated Sheat,PERALATAN DAN MESIN,1.3.2.17.01.22.028
11420,Wendeatic Unit,PERALATAN DAN MESIN,1.3.2.17.01.22.029
11421,Auto Clave Unit,PERALATAN DAN MESIN,1.3.2.17.01.22.030
11422,Welding Machine,PERALATAN DAN MESIN,1.3.2.17.01.22.031
11423,heat generating equipment lainnya (dst),PERALATAN DAN MESIN,1.3.2.17.01.22.032
11424,HEAT TRANSFER EQUIPMENT,PERALATAN DAN MESIN,1.3.2.17.01.23.000
11425,Fized Tube Shell Tube HE,PERALATAN DAN MESIN,1.3.2.17.01.23.001
11426,U- Tube Shell Tube HE,PERALATAN DAN MESIN,1.3.2.17.01.23.002
11427,Floating Heat Shell Tube HE,PERALATAN DAN MESIN,1.3.2.17.01.23.003
11428,Bayonet Tube Tube HE,PERALATAN DAN MESIN,1.3.2.17.01.23.004
11429,Spiral Tube Sell Tube HE,PERALATAN DAN MESIN,1.3.2.17.01.23.005
11430,Falling Film Shell Tube HE,PERALATAN DAN MESIN,1.3.2.17.01.23.006
11431,Bent Tube Shell Tube HE,PERALATAN DAN MESIN,1.3.2.17.01.23.007
11432,Doble Pipe HE,PERALATAN DAN MESIN,1.3.2.17.01.23.008
11433,Plate Type HE,PERALATAN DAN MESIN,1.3.2.17.01.23.009
11434,Air Cooled HE,PERALATAN DAN MESIN,1.3.2.17.01.23.010
11435,Colled Tank,PERALATAN DAN MESIN,1.3.2.17.01.23.011
11436,Ectemally Colled Tank,PERALATAN DAN MESIN,1.3.2.17.01.23.012
11437,Jackete Vessel,PERALATAN DAN MESIN,1.3.2.17.01.23.013
11438,Voeced Circulaton Evaporator,PERALATAN DAN MESIN,1.3.2.17.01.23.014
11439,Proppeller Calandria Evaporator,PERALATAN DAN MESIN,1.3.2.17.01.23.015
11440,Natural Circulation Evaporator,PERALATAN DAN MESIN,1.3.2.17.01.23.016
11441,Horizontal Tube Evaporator,PERALATAN DAN MESIN,1.3.2.17.01.23.017
11442,Mechanical Draft Cooling Tower,PERALATAN DAN MESIN,1.3.2.17.01.23.018
11443,Atmosferic Cooling Tower,PERALATAN DAN MESIN,1.3.2.17.01.23.019
11444,Natural Draft Cooling Tower,PERALATAN DAN MESIN,1.3.2.17.01.23.020
11445,Spray Pond,PERALATAN DAN MESIN,1.3.2.17.01.23.021
11446,Cooling Pond,PERALATAN DAN MESIN,1.3.2.17.01.23.022
11447,Repregeration Machine,PERALATAN DAN MESIN,1.3.2.17.01.23.023
11448,heat transfer equipment lainnya (dst),PERALATAN DAN MESIN,1.3.2.17.01.23.024
11449,MECHANICAL PROCES,PERALATAN DAN MESIN,1.3.2.17.01.24.000
11450,Rolling Machine,PERALATAN DAN MESIN,1.3.2.17.01.24.001
11451,Rolling Leveler Machine,PERALATAN DAN MESIN,1.3.2.17.01.24.002
11452,Brushing Machine,PERALATAN DAN MESIN,1.3.2.17.01.24.003
11453,Polishing Machine/Mesin Poles,PERALATAN DAN MESIN,1.3.2.17.01.24.004
11454,Milling Machine (Mechanical Proces),PERALATAN DAN MESIN,1.3.2.17.01.24.005
11455,Powder Press Machine,PERALATAN DAN MESIN,1.3.2.17.01.24.006
11456,Puching Machine,PERALATAN DAN MESIN,1.3.2.17.01.24.007
11457,Scissoring Machine,PERALATAN DAN MESIN,1.3.2.17.01.24.008
11458,Number Stemping Machine,PERALATAN DAN MESIN,1.3.2.17.01.24.009
11459,Roll Swaning Machine,PERALATAN DAN MESIN,1.3.2.17.01.24.010
11460,Drilling Machine,PERALATAN DAN MESIN,1.3.2.17.01.24.011
11461,Engrawing Machine,PERALATAN DAN MESIN,1.3.2.17.01.24.012
11462,Tuming Lathe (Centre Cambling),PERALATAN DAN MESIN,1.3.2.17.01.24.013
11463,Disc Cutting Machine,PERALATAN DAN MESIN,1.3.2.17.01.24.014
11464,Lever Shear,PERALATAN DAN MESIN,1.3.2.17.01.24.015
11465,Parallel Shear,PERALATAN DAN MESIN,1.3.2.17.01.24.016
11466,Rotary Saw,PERALATAN DAN MESIN,1.3.2.17.01.24.017
11467,Fue Element Machining Equipment,PERALATAN DAN MESIN,1.3.2.17.01.24.018
11468,Sand Blasting Machine,PERALATAN DAN MESIN,1.3.2.17.01.24.019
11469,Beryllium Coating Equipment,PERALATAN DAN MESIN,1.3.2.17.01.24.020
11470,Shearing Machine,PERALATAN DAN MESIN,1.3.2.17.01.24.021
11471,Brazing Unit,PERALATAN DAN MESIN,1.3.2.17.01.24.022
11472,Centerlees Grindung Machine,PERALATAN DAN MESIN,1.3.2.17.01.24.023
11473,Scoabling Lathe,PERALATAN DAN MESIN,1.3.2.17.01.24.024
11474,Press,PERALATAN DAN MESIN,1.3.2.17.01.24.025
11475,Survace Grinder,PERALATAN DAN MESIN,1.3.2.17.01.24.026
11476,Drum Elivator,PERALATAN DAN MESIN,1.3.2.17.01.24.027
11477,Diel Grinding Machine,PERALATAN DAN MESIN,1.3.2.17.01.24.028
11478,Equipt For Changing Furace Sin,PERALATAN DAN MESIN,1.3.2.17.01.24.029
11479,Elektromagnetic Agit,PERALATAN DAN MESIN,1.3.2.17.01.24.030
11480,Testrollmachine,PERALATAN DAN MESIN,1.3.2.17.01.24.031
11481,Flow Index Machine,PERALATAN DAN MESIN,1.3.2.17.01.24.032
11482,Driving Machine,PERALATAN DAN MESIN,1.3.2.17.01.24.033
11483,mechanical proces lainnya (dst),PERALATAN DAN MESIN,1.3.2.17.01.24.034
11484,CHEMICAL REAKTION EQUIPMENT,PERALATAN DAN MESIN,1.3.2.17.01.25.000
11485,Slap Reaktor,PERALATAN DAN MESIN,1.3.2.17.01.25.001
11486,Chilindical Reactor,PERALATAN DAN MESIN,1.3.2.17.01.25.002
11487,Tubular Reactor,PERALATAN DAN MESIN,1.3.2.17.01.25.003
11488,Parallepiped Reactor,PERALATAN DAN MESIN,1.3.2.17.01.25.004
11489,Spherical Reactor,PERALATAN DAN MESIN,1.3.2.17.01.25.005
11490,chemical reaktion equipment lainnya (dst),PERALATAN DAN MESIN,1.3.2.17.01.25.006
11491,UNIT PERALATAN PROSES/PRODUKSI LAINNYA,PERALATAN DAN MESIN,1.3.2.17.01.26.000
11492,Compressed Natural Gas (CNG) Conversion Kit,PERALATAN DAN MESIN,1.3.2.17.01.26.001
11493,Peralatan Proses lainnya,PERALATAN DAN MESIN,1.3.2.17.01.26.002
11494,RAMBU - RAMBU,PERALATAN DAN MESIN,1.3.2.18.00.00.000
11495,RAMBU-RAMBU LALU LINTAS DARAT,PERALATAN DAN MESIN,1.3.2.18.01.00.000
11496,RAMBU BERSUAR,PERALATAN DAN MESIN,1.3.2.18.01.01.000
11497,Traffic Light,PERALATAN DAN MESIN,1.3.2.18.01.01.001
11498,Signal Kereta Api,PERALATAN DAN MESIN,1.3.2.18.01.01.002
11499,rambu bersuar lainnya (dst),PERALATAN DAN MESIN,1.3.2.18.01.01.003
11500,RAMBU TIDAK BERSUAR,PERALATAN DAN MESIN,1.3.2.18.01.02.000
11501,Rambu Jalan,PERALATAN DAN MESIN,1.3.2.18.01.02.001
11502,Rambu Papan Tambahan,PERALATAN DAN MESIN,1.3.2.18.01.02.002
11503,Rambu Cermin,PERALATAN DAN MESIN,1.3.2.18.01.02.003
11504,Rambu Jembatan,PERALATAN DAN MESIN,1.3.2.18.01.02.004
11505,Rambu Tanda Ling Delimeter,PERALATAN DAN MESIN,1.3.2.18.01.02.005
11506,Rambu-rambu Larangan,PERALATAN DAN MESIN,1.3.2.18.01.02.006
11507,Rambu-rambu Wajib,PERALATAN DAN MESIN,1.3.2.18.01.02.007
11508,Rambu-rambu Peringatan,PERALATAN DAN MESIN,1.3.2.18.01.02.008
11509,Rambu-rambu Petunjuk/Penuntun,PERALATAN DAN MESIN,1.3.2.18.01.02.009
11510,Guardrail,PERALATAN DAN MESIN,1.3.2.18.01.02.010
11511,rambu tidak bersuar lainnya (dst),PERALATAN DAN MESIN,1.3.2.18.01.02.011
11512,RAMBU-RAMBU LALU LINTAS DARAT LAINNYA,PERALATAN DAN MESIN,1.3.2.18.01.03.000
11513,Rambu-rambu Lalin Darat lainnya,PERALATAN DAN MESIN,1.3.2.18.01.03.001
11514,RAMBU-RAMBU LALU LINTAS UDARA,PERALATAN DAN MESIN,1.3.2.18.02.00.000
11515,RUNWAY/THRESHOLD LIGHT,PERALATAN DAN MESIN,1.3.2.18.02.01.000
11516,Medium Intensity,PERALATAN DAN MESIN,1.3.2.18.02.01.001
11517,High Intensity,PERALATAN DAN MESIN,1.3.2.18.02.01.002
11518,Taxi Way Light,PERALATAN DAN MESIN,1.3.2.18.02.01.003
11519,Run Way Light,PERALATAN DAN MESIN,1.3.2.18.02.01.004
11520,Goose Neck,PERALATAN DAN MESIN,1.3.2.18.02.01.005
11521,runway/threshold light lainnya (dst),PERALATAN DAN MESIN,1.3.2.18.02.01.006
11522,VISUAL APPROACH SLOPE INDICATOR (VASI),PERALATAN DAN MESIN,1.3.2.18.02.02.000
11523,2 Bar VASI,PERALATAN DAN MESIN,1.3.2.18.02.02.001
11524,3 Bar VASI,PERALATAN DAN MESIN,1.3.2.18.02.02.002
11525,P.A.P.I.S ( Precesion Approach Path Indicator System ),PERALATAN DAN MESIN,1.3.2.18.02.02.003
11526,visual approach slope indicator (vasi) lainnya (dst),PERALATAN DAN MESIN,1.3.2.18.02.02.004
11527,APPROACH LIGHT,PERALATAN DAN MESIN,1.3.2.18.02.03.000
11528,High Intensity Approach Light,PERALATAN DAN MESIN,1.3.2.18.02.03.001
11529,Medium Intensity Approach Light,PERALATAN DAN MESIN,1.3.2.18.02.03.002
11530,Low Intensity Approach Light,PERALATAN DAN MESIN,1.3.2.18.02.03.003
11531,Sequence Flashing Light,PERALATAN DAN MESIN,1.3.2.18.02.03.004
11532,approach light lainnya (dst),PERALATAN DAN MESIN,1.3.2.18.02.03.005
11533,RUNWAY IDENTIFICATION LIGHT (REILS),PERALATAN DAN MESIN,1.3.2.18.02.04.000
11534,REILS Master Unit,PERALATAN DAN MESIN,1.3.2.18.02.04.001
11535,REILS Slave Unit,PERALATAN DAN MESIN,1.3.2.18.02.04.002
11536,runway identification light (reils) lainnya (dst),PERALATAN DAN MESIN,1.3.2.18.02.04.003
11537,SIGNAL,PERALATAN DAN MESIN,1.3.2.18.02.05.000
11538,Rotating Beacon,PERALATAN DAN MESIN,1.3.2.18.02.05.001
11539,Illuminated Landing T,PERALATAN DAN MESIN,1.3.2.18.02.05.002
11540,Illuminated Windcone,PERALATAN DAN MESIN,1.3.2.18.02.05.003
11541,Sirine (Signal),PERALATAN DAN MESIN,1.3.2.18.02.05.004
11542,Obstruction Light,PERALATAN DAN MESIN,1.3.2.18.02.05.005
11543,Run Way Traffic Light,PERALATAN DAN MESIN,1.3.2.18.02.05.006
11544,Hazzard Beacon,PERALATAN DAN MESIN,1.3.2.18.02.05.007
11545,signal lainnya (dst),PERALATAN DAN MESIN,1.3.2.18.02.05.008
11546,FLOOD LIGHTS,PERALATAN DAN MESIN,1.3.2.18.02.06.000
11547,Tungsten Halogen Flood Light,PERALATAN DAN MESIN,1.3.2.18.02.06.001
11548,Sodium High Pressure Flood Light,PERALATAN DAN MESIN,1.3.2.18.02.06.002
11549,Mercury Flood Light,PERALATAN DAN MESIN,1.3.2.18.02.06.003
11550,flood lights lainnya (dst),PERALATAN DAN MESIN,1.3.2.18.02.06.004
11551,RAMBU-RAMBU LALU LINTAS UDARA LAINNYA,PERALATAN DAN MESIN,1.3.2.18.02.07.000
11552,Rambu Lalin Udara lainnya,PERALATAN DAN MESIN,1.3.2.18.02.07.001
11553,RAMBU-RAMBU LALU LINTAS LAUT,PERALATAN DAN MESIN,1.3.2.18.03.00.000
11554,RAMBU-RAMBU LALU LINTAS LAUT,PERALATAN DAN MESIN,1.3.2.18.03.01.000
11555,Rambu-Rambu Lalu Lintas Laut,PERALATAN DAN MESIN,1.3.2.18.03.01.001
11556,rambu-rambu lalu lintas laut lainnya (dst),PERALATAN DAN MESIN,1.3.2.18.03.01.002
11557,RAMBU-RAMBU LALU LINTAS LAUT LAINNYA,PERALATAN DAN MESIN,1.3.2.18.03.02.000
11558,Rambu Lalin Laut lainnya,PERALATAN DAN MESIN,1.3.2.18.03.02.001
11559,PERALATAN OLAH RAGA,PERALATAN DAN MESIN,1.3.2.19.00.00.000
11560,PERALATAN OLAH RAGA,PERALATAN DAN MESIN,1.3.2.19.01.00.000
11561,PERALATAN OLAH RAGA ATLETIK,PERALATAN DAN MESIN,1.3.2.19.01.01.000
11562,Lempar Cakram,PERALATAN DAN MESIN,1.3.2.19.01.01.001
11563,Lempar Lembing,PERALATAN DAN MESIN,1.3.2.19.01.01.002
11564,Tolak Peluru,PERALATAN DAN MESIN,1.3.2.19.01.01.003
11565,Alat Lari Gawang,PERALATAN DAN MESIN,1.3.2.19.01.01.004
11566,Galah,PERALATAN DAN MESIN,1.3.2.19.01.01.005
11567,Martil,PERALATAN DAN MESIN,1.3.2.19.01.01.006
11568,Mistar Lompat Tinggi,PERALATAN DAN MESIN,1.3.2.19.01.01.007
11569,Matras Lari,PERALATAN DAN MESIN,1.3.2.19.01.01.008
11570,Start Block,PERALATAN DAN MESIN,1.3.2.19.01.01.009
11571,Meter Line,PERALATAN DAN MESIN,1.3.2.19.01.01.010
11572,Pull Master,PERALATAN DAN MESIN,1.3.2.19.01.01.011
11573,Bak Lompat Tinggi,PERALATAN DAN MESIN,1.3.2.19.01.01.012
11574,Bak Lompat Jauh,PERALATAN DAN MESIN,1.3.2.19.01.01.013
11575,Peralatan Olahraga Atletik lainnya,PERALATAN DAN MESIN,1.3.2.19.01.01.014
11576,PERALATAN PERMAINAN,PERALATAN DAN MESIN,1.3.2.19.01.02.000
11577,Alat Tenis Meja,PERALATAN DAN MESIN,1.3.2.19.01.02.001
11578,Alat Volley,PERALATAN DAN MESIN,1.3.2.19.01.02.002
11579,Alat Bilyard,PERALATAN DAN MESIN,1.3.2.19.01.02.003
11580,Alat Badminton,PERALATAN DAN MESIN,1.3.2.19.01.02.004
11581,Sepatu Roda,PERALATAN DAN MESIN,1.3.2.19.01.02.005
11582,Alat Basket,PERALATAN DAN MESIN,1.3.2.19.01.02.007
11583,Keranjang Bola/Ring,PERALATAN DAN MESIN,1.3.2.19.01.02.009
11584,Raket Tenis,PERALATAN DAN MESIN,1.3.2.19.01.02.013
11585,Net Tenis,PERALATAN DAN MESIN,1.3.2.19.01.02.014
11586,Root,PERALATAN DAN MESIN,1.3.2.19.01.02.016
11587,Alat Golf,PERALATAN DAN MESIN,1.3.2.19.01.02.017
11588,Peralatan Permainan lainnya,PERALATAN DAN MESIN,1.3.2.19.01.02.018
11589,PERALATAN SENAM,PERALATAN DAN MESIN,1.3.2.19.01.03.000
11590,Palang Sejajar,PERALATAN DAN MESIN,1.3.2.19.01.03.001
11591,Palang Kuda,PERALATAN DAN MESIN,1.3.2.19.01.03.002
11592,Matras,PERALATAN DAN MESIN,1.3.2.19.01.03.003
11593,Gelang-Gelang,PERALATAN DAN MESIN,1.3.2.19.01.03.004
11594,Peralatan Fitnes,PERALATAN DAN MESIN,1.3.2.19.01.03.005
11595,Kuda Pelana,PERALATAN DAN MESIN,1.3.2.19.01.03.006
11596,Balance Beem,PERALATAN DAN MESIN,1.3.2.19.01.03.007
11597,Multi Station,PERALATAN DAN MESIN,1.3.2.19.01.03.008
11598,Argocycle,PERALATAN DAN MESIN,1.3.2.19.01.03.009
11599,Treadmill,PERALATAN DAN MESIN,1.3.2.19.01.03.010
11600,Orbitrek,PERALATAN DAN MESIN,1.3.2.19.01.03.011
11601,Heng Up Board,PERALATAN DAN MESIN,1.3.2.19.01.03.012
11602,Sit Up Board,PERALATAN DAN MESIN,1.3.2.19.01.03.013
11603,Beck Up Board,PERALATAN DAN MESIN,1.3.2.19.01.03.014
11604,Damble Set,PERALATAN DAN MESIN,1.3.2.19.01.03.015
11605,Barble Set,PERALATAN DAN MESIN,1.3.2.19.01.03.016
11606,Rak Damble Set,PERALATAN DAN MESIN,1.3.2.19.01.03.017
11607,Rak Darble Set,PERALATAN DAN MESIN,1.3.2.19.01.03.018
11608,Massage Chair,PERALATAN DAN MESIN,1.3.2.19.01.03.019
11609,Massage Foot,PERALATAN DAN MESIN,1.3.2.19.01.03.020
11610,Peralatan Senam lainnya,PERALATAN DAN MESIN,1.3.2.19.01.03.021
11611,PARALATAN OLAH RAGA AIR,PERALATAN DAN MESIN,1.3.2.19.01.04.000
11612,Ski Air,PERALATAN DAN MESIN,1.3.2.19.01.04.001
11613,Ski Diving,PERALATAN DAN MESIN,1.3.2.19.01.04.002
11614,Selancar,PERALATAN DAN MESIN,1.3.2.19.01.04.003
11615,Perahu Karet (Paralatan Olah Raga Air),PERALATAN DAN MESIN,1.3.2.19.01.04.004
11616,Perahu Layar,PERALATAN DAN MESIN,1.3.2.19.01.04.005
11617,Alat Arung Jeram,PERALATAN DAN MESIN,1.3.2.19.01.04.006
11618,Alat Dayung,PERALATAN DAN MESIN,1.3.2.19.01.04.007
11619,Kaca Mata Air,PERALATAN DAN MESIN,1.3.2.19.01.04.008
11620,Full Foot Fin,PERALATAN DAN MESIN,1.3.2.19.01.04.009
11621,Alat Ukur Kedalaman,PERALATAN DAN MESIN,1.3.2.19.01.04.010
11622,Bouyance Kompensator,PERALATAN DAN MESIN,1.3.2.19.01.04.011
11623,HP Kompressor,PERALATAN DAN MESIN,1.3.2.19.01.04.012
11624,Kompas Selam,PERALATAN DAN MESIN,1.3.2.19.01.04.013
11625,Pisau Selam,PERALATAN DAN MESIN,1.3.2.19.01.04.014
11626,Perayu Kayak 1,PERALATAN DAN MESIN,1.3.2.19.01.04.015
11627,Perayu Kayak 2,PERALATAN DAN MESIN,1.3.2.19.01.04.016
11628,Perahu Cano Canadian 1,PERALATAN DAN MESIN,1.3.2.19.01.04.017
11629,Perahu Cano Canadian 2,PERALATAN DAN MESIN,1.3.2.19.01.04.018
11630,Perahu Tradisional/Perahu Naga,PERALATAN DAN MESIN,1.3.2.19.01.04.019
11631,Roowing/Single Scool,PERALATAN DAN MESIN,1.3.2.19.01.04.020
11632,Roowing/Double Scool,PERALATAN DAN MESIN,1.3.2.19.01.04.021
11633,Papan Jumping + Tali + Helm,PERALATAN DAN MESIN,1.3.2.19.01.04.022
11634,Papan Slalom + Tali + Helm,PERALATAN DAN MESIN,1.3.2.19.01.04.023
11635,Papan Trick + Tali + Helm,PERALATAN DAN MESIN,1.3.2.19.01.04.024
11636,Jamping Track,PERALATAN DAN MESIN,1.3.2.19.01.04.025
11637,Motor penarik/Speed Boat,PERALATAN DAN MESIN,1.3.2.19.01.04.026
11638,Pelampung Lintasan,PERALATAN DAN MESIN,1.3.2.19.01.04.027
11639,Optimist,PERALATAN DAN MESIN,1.3.2.19.01.04.028
11640,Enterprise,PERALATAN DAN MESIN,1.3.2.19.01.04.029
11641,Kelas 420,PERALATAN DAN MESIN,1.3.2.19.01.04.030
11642,Kelas 470,PERALATAN DAN MESIN,1.3.2.19.01.04.031
11643,Fireball,PERALATAN DAN MESIN,1.3.2.19.01.04.032
11644,Selancar Angin,PERALATAN DAN MESIN,1.3.2.19.01.04.033
11645,Hobby Cat,PERALATAN DAN MESIN,1.3.2.19.01.04.034
11646,Kiil Boat,PERALATAN DAN MESIN,1.3.2.19.01.04.035
11647,Peralatan Olahraga Air lainnya,PERALATAN DAN MESIN,1.3.2.19.01.04.036
11648,PERALATAN OLAH RAGA UDARA,PERALATAN DAN MESIN,1.3.2.19.01.05.000
11649,Gantole,PERALATAN DAN MESIN,1.3.2.19.01.05.001
11650,Balon Udara,PERALATAN DAN MESIN,1.3.2.19.01.05.002
11651,Payung Udara (Parasut),PERALATAN DAN MESIN,1.3.2.19.01.05.003
11652,Alat Terbang Layang,PERALATAN DAN MESIN,1.3.2.19.01.05.004
11653,Peralatan Olahraga Udara lainnya,PERALATAN DAN MESIN,1.3.2.19.01.05.005
11654,PERALATAN OLAH RAGA LAINNYA,PERALATAN DAN MESIN,1.3.2.19.01.06.000
11655,Catur,PERALATAN DAN MESIN,1.3.2.19.01.06.001
11656,Sarung Tinju,PERALATAN DAN MESIN,1.3.2.19.01.06.002
11657,Sepeda Olah Raga,PERALATAN DAN MESIN,1.3.2.19.01.06.003
11658,Alat Samapta,PERALATAN DAN MESIN,1.3.2.19.01.06.004
11659,Peralatan Olahraga lainnya (dst),PERALATAN DAN MESIN,1.3.2.19.01.06.005
11660,GEDUNG DAN BANGUNAN,GEDUNG DAN BANGUNAN,1.3.3.00.00.00.000
11661,BANGUNAN GEDUNG,GEDUNG DAN BANGUNAN,1.3.3.01.00.00.000
11662,BANGUNAN GEDUNG TEMPAT KERJA,GEDUNG DAN BANGUNAN,1.3.3.01.01.00.000
11663,BANGUNAN GEDUNG KANTOR,GEDUNG DAN BANGUNAN,1.3.3.01.01.01.000
11664,Bangunan Gedung Kantor Permanen,GEDUNG DAN BANGUNAN,1.3.3.01.01.01.001
11665,Bangunan Gedung Kantor Semi Permanen,GEDUNG DAN BANGUNAN,1.3.3.01.01.01.002
11666,Bangunan Gedung Kantor Darurat,GEDUNG DAN BANGUNAN,1.3.3.01.01.01.003
11667,Rumah Panel,GEDUNG DAN BANGUNAN,1.3.3.01.01.01.004
11668,Bangunan Gedung Kantor Lain-lain,GEDUNG DAN BANGUNAN,1.3.3.01.01.01.005
11669,BANGUNAN GUDANG,GEDUNG DAN BANGUNAN,1.3.3.01.01.02.000
11670,Bangunan Gudang Tertutup Permanen,GEDUNG DAN BANGUNAN,1.3.3.01.01.02.001
11671,Bangunan Gudang Tertutup Semi Permanen,GEDUNG DAN BANGUNAN,1.3.3.01.01.02.002
11672,Bangunan Gudang Tertutup Darurat,GEDUNG DAN BANGUNAN,1.3.3.01.01.02.003
11673,Bangunan Gudang Terbuka Permanen,GEDUNG DAN BANGUNAN,1.3.3.01.01.02.004
11674,Bangunan Gudang Terbuka Semi Permanen,GEDUNG DAN BANGUNAN,1.3.3.01.01.02.005
11675,Bangunan Gudang Terbuka Darurat,GEDUNG DAN BANGUNAN,1.3.3.01.01.02.006
11676,Bangunan Gudang Penyimpanan Limbah Radioaktif Sementara (Intern Storage),GEDUNG DAN BANGUNAN,1.3.3.01.01.02.007
11677,Bangunan Gudang Penyimpanan Limbah Radioaktif Permanen,GEDUNG DAN BANGUNAN,1.3.3.01.01.02.008
11678,Bangunan Gudang Penyimpanan Limbah Radioaktif Aktivitas Tinggi,GEDUNG DAN BANGUNAN,1.3.3.01.01.02.009
11679,Bangunan Gudang Penyimpanan Limbah Radioaktif Cair,GEDUNG DAN BANGUNAN,1.3.3.01.01.02.010
11680,Bangunan Gudang Penyimpanan Limbah Radioaktif Padat,GEDUNG DAN BANGUNAN,1.3.3.01.01.02.011
11681,Bangunan Gudang Penyimpanan Limbah Radioaktif Gas,GEDUNG DAN BANGUNAN,1.3.3.01.01.02.012
11682,Bangunan Gudang Penyimpanan Limbah Radioaktif Lainnya,GEDUNG DAN BANGUNAN,1.3.3.01.01.02.013
11683,Bangunan Gudang Lain-lain (dst),GEDUNG DAN BANGUNAN,1.3.3.01.01.02.014
11684,BANGUNAN GEDUNG UNTUK BENGKEL/HANGGAR,GEDUNG DAN BANGUNAN,1.3.3.01.01.03.000
11685,Bangunan Bengkel/Hanggar Permanen,GEDUNG DAN BANGUNAN,1.3.3.01.01.03.001
11686,Bangunan Bengkel /Hanggar Semi Permanen,GEDUNG DAN BANGUNAN,1.3.3.01.01.03.002
11687,Bangunan Bengkel /Hanggar Darurat,GEDUNG DAN BANGUNAN,1.3.3.01.01.03.003
11688,Bangunan Depo Kereta Api,GEDUNG DAN BANGUNAN,1.3.3.01.01.03.004
11689,Bangunan Gudang Untuk Bengkel Lain-lain,GEDUNG DAN BANGUNAN,1.3.3.01.01.03.005
11690,BANGUNAN GEDUNG INSTALASI,GEDUNG DAN BANGUNAN,1.3.3.01.01.04.000
11691,Gedung Instalasi Studio,GEDUNG DAN BANGUNAN,1.3.3.01.01.04.001
11692,Gedung Instalasi Pemancar,GEDUNG DAN BANGUNAN,1.3.3.01.01.04.002
11693,Bangunan Gedung Instalasi Radar,GEDUNG DAN BANGUNAN,1.3.3.01.01.04.003
11694,Bangunan Gedung Reaktor Nuklir,GEDUNG DAN BANGUNAN,1.3.3.01.01.04.004
11695,Bangunan Gedung Instalasi Pertahanan dan Keamanan,GEDUNG DAN BANGUNAN,1.3.3.01.01.04.005
11696,Bangunan Gedung Instalasi lain-lain,GEDUNG DAN BANGUNAN,1.3.3.01.01.04.006
11697,Bangunan Gedung Instalasi Permanen,GEDUNG DAN BANGUNAN,1.3.3.01.01.04.007
11698,Bangunan Gedung Instalasi Semi Permanen,GEDUNG DAN BANGUNAN,1.3.3.01.01.04.008
11699,Bangunan Gedung Instalasi Darurat,GEDUNG DAN BANGUNAN,1.3.3.01.01.04.009
11700,BANGUNAN GEDUNG LABORATORIUM,GEDUNG DAN BANGUNAN,1.3.3.01.01.05.000
11701,Bangunan Gedung Laboratorium Permanen,GEDUNG DAN BANGUNAN,1.3.3.01.01.05.001
11702,Bangunan Gedung Laboratorium Semi Permanen,GEDUNG DAN BANGUNAN,1.3.3.01.01.05.002
11703,Bangunan Gedung Laboratorium Darurat,GEDUNG DAN BANGUNAN,1.3.3.01.01.05.003
11704,Bangunan Gedung Laboratorium Lain-lain (dst),GEDUNG DAN BANGUNAN,1.3.3.01.01.05.004
11705,BANGUNAN KESEHATAN,GEDUNG DAN BANGUNAN,1.3.3.01.01.06.000
11706,Bangunan Rumah Sakit Umum,GEDUNG DAN BANGUNAN,1.3.3.01.01.06.001
11707,Bangunan Rumah Sakit Khusus,GEDUNG DAN BANGUNAN,1.3.3.01.01.06.002
11708,Bangunan Rumah Sakit Kusta,GEDUNG DAN BANGUNAN,1.3.3.01.01.06.003
11709,Bangunan Rumah Sakit Jiwa,GEDUNG DAN BANGUNAN,1.3.3.01.01.06.004
11710,Bangunan Rumah Sakit Paru-Paru,GEDUNG DAN BANGUNAN,1.3.3.01.01.06.005
11711,Bangunan Rumah Sakit Gigi,GEDUNG DAN BANGUNAN,1.3.3.01.01.06.006
11712,Bangunan Rumah Sakit Jantung,GEDUNG DAN BANGUNAN,1.3.3.01.01.06.007
11713,Bangunan Rumah Sakit Kanker,GEDUNG DAN BANGUNAN,1.3.3.01.01.06.008
11714,Bangunan Rumah Sakit Bersalin Dan Lain-Lain,GEDUNG DAN BANGUNAN,1.3.3.01.01.06.009
11715,Bangunan Klinik/Puskesmas,GEDUNG DAN BANGUNAN,1.3.3.01.01.06.010
11716,Bangunan Rumah Sakit Hewan,GEDUNG DAN BANGUNAN,1.3.3.01.01.06.011
11717,Bangunan Puskesmas Pembantu,GEDUNG DAN BANGUNAN,1.3.3.01.01.06.012
11718,Bangunan Tempat Praktek Dokter,GEDUNG DAN BANGUNAN,1.3.3.01.01.06.013
11719,Bangunan Tempat Praktek Bidan,GEDUNG DAN BANGUNAN,1.3.3.01.01.06.014
11720,Bangunan Posyandu,GEDUNG DAN BANGUNAN,1.3.3.01.01.06.015
11721,Bangunan Polindes (Pondok Bersalin Desa),GEDUNG DAN BANGUNAN,1.3.3.01.01.06.016
11722,Banguan Apotik,GEDUNG DAN BANGUNAN,1.3.3.01.01.06.017
11723,Bangunan Toko khusus obat/jamu,GEDUNG DAN BANGUNAN,1.3.3.01.01.06.018
11724,Bangunan Rumah Sakit Lain-lain dst,GEDUNG DAN BANGUNAN,1.3.3.01.01.06.019
11725,BANGUNAN OCEANARIUM/OBSERVATORIUM,GEDUNG DAN BANGUNAN,1.3.3.01.01.07.000
11726,Bangunan Oceanarium/Observatorium Permanen,GEDUNG DAN BANGUNAN,1.3.3.01.01.07.001
11727,Bangunan Oceanarium/Observatorium Semi Permanen,GEDUNG DAN BANGUNAN,1.3.3.01.01.07.002
11728,Bangunan Oceanarium/Observatorium Darurat,GEDUNG DAN BANGUNAN,1.3.3.01.01.07.003
11729,Bangunan Oceanarium Lain-lain (dst),GEDUNG DAN BANGUNAN,1.3.3.01.01.07.004
11730,BANGUNAN GEDUNG TEMPAT IBADAH,GEDUNG DAN BANGUNAN,1.3.3.01.01.08.000
11731,Bangunan Gedung Tempat Ibadah Permanen,GEDUNG DAN BANGUNAN,1.3.3.01.01.08.001
11732,Bangunan Gedung Tempat Ibadah Semi Permanen,GEDUNG DAN BANGUNAN,1.3.3.01.01.08.002
11733,Bangunan Gedung Tempat Ibadah Darurat,GEDUNG DAN BANGUNAN,1.3.3.01.01.08.003
11734,Bangunan Tempat Ibadah Lain-lain (dst),GEDUNG DAN BANGUNAN,1.3.3.01.01.08.004
11735,BANGUNAN GEDUNG TEMPAT PERTEMUAN,GEDUNG DAN BANGUNAN,1.3.3.01.01.09.000
11736,Bangunan Gedung Pertemuan Permanen,GEDUNG DAN BANGUNAN,1.3.3.01.01.09.001
11737,Bangunan Gedung Pertemuan Semi Permanen,GEDUNG DAN BANGUNAN,1.3.3.01.01.09.002
11738,Bangunan Gedung Pertemuan Darurat,GEDUNG DAN BANGUNAN,1.3.3.01.01.09.003
11739,Bangunan Gedung Hiburan/Kesenian Permanen,GEDUNG DAN BANGUNAN,1.3.3.01.01.09.004
11740,Bangunan Gedung Hiburan/Kesenian Semi Permanen,GEDUNG DAN BANGUNAN,1.3.3.01.01.09.005
11741,Bangunan Gedung Hiburan/Kesenian Darurat,GEDUNG DAN BANGUNAN,1.3.3.01.01.09.006
11742,Bangunan Tempat Pertemuan Lain-lain (dst),GEDUNG DAN BANGUNAN,1.3.3.01.01.09.007
11743,BANGUNAN GEDUNG TEMPAT PENDIDIKAN,GEDUNG DAN BANGUNAN,1.3.3.01.01.10.000
11744,Bangunan Gedung Pendidikan Permanen,GEDUNG DAN BANGUNAN,1.3.3.01.01.10.001
11745,Bangunan Gedung Pendidikan Semi Permanen,GEDUNG DAN BANGUNAN,1.3.3.01.01.10.002
11746,Bangunan Gedung Pendidikan Darurat,GEDUNG DAN BANGUNAN,1.3.3.01.01.10.003
11747,Bangunan Gedung Pendidikan dan Latihan,GEDUNG DAN BANGUNAN,1.3.3.01.01.10.004
11748,Bangunan Tmpt Pendidikan Lain-lain (dst),GEDUNG DAN BANGUNAN,1.3.3.01.01.10.005
11749,BANGUNAN GEDUNG TEMPAT OLAH RAGA,GEDUNG DAN BANGUNAN,1.3.3.01.01.11.000
11750,Gedung Olah Raga Tetutup Permanen,GEDUNG DAN BANGUNAN,1.3.3.01.01.11.001
11751,Gedung Olah Raga Tertutup Semi Permanen,GEDUNG DAN BANGUNAN,1.3.3.01.01.11.002
11752,Gedung Olah Raga Tertutup Darurat,GEDUNG DAN BANGUNAN,1.3.3.01.01.11.003
11753,Bangunan Olah Raga Terbuka Permanen,GEDUNG DAN BANGUNAN,1.3.3.01.01.11.004
11754,Bangunan Olah Raga Terbuka Semi Permanen,GEDUNG DAN BANGUNAN,1.3.3.01.01.11.005
11755,Bangunan Olah Raga Terbuka Darurat,GEDUNG DAN BANGUNAN,1.3.3.01.01.11.006
11756,Bangunan Gedung Olah Raga Kolam Renang,GEDUNG DAN BANGUNAN,1.3.3.01.01.11.007
11757,Bangunan Gedung Tempat OR Lain-lain (dst),GEDUNG DAN BANGUNAN,1.3.3.01.01.11.008
11758,BANGUNAN GEDUNG PERTOKOAN/KOPERASI/PASAR,GEDUNG DAN BANGUNAN,1.3.3.01.01.12.000
11759,Gedung Pertokoan/Koperasi/Pasar Permanen,GEDUNG DAN BANGUNAN,1.3.3.01.01.12.001
11760,Gedung Pertokoan/Koperasi/Pasar Semi Permanen,GEDUNG DAN BANGUNAN,1.3.3.01.01.12.002
11761,Gedung Pertokoan/Koperasi/Pasar Darurat,GEDUNG DAN BANGUNAN,1.3.3.01.01.12.003
11762,Bangunan Gedung Pertokoan Lain-lain (dst),GEDUNG DAN BANGUNAN,1.3.3.01.01.12.004
11763,BANGUNAN GEDUNG UNTUK POS JAGA,GEDUNG DAN BANGUNAN,1.3.3.01.01.13.000
11764,Gedung Pos Jaga Permanen,GEDUNG DAN BANGUNAN,1.3.3.01.01.13.001
11765,Gedung Pos Jaga Semi Permanen,GEDUNG DAN BANGUNAN,1.3.3.01.01.13.002
11766,Gedung Pos Jaga Darurat,GEDUNG DAN BANGUNAN,1.3.3.01.01.13.003
11767,Gedung Menara Peninjau Permanen,GEDUNG DAN BANGUNAN,1.3.3.01.01.13.004
11768,Gedung Menara Peninjau Semi Permanen,GEDUNG DAN BANGUNAN,1.3.3.01.01.13.005
11769,Gedung Menara Peninjau Darurat,GEDUNG DAN BANGUNAN,1.3.3.01.01.13.006
11770,Gedung Pos Pamtas Permanen,GEDUNG DAN BANGUNAN,1.3.3.01.01.13.007
11771,Gedung Pos Pamtas Semi Permanen,GEDUNG DAN BANGUNAN,1.3.3.01.01.13.008
11772,Gedung Pos Pamtas Darurat,GEDUNG DAN BANGUNAN,1.3.3.01.01.13.009
11773,Bangunan Gedung untuk Pos Jaga Lain-lain (dst),GEDUNG DAN BANGUNAN,1.3.3.01.01.13.010
11774,BANGUNAN GEDUNG GARASI/POOL,GEDUNG DAN BANGUNAN,1.3.3.01.01.14.000
11775,Gedung Garasi/Pool Permanen,GEDUNG DAN BANGUNAN,1.3.3.01.01.14.001
11776,Gedung Garasi/Pool Semi Permanen,GEDUNG DAN BANGUNAN,1.3.3.01.01.14.002
11777,Gedung Garasi/Pool Darurat,GEDUNG DAN BANGUNAN,1.3.3.01.01.14.003
11778,Bangunan Gedung Garasi/Pool Lain-lain (dst),GEDUNG DAN BANGUNAN,1.3.3.01.01.14.004
11779,BANGUNAN GEDUNG PEMOTONG HEWAN,GEDUNG DAN BANGUNAN,1.3.3.01.01.15.000
11780,Gedung Pemotong Hewan Permanen,GEDUNG DAN BANGUNAN,1.3.3.01.01.15.001
11781,Gedung Pemotong Hewan Semi Permanen,GEDUNG DAN BANGUNAN,1.3.3.01.01.15.002
11782,Gedung Pemotong Hewan Darurat,GEDUNG DAN BANGUNAN,1.3.3.01.01.15.003
11783,Bangunan Gedung Pemotongan Hewan Lain-lain (dst),GEDUNG DAN BANGUNAN,1.3.3.01.01.15.004
11784,BANGUNAN GEDUNG PERPUSTAKAAN,GEDUNG DAN BANGUNAN,1.3.3.01.01.16.000
11785,Bangunan Gedung Perpustakaan Permanen,GEDUNG DAN BANGUNAN,1.3.3.01.01.16.001
11786,Bangunan Gedung Perpustakaan Semi Permanen,GEDUNG DAN BANGUNAN,1.3.3.01.01.16.002
11787,Bangunan Gedung Perpustakaan Darurat,GEDUNG DAN BANGUNAN,1.3.3.01.01.16.003
11788,Bangunan Gedung Perpustakaan Lain-lain (dst),GEDUNG DAN BANGUNAN,1.3.3.01.01.16.004
11789,BANGUNAN GEDUNG MUSIUM,GEDUNG DAN BANGUNAN,1.3.3.01.01.17.000
11790,Bangunan Gedung Musium Permanen,GEDUNG DAN BANGUNAN,1.3.3.01.01.17.001
11791,Bangunan Gedung Musium Semi Permanen,GEDUNG DAN BANGUNAN,1.3.3.01.01.17.002
11792,Bangunan Gedung Musium Darurat,GEDUNG DAN BANGUNAN,1.3.3.01.01.17.003
11793,Bangunan Gedung Museum Lain-lain (dst),GEDUNG DAN BANGUNAN,1.3.3.01.01.17.004
11794,BANGUNAN GEDUNG TERMINAL/PELABUHAN/BANDARA,GEDUNG DAN BANGUNAN,1.3.3.01.01.18.000
11795,Bangunan Gedung Terminal/Pelabuhan/Bandara Permanen,GEDUNG DAN BANGUNAN,1.3.3.01.01.18.001
11796,Bangunan Gedung Terminal/Pelabuhan/Bandara Semi Permanen,GEDUNG DAN BANGUNAN,1.3.3.01.01.18.002
11797,Bangunan Gedung Terminal/Pelabuhan/Bandara Darurat,GEDUNG DAN BANGUNAN,1.3.3.01.01.18.003
11798,Bangunan Halte/Shelter,GEDUNG DAN BANGUNAN,1.3.3.01.01.18.004
11799,Bangunan Gedung Terminal Lain-lain (dst),GEDUNG DAN BANGUNAN,1.3.3.01.01.18.005
11800,BANGUNAN PENGUJIAN KELAIKAN,GEDUNG DAN BANGUNAN,1.3.3.01.01.19.000
11801,Bangunan Pengujian Kelaikan Permanen,GEDUNG DAN BANGUNAN,1.3.3.01.01.19.001
11802,Bangunan Pengujian Kelaikan Semi Permanen,GEDUNG DAN BANGUNAN,1.3.3.01.01.19.002
11803,Bangunan Pengujian Kelaikan Darurat,GEDUNG DAN BANGUNAN,1.3.3.01.01.19.003
11804,Bangunan Pengujian Kelaikan Lain-lain (dst),GEDUNG DAN BANGUNAN,1.3.3.01.01.19.004
11805,BANGUNAN GEDUNG LEMBAGA PEMASYARAKATAN,GEDUNG DAN BANGUNAN,1.3.3.01.01.20.000
11806,Bangunan Gedung L P Kelas I,GEDUNG DAN BANGUNAN,1.3.3.01.01.20.001
11807,Bangunan Gedung L P Kelas II,GEDUNG DAN BANGUNAN,1.3.3.01.01.20.002
11808,Bangunan LP Lain-lain,GEDUNG DAN BANGUNAN,1.3.3.01.01.20.003
11809,BANGUNAN RUMAH TAHANAN,GEDUNG DAN BANGUNAN,1.3.3.01.01.21.000
11810,Bangunan Gedung Rutan Kelas I,GEDUNG DAN BANGUNAN,1.3.3.01.01.21.001
11811,Bangunan Gedung Rutan Kelas II,GEDUNG DAN BANGUNAN,1.3.3.01.01.21.002
11812,Gedung Tahanan Karantina,GEDUNG DAN BANGUNAN,1.3.3.01.01.21.003
11813,Bangunan Rutan Lain-lain (dst),GEDUNG DAN BANGUNAN,1.3.3.01.01.21.004
11814,BANGUNAN GEDUNG KREMATORIUM,GEDUNG DAN BANGUNAN,1.3.3.01.01.22.000
11815,Bangunan Gedung Krematorium Permanen,GEDUNG DAN BANGUNAN,1.3.3.01.01.22.001
11816,Bangunan Gedung Krematorium Semi Permanen,GEDUNG DAN BANGUNAN,1.3.3.01.01.22.002
11817,Bangunan Gedung Krematorium Darurat,GEDUNG DAN BANGUNAN,1.3.3.01.01.22.003
11818,Bangunan Gedung Krematorium Lain-lain (dst),GEDUNG DAN BANGUNAN,1.3.3.01.01.22.004
11819,BANGUNAN PEMBAKARAN BANGKAI HEWAN,GEDUNG DAN BANGUNAN,1.3.3.01.01.23.000
11820,Bangunan Pembakaran Bangkai Hewan Permanen,GEDUNG DAN BANGUNAN,1.3.3.01.01.23.001
11821,Bangunan Pembakaran Bangkai Hewan Semi Permanen,GEDUNG DAN BANGUNAN,1.3.3.01.01.23.002
11822,Bangunan Pembakaran Bangkai Hewan Darurat,GEDUNG DAN BANGUNAN,1.3.3.01.01.23.003
11823,Bangunan Pembakaran Bangkai Lain-lain (dst),GEDUNG DAN BANGUNAN,1.3.3.01.01.23.004
11824,BANGUNAN TEMPAT PERSIDANGAN,GEDUNG DAN BANGUNAN,1.3.3.01.01.24.000
11825,Bangunan Tempat Sidang/Zitting Plaat,GEDUNG DAN BANGUNAN,1.3.3.01.01.24.001
11826,Bangunan Tempat Sidang/Zitting Plaat Lain-lain (dst),GEDUNG DAN BANGUNAN,1.3.3.01.01.24.002
11827,BANGUNAN TERBUKA,GEDUNG DAN BANGUNAN,1.3.3.01.01.25.000
11828,Bangunan Lantai Jemur Permanen,GEDUNG DAN BANGUNAN,1.3.3.01.01.25.001
11829,Bangunan Lantai Jemur Semi Permanen,GEDUNG DAN BANGUNAN,1.3.3.01.01.25.002
11830,Bangunan Lantai Jemur Jalur Darurat,GEDUNG DAN BANGUNAN,1.3.3.01.01.25.003
11831,Selasar,GEDUNG DAN BANGUNAN,1.3.3.01.01.25.004
11832,Bangunan Lantai Jemur Lain-lain (dst),GEDUNG DAN BANGUNAN,1.3.3.01.01.25.005
11833,BANGUNAN PENAMPUNG SEKAM,GEDUNG DAN BANGUNAN,1.3.3.01.01.26.000
11834,Bangunan Penampung Sekam Permanen,GEDUNG DAN BANGUNAN,1.3.3.01.01.26.001
11835,Bangunan Penampung Sekam Semi Permanen,GEDUNG DAN BANGUNAN,1.3.3.01.01.26.002
11836,Bangunan Penampung Sekam Darurat,GEDUNG DAN BANGUNAN,1.3.3.01.01.26.003
11837,Bangunan Penampung Sekam lain-lain (dst),GEDUNG DAN BANGUNAN,1.3.3.01.01.26.004
11838,BANGUNAN TEMPAT PELELANGAN IKAN (TPI),GEDUNG DAN BANGUNAN,1.3.3.01.01.27.000
11839,Bangunan TPI Permanen,GEDUNG DAN BANGUNAN,1.3.3.01.01.27.001
11840,Bangunan TPI Semi Permanen,GEDUNG DAN BANGUNAN,1.3.3.01.01.27.002
11841,Bangunan TPI Darurat,GEDUNG DAN BANGUNAN,1.3.3.01.01.27.003
11842,Bangunan TPI Lain-lain,GEDUNG DAN BANGUNAN,1.3.3.01.01.27.004
11843,BANGUNAN INDUSTRI,GEDUNG DAN BANGUNAN,1.3.3.01.01.28.000
11844,Bangunan Industri Makanan,GEDUNG DAN BANGUNAN,1.3.3.01.01.28.001
11845,Bangunan Industri Minuman,GEDUNG DAN BANGUNAN,1.3.3.01.01.28.002
11846,Bangunan Industri alat RT,GEDUNG DAN BANGUNAN,1.3.3.01.01.28.003
11847,Bangunan Industri Pakaian/Garment,GEDUNG DAN BANGUNAN,1.3.3.01.01.28.004
11848,Bangunan Industri Baja/Besi/Logam,GEDUNG DAN BANGUNAN,1.3.3.01.01.28.005
11849,Bangunan Industri Pengemasan,GEDUNG DAN BANGUNAN,1.3.3.01.01.28.006
11850,Bangunan Industri Bengkel,GEDUNG DAN BANGUNAN,1.3.3.01.01.28.007
11851,Bangunan Industri Penyulingan Minyak,GEDUNG DAN BANGUNAN,1.3.3.01.01.28.008
11852,Bangunan Industri Kimia Dan Pupuk,GEDUNG DAN BANGUNAN,1.3.3.01.01.28.009
11853,Bangunan Industri Obat-Obatan,GEDUNG DAN BANGUNAN,1.3.3.01.01.28.010
11854,Bangunan Industri Semen,GEDUNG DAN BANGUNAN,1.3.3.01.01.28.011
11855,Bangunan Industri Batu-Bata/Batako,GEDUNG DAN BANGUNAN,1.3.3.01.01.28.012
11856,Bangunan Industri Genteng,GEDUNG DAN BANGUNAN,1.3.3.01.01.28.013
11857,Bangunan Industri Percetakan,GEDUNG DAN BANGUNAN,1.3.3.01.01.28.014
11858,Bangunan Industri Tekstil,GEDUNG DAN BANGUNAN,1.3.3.01.01.28.015
11859,Bangunan Industri Alat Olah Raga,GEDUNG DAN BANGUNAN,1.3.3.01.01.28.016
11860,Bangunan Industri Kendaraan/Otomotif,GEDUNG DAN BANGUNAN,1.3.3.01.01.28.017
11861,Bangunan Industri Persenjataan,GEDUNG DAN BANGUNAN,1.3.3.01.01.28.018
11862,Bangunan Industri Kapal Udara,GEDUNG DAN BANGUNAN,1.3.3.01.01.28.019
11863,Bangunan Industri Kapal Laut,GEDUNG DAN BANGUNAN,1.3.3.01.01.28.020
11864,Bangunan Industri Kereta Api,GEDUNG DAN BANGUNAN,1.3.3.01.01.28.021
11865,Bangunan Industri Keramik/Marmer,GEDUNG DAN BANGUNAN,1.3.3.01.01.28.022
11866,Bangunan Pabrik Es,GEDUNG DAN BANGUNAN,1.3.3.01.01.28.023
11867,Bangunan Pasar Ikan Higienis/ PIH,GEDUNG DAN BANGUNAN,1.3.3.01.01.28.024
11868,Bangunan Depo Pasar Ikan,GEDUNG DAN BANGUNAN,1.3.3.01.01.28.025
11869,Bangunan Pasar/ Raiser Ikan Hias,GEDUNG DAN BANGUNAN,1.3.3.01.01.28.026
11870,Bangunan Pasar lain-lain (dst),GEDUNG DAN BANGUNAN,1.3.3.01.01.28.027
11871,BANGUNAN PETERNAKAN/PERIKANAN,GEDUNG DAN BANGUNAN,1.3.3.01.01.29.000
11872,Bangunan Untuk Kandang,GEDUNG DAN BANGUNAN,1.3.3.01.01.29.001
11873,Bangunan Kolam/Bak Ikan,GEDUNG DAN BANGUNAN,1.3.3.01.01.29.002
11874,Bangunan Pembesar Ikan,GEDUNG DAN BANGUNAN,1.3.3.01.01.29.003
11875,Bangunan Peternakan/Perikanan Lain-lain (dst),GEDUNG DAN BANGUNAN,1.3.3.01.01.29.004
11876,BANGUNAN GEDUNG TEMPAT KERJA LAINNYA,GEDUNG DAN BANGUNAN,1.3.3.01.01.30.000
11877,Bangunan Gedung Tempat Kerja Lainnya Permanen,GEDUNG DAN BANGUNAN,1.3.3.01.01.30.001
11878,Bangunan Gedung Tempat Kerja Lainnya Semi Permanen,GEDUNG DAN BANGUNAN,1.3.3.01.01.30.002
11879,Bangunan Gedung Tempat Kerja Lainnya Darurat,GEDUNG DAN BANGUNAN,1.3.3.01.01.30.003
11880,Gedung Pengujian Kendaraan Lainnya,GEDUNG DAN BANGUNAN,1.3.3.01.01.30.004
11881,Bangunan Tempat Kerja Lain-lain (dst),GEDUNG DAN BANGUNAN,1.3.3.01.01.30.005
11882,BANGUNAN PERALATAN GEOFISIKA,GEDUNG DAN BANGUNAN,1.3.3.01.01.31.000
11883,Bunker Seismik Vault,GEDUNG DAN BANGUNAN,1.3.3.01.01.31.001
11884,Bangunan Seismik Vault di Atas Tanah,GEDUNG DAN BANGUNAN,1.3.3.01.01.31.002
11885,Bangunan Magnet Bumi,GEDUNG DAN BANGUNAN,1.3.3.01.01.31.003
11886,Bangunan Pilar Gaya Berat,GEDUNG DAN BANGUNAN,1.3.3.01.01.31.004
11887,Bangunan Teropong Bintang Transit,GEDUNG DAN BANGUNAN,1.3.3.01.01.31.005
11888,Bangunan Rukyat Hilal,GEDUNG DAN BANGUNAN,1.3.3.01.01.31.006
11889,Bangunan Peralatan Geofisika Lain-lain (dst),GEDUNG DAN BANGUNAN,1.3.3.01.01.31.007
11890,BANGUNAN FASILITAS UMUM,GEDUNG DAN BANGUNAN,1.3.3.01.01.32.000
11891,Bangunan Tempat Parkir,GEDUNG DAN BANGUNAN,1.3.3.01.01.32.001
11892,Bangunan Tempat Bermain Anak,GEDUNG DAN BANGUNAN,1.3.3.01.01.32.002
11893,Bangunan Penerangan Jalan,GEDUNG DAN BANGUNAN,1.3.3.01.01.32.003
11894,Bangunan Penerangan Taman,GEDUNG DAN BANGUNAN,1.3.3.01.01.32.004
11895,Bangunan Fasilitas Umum lainnya,GEDUNG DAN BANGUNAN,1.3.3.01.01.32.005
11896,BANGUNAN PARKIR,GEDUNG DAN BANGUNAN,1.3.3.01.01.33.000
11897,Bangunan Parkir Terbuka Permanen,GEDUNG DAN BANGUNAN,1.3.3.01.01.33.001
11898,Bangunan Parkir Terbuka Semi Permanen,GEDUNG DAN BANGUNAN,1.3.3.01.01.33.002
11899,Bangunan Parkir Terbuka Darurat,GEDUNG DAN BANGUNAN,1.3.3.01.01.33.003
11900,Bangunan Parkir Tertutup Permanen,GEDUNG DAN BANGUNAN,1.3.3.01.01.33.004
11901,Bangunan Parkir Tertutup Semi Permanen,GEDUNG DAN BANGUNAN,1.3.3.01.01.33.005
11902,Bangunan Parkir Tertutup Darurat,GEDUNG DAN BANGUNAN,1.3.3.01.01.33.006
11903,Bangunan Parkir lainnya (dst),GEDUNG DAN BANGUNAN,1.3.3.01.01.33.007
11904,BANGUNAN GEDUNG PABRIK,GEDUNG DAN BANGUNAN,1.3.3.01.01.34.000
11905,Bangunan Gedung Pabrik Permanen,GEDUNG DAN BANGUNAN,1.3.3.01.01.34.001
11906,Bangunan Gedung Pabrik Semi Permanen,GEDUNG DAN BANGUNAN,1.3.3.01.01.34.002
11907,Bangunan Gedung Pabrik Darurat,GEDUNG DAN BANGUNAN,1.3.3.01.01.34.003
11908,Bangunan Gedung Pabrik Lain-lain (dst),GEDUNG DAN BANGUNAN,1.3.3.01.01.34.004
11909,BANGUNAN STASIUN BUS,GEDUNG DAN BANGUNAN,1.3.3.01.01.35.000
11910,Bangunan Stasiun Permanen,GEDUNG DAN BANGUNAN,1.3.3.01.01.35.001
11911,Bangunan Stasiun Semi Permanen,GEDUNG DAN BANGUNAN,1.3.3.01.01.35.002
11912,Bangunan Stasiun Darurat,GEDUNG DAN BANGUNAN,1.3.3.01.01.35.003
11913,Bangunan Stasiun Bus Lain-lain (dst),GEDUNG DAN BANGUNAN,1.3.3.01.01.35.004
11914,TAMAN,GEDUNG DAN BANGUNAN,1.3.3.01.01.36.000
11915,Taman Permanen,GEDUNG DAN BANGUNAN,1.3.3.01.01.36.001
11916,Taman Semi Permanen,GEDUNG DAN BANGUNAN,1.3.3.01.01.36.002
11917,Taman lainnya,GEDUNG DAN BANGUNAN,1.3.3.01.01.36.003
11918,BANGUNAN GEDUNG TEMPAT KERJA LAINNYA,GEDUNG DAN BANGUNAN,1.3.3.01.01.37.000
11919,Bangunan gedung Tempat Kerja Lainnya,GEDUNG DAN BANGUNAN,1.3.3.01.01.37.001
11920,BANGUNAN GEDUNG TEMPAT TINGGAL,GEDUNG DAN BANGUNAN,1.3.3.01.02.00.000
11921,RUMAH NEGARA GOLONGAN I,GEDUNG DAN BANGUNAN,1.3.3.01.02.01.000
11922,Rumah Negara Golongan I Tipe A Permanen,GEDUNG DAN BANGUNAN,1.3.3.01.02.01.001
11923,Rumah Negara Golongan I Tipe A Semi Permanen,GEDUNG DAN BANGUNAN,1.3.3.01.02.01.002
11924,Rumah Negara Golongan I Tipe A Darurat,GEDUNG DAN BANGUNAN,1.3.3.01.02.01.003
11925,Rumah Negara Golongan I Tipe B Permanen,GEDUNG DAN BANGUNAN,1.3.3.01.02.01.004
11926,Rumah Negara Golongan I Tipe B Semi Permanen,GEDUNG DAN BANGUNAN,1.3.3.01.02.01.005
11927,Rumah Negara Golongan I Tipe B Darurat,GEDUNG DAN BANGUNAN,1.3.3.01.02.01.006
11928,Rumah Negara Golongan I Tipe C Permanen,GEDUNG DAN BANGUNAN,1.3.3.01.02.01.007
11929,Rumah Negara Golongan I Tipe C Semi Permanen,GEDUNG DAN BANGUNAN,1.3.3.01.02.01.008
11930,Rumah Negara Golongan I Tipe C Darurat,GEDUNG DAN BANGUNAN,1.3.3.01.02.01.009
11931,Rumah Negara Golongan I Tipe D Permanen,GEDUNG DAN BANGUNAN,1.3.3.01.02.01.010
11932,Rumah Negara Golongan I Tipe D Semi Permanen,GEDUNG DAN BANGUNAN,1.3.3.01.02.01.011
11933,Rumah Negara Golongan I Tipe D Darurat,GEDUNG DAN BANGUNAN,1.3.3.01.02.01.012
11934,Rumah Negara Golongan I Tipe E Permanen,GEDUNG DAN BANGUNAN,1.3.3.01.02.01.013
11935,Rumah Negara Golongan I Tipe E Semi Permanen,GEDUNG DAN BANGUNAN,1.3.3.01.02.01.014
11936,Rumah Negara Golongan I Tipe E Darurat,GEDUNG DAN BANGUNAN,1.3.3.01.02.01.015
11937,Rumah Negara Gol I Lain-lain (dst),GEDUNG DAN BANGUNAN,1.3.3.01.02.01.016
11938,RUMAH NEGARA GOLONGAN II,GEDUNG DAN BANGUNAN,1.3.3.01.02.02.000
11939,Rumah Negara Golongan II Tipe A Permanen,GEDUNG DAN BANGUNAN,1.3.3.01.02.02.001
11940,Rumah Negara Golongan II Tipe A Semi Permanen,GEDUNG DAN BANGUNAN,1.3.3.01.02.02.002
11941,Rumah Negara Golongan II Tipe A Darurat,GEDUNG DAN BANGUNAN,1.3.3.01.02.02.003
11942,Rumah Negara Golongan II Tipe B Permanen,GEDUNG DAN BANGUNAN,1.3.3.01.02.02.004
11943,Rumah Negara Golongan II Tipe B Semi Permanen,GEDUNG DAN BANGUNAN,1.3.3.01.02.02.005
11944,Rumah Negara Golongan II Tipe B Darurat,GEDUNG DAN BANGUNAN,1.3.3.01.02.02.006
11945,Rumah Negara Golongan II Tipe C Permanen,GEDUNG DAN BANGUNAN,1.3.3.01.02.02.007
11946,Rumah Negara Golongan II Tipe C Semi Permanen,GEDUNG DAN BANGUNAN,1.3.3.01.02.02.008
11947,Rumah Negara Golongan II Tipe C Darurat,GEDUNG DAN BANGUNAN,1.3.3.01.02.02.009
11948,Rumah Negara Golongan II Tipe D Permanen,GEDUNG DAN BANGUNAN,1.3.3.01.02.02.010
11949,Rumah Negara Golongan II Tipe D Semi Permanen,GEDUNG DAN BANGUNAN,1.3.3.01.02.02.011
11950,Rumah Negara Golongan II Tipe D Darurat,GEDUNG DAN BANGUNAN,1.3.3.01.02.02.012
11951,Rumah Negara Golongan II Tipe E Permanen,GEDUNG DAN BANGUNAN,1.3.3.01.02.02.013
11952,Rumah Negara Golongan II Tipe E Semi Permanen,GEDUNG DAN BANGUNAN,1.3.3.01.02.02.014
11953,Rumah Negara Golongan II Tipe E Darurat,GEDUNG DAN BANGUNAN,1.3.3.01.02.02.015
11954,Rumah Negara Gol II Lain-lain,GEDUNG DAN BANGUNAN,1.3.3.01.02.02.016
11955,RUMAH NEGARA GOLONGAN III,GEDUNG DAN BANGUNAN,1.3.3.01.02.03.000
11956,Rumah Negara Golongan III Tipe A Permanen,GEDUNG DAN BANGUNAN,1.3.3.01.02.03.001
11957,Rumah Negara Golongan III Tipe A Semi Permanen,GEDUNG DAN BANGUNAN,1.3.3.01.02.03.002
11958,Rumah Negara Golongan III Tipe A Darurat,GEDUNG DAN BANGUNAN,1.3.3.01.02.03.003
11959,Rumah Negara Golongan III Tipe B Permanen,GEDUNG DAN BANGUNAN,1.3.3.01.02.03.004
11960,Rumah Negara Golongan III Tipe B Semi Permanen,GEDUNG DAN BANGUNAN,1.3.3.01.02.03.005
11961,Rumah Negara Golongan III Tipe B Darurat,GEDUNG DAN BANGUNAN,1.3.3.01.02.03.006
11962,Rumah Negara Golongan III Tipe C Permanen,GEDUNG DAN BANGUNAN,1.3.3.01.02.03.007
11963,Rumah Negara Golongan III Tipe C Semi Permanen,GEDUNG DAN BANGUNAN,1.3.3.01.02.03.008
11964,Rumah Negara Golongan III Tipe C Darurat,GEDUNG DAN BANGUNAN,1.3.3.01.02.03.009
11965,Rumah Negara Golongan III Tipe D Permanen,GEDUNG DAN BANGUNAN,1.3.3.01.02.03.010
11966,Rumah Negara Golongan III Tipe D Semi Permanen,GEDUNG DAN BANGUNAN,1.3.3.01.02.03.011
11967,Rumah Negara Golongan III Tipe D Darurat,GEDUNG DAN BANGUNAN,1.3.3.01.02.03.012
11968,Rumah Negara Golongan III Tipe E Permanen,GEDUNG DAN BANGUNAN,1.3.3.01.02.03.013
11969,Rumah Negara Golongan III Tipe E Semi Permanen,GEDUNG DAN BANGUNAN,1.3.3.01.02.03.014
11970,Rumah Negara Golongan III Tipe E Darurat,GEDUNG DAN BANGUNAN,1.3.3.01.02.03.015
11971,Rumah Negara Golongan III Lain-lain,GEDUNG DAN BANGUNAN,1.3.3.01.02.03.016
11972,MESS/WISMA/BUNGALOW/TEMPAT PERISTIRAHATAN,GEDUNG DAN BANGUNAN,1.3.3.01.02.04.000
11973,Mess/Wisma/Bungalow/Tempat Peristirahatan Permanen,GEDUNG DAN BANGUNAN,1.3.3.01.02.04.001
11974,Mess/Wisma/Bungalow/Tempat Peristirahatan Semi Permanen,GEDUNG DAN BANGUNAN,1.3.3.01.02.04.002
11975,Mess/Wisma/Bungalow/Tempat Peristirahatan Darurat,GEDUNG DAN BANGUNAN,1.3.3.01.02.04.003
11976,Mess/Wisma/Bungalow/Tempat Peristirahatan Darurat Lain-lain (dst),GEDUNG DAN BANGUNAN,1.3.3.01.02.04.004
11977,ASRAMA,GEDUNG DAN BANGUNAN,1.3.3.01.02.05.000
11978,Asrama Permanen,GEDUNG DAN BANGUNAN,1.3.3.01.02.05.001
11979,Asrama Semi Permanen,GEDUNG DAN BANGUNAN,1.3.3.01.02.05.002
11980,Asrama Darurat,GEDUNG DAN BANGUNAN,1.3.3.01.02.05.003
11981,Bangunan Ramah Bencana,GEDUNG DAN BANGUNAN,1.3.3.01.02.05.004
11982,Asrama Lain-lain (dst),GEDUNG DAN BANGUNAN,1.3.3.01.02.05.005
11983,HOTEL,GEDUNG DAN BANGUNAN,1.3.3.01.02.06.000
11984,Hotel Permanen,GEDUNG DAN BANGUNAN,1.3.3.01.02.06.001
11985,Hotel Semi Permanen,GEDUNG DAN BANGUNAN,1.3.3.01.02.06.002
11986,Hotel Lainnya (dst),GEDUNG DAN BANGUNAN,1.3.3.01.02.06.003
11987,MOTEL,GEDUNG DAN BANGUNAN,1.3.3.01.02.07.000
11988,Motel Permanen,GEDUNG DAN BANGUNAN,1.3.3.01.02.07.001
11989,Motel Semi Permanen,GEDUNG DAN BANGUNAN,1.3.3.01.02.07.002
11990,Motel Lainnya (dst),GEDUNG DAN BANGUNAN,1.3.3.01.02.07.003
11991,FLAT/RUMAH SUSUN,GEDUNG DAN BANGUNAN,1.3.3.01.02.08.000
11992,Flat/Rumah Susun Permanen,GEDUNG DAN BANGUNAN,1.3.3.01.02.08.001
11993,Flat/Rumah Susun Semi Permanen,GEDUNG DAN BANGUNAN,1.3.3.01.02.08.002
11994,Flat/rumah Lain-lain (dst),GEDUNG DAN BANGUNAN,1.3.3.01.02.08.003
11995,RUMAH NEGARA DALAM PROSES PENGGOLONGAN,GEDUNG DAN BANGUNAN,1.3.3.01.02.09.000
11996,Rumah negara dalam proses penggolongan,GEDUNG DAN BANGUNAN,1.3.3.01.02.09.001
11997,Rumah Negara dalam proses penggolongan B,GEDUNG DAN BANGUNAN,1.3.3.01.02.09.002
11998,Rumah Negara dalam proses penggolongan C,GEDUNG DAN BANGUNAN,1.3.3.01.02.09.003
11999,Rumah Negara dalam proses penggolongan D,GEDUNG DAN BANGUNAN,1.3.3.01.02.09.004
12000,Rumah Negara dalam proses penggolongan E,GEDUNG DAN BANGUNAN,1.3.3.01.02.09.005
12001,Rumah Negara dalam proses penggolongan Lain-lain (dst),GEDUNG DAN BANGUNAN,1.3.3.01.02.09.006
12002,PANTI ASUHAN,GEDUNG DAN BANGUNAN,1.3.3.01.02.10.000
12003,Panti asuhan,GEDUNG DAN BANGUNAN,1.3.3.01.02.10.001
12004,Panti Asuhan Lain-lain (dst),GEDUNG DAN BANGUNAN,1.3.3.01.02.10.002
12005,APARTEMEN,GEDUNG DAN BANGUNAN,1.3.3.01.02.11.000
12006,Apartemen,GEDUNG DAN BANGUNAN,1.3.3.01.02.11.001
12007,Apartemen Lain-lain (dst),GEDUNG DAN BANGUNAN,1.3.3.01.02.11.002
12008,RUMAH TIDAK BERSUSUN,GEDUNG DAN BANGUNAN,1.3.3.01.02.12.000
12009,Rumah tidak bersusun,GEDUNG DAN BANGUNAN,1.3.3.01.02.12.001
12010,Rumah Sederhana,GEDUNG DAN BANGUNAN,1.3.3.01.02.12.002
12011,Rumah Khusus,GEDUNG DAN BANGUNAN,1.3.3.01.02.12.003
12012,Rumah Tidak Bersusun Lain-lain (dst),GEDUNG DAN BANGUNAN,1.3.3.01.02.12.004
12013,BANGUNAN GEDUNG TEMPAT TINGGAL LAINNYA,GEDUNG DAN BANGUNAN,1.3.3.01.02.13.000
12014,Bangunan Tempat Tinggal Lainnya,GEDUNG DAN BANGUNAN,1.3.3.01.02.13.001
12015,MONUMEN,GEDUNG DAN BANGUNAN,1.3.3.02.00.00.000
12016,CANDI/TUGU PERINGATAN/PRASASTI,GEDUNG DAN BANGUNAN,1.3.3.02.01.00.000
12017,CANDI,GEDUNG DAN BANGUNAN,1.3.3.02.01.01.000
12018,Candi,GEDUNG DAN BANGUNAN,1.3.3.02.01.01.001
12019,candi lainnya (dst),GEDUNG DAN BANGUNAN,1.3.3.02.01.01.002
12020,TUGU,GEDUNG DAN BANGUNAN,1.3.3.02.01.02.000
12021,Tugu Kemerdekaan,GEDUNG DAN BANGUNAN,1.3.3.02.01.02.001
12022,Tugu Pembangunan,GEDUNG DAN BANGUNAN,1.3.3.02.01.02.002
12023,Tugu Peringatan Lainnya,GEDUNG DAN BANGUNAN,1.3.3.02.01.02.003
12024,tugu lainnya (dst),GEDUNG DAN BANGUNAN,1.3.3.02.01.02.004
12025,BANGUNAN PENINGGALAN,GEDUNG DAN BANGUNAN,1.3.3.02.01.03.000
12026,Istana Peninggalan,GEDUNG DAN BANGUNAN,1.3.3.02.01.03.001
12027,Rumah Adat,GEDUNG DAN BANGUNAN,1.3.3.02.01.03.002
12028,Rumah Peninggalan Sejarah,GEDUNG DAN BANGUNAN,1.3.3.02.01.03.003
12029,Makam Bersejarah,GEDUNG DAN BANGUNAN,1.3.3.02.01.03.004
12030,Bangunan  Tempat Ibadah Bersejarah,GEDUNG DAN BANGUNAN,1.3.3.02.01.03.005
12031,CANDI/TUGU PERINGATAN/PRASASTI LAINNYA,GEDUNG DAN BANGUNAN,1.3.3.02.01.04.000
12032,Monomen/Bangunan Bersejarah Lainnya,GEDUNG DAN BANGUNAN,1.3.3.02.01.04.001
12033,BANGUNAN MENARA,GEDUNG DAN BANGUNAN,1.3.3.03.00.00.000
12034,BANGUNAN MENARA PERAMBUAN,GEDUNG DAN BANGUNAN,1.3.3.03.01.00.000
12035,BANGUNAN MENARA PERAMBUAN PENERANGAN PANTAI,GEDUNG DAN BANGUNAN,1.3.3.03.01.01.000
12036,Menara Suar Listrik Diesel,GEDUNG DAN BANGUNAN,1.3.3.03.01.01.001
12037,Menara Suar Listrik Non Diesel,GEDUNG DAN BANGUNAN,1.3.3.03.01.01.002
12038,Rambu Suar,GEDUNG DAN BANGUNAN,1.3.3.03.01.01.003
12039,Pelampung Suar,GEDUNG DAN BANGUNAN,1.3.3.03.01.01.004
12040,Rambu Tanda Silang,GEDUNG DAN BANGUNAN,1.3.3.03.01.01.005
12041,Bangunan Menara Perambuan Penerang Pantai Lain-lain,GEDUNG DAN BANGUNAN,1.3.3.03.01.01.006
12042,BANGUNAN PERAMBUAN PENERANGAN PANTAI,GEDUNG DAN BANGUNAN,1.3.3.03.01.02.000
12043,Anak Pelampung,GEDUNG DAN BANGUNAN,1.3.3.03.01.02.001
12044,Rambu Berpuncak,GEDUNG DAN BANGUNAN,1.3.3.03.01.02.002
12045,Bangunan Perambut Lain-lain (dst),GEDUNG DAN BANGUNAN,1.3.3.03.01.02.003
12046,BANGUNAN MENARA TELEKOMUNIKASI,GEDUNG DAN BANGUNAN,1.3.3.03.01.03.000
12047,Bangunan Menara Telpon,GEDUNG DAN BANGUNAN,1.3.3.03.01.03.001
12048,Bangunan Menara Radio,GEDUNG DAN BANGUNAN,1.3.3.03.01.03.002
12049,Bangunan Menara Televisi,GEDUNG DAN BANGUNAN,1.3.3.03.01.03.003
12050,Bangunan Menara Pengatur Lalulintas Udara,GEDUNG DAN BANGUNAN,1.3.3.03.01.03.004
12051,Bangunan Menara Antena Microwave/Parabolic,GEDUNG DAN BANGUNAN,1.3.3.03.01.03.005
12052,Bangunan Menara Telekomunikasi Lain-lain (dst),GEDUNG DAN BANGUNAN,1.3.3.03.01.03.006
12053,BANGUNAN MENARA PENGAWAS,GEDUNG DAN BANGUNAN,1.3.3.03.01.04.000
12054,Bangunan Menara Pengawas Permanen,GEDUNG DAN BANGUNAN,1.3.3.03.01.04.001
12055,Bangunan Menara Pengawas Semi Permanen,GEDUNG DAN BANGUNAN,1.3.3.03.01.04.002
12056,Bangunan Menara Pengawas Semi Darurat,GEDUNG DAN BANGUNAN,1.3.3.03.01.04.003
12057,Bangunan Menara Pengawas Lain-lain (dst),GEDUNG DAN BANGUNAN,1.3.3.03.01.04.004
12058,BANGUNAN MENARA PERAMBUAN LAINNYA,GEDUNG DAN BANGUNAN,1.3.3.03.01.05.000
12059,Bangunan menara perambuan lainnya,GEDUNG DAN BANGUNAN,1.3.3.03.01.05.001
12060,TUGU TITIK KONTROL/PASTI,GEDUNG DAN BANGUNAN,1.3.3.04.00.00.000
12061,TUGU/TANDA BATAS,GEDUNG DAN BANGUNAN,1.3.3.04.01.00.000
12062,TUGU/TANDA BATAS ADMINISTRASI,GEDUNG DAN BANGUNAN,1.3.3.04.01.01.000
12063,Tugu/Tanda Batas Administrasi Negara,GEDUNG DAN BANGUNAN,1.3.3.04.01.01.001
12064,Tugu/Tanda Batas Administrasi Propinsi,GEDUNG DAN BANGUNAN,1.3.3.04.01.01.002
12065,Tugu/Tanda Batas Administrasi Kabupaten,GEDUNG DAN BANGUNAN,1.3.3.04.01.01.003
12066,Tugu/Tanda Batas Administrasi Kotamadya,GEDUNG DAN BANGUNAN,1.3.3.04.01.01.004
12067,Tugu/Tanda Batas Administrasi Kota Administratif,GEDUNG DAN BANGUNAN,1.3.3.04.01.01.005
12068,Tugu/Tanda Batas Administrasi Kecamatan,GEDUNG DAN BANGUNAN,1.3.3.04.01.01.006
12069,Tugu/Tanda Batas Administrasi Desa,GEDUNG DAN BANGUNAN,1.3.3.04.01.01.007
12070,Tugu/Tanda Batas Administrasi Kelurahan,GEDUNG DAN BANGUNAN,1.3.3.04.01.01.008
12071,Tugu/Tanda Batas Administrasi Kepemilikan,GEDUNG DAN BANGUNAN,1.3.3.04.01.01.009
12072,Tugu/Tanda Batas Damija (Daerah Milik Jalan),GEDUNG DAN BANGUNAN,1.3.3.04.01.01.010
12073,Tugu/Tanda Batas Damaja (Daerah Manfaat Jalan),GEDUNG DAN BANGUNAN,1.3.3.04.01.01.011
12074,Tugu/Tanda Batas Lain-lain (dst),GEDUNG DAN BANGUNAN,1.3.3.04.01.01.012
12075,TUGU/TANDA JARING KONTROL GEODESI,GEDUNG DAN BANGUNAN,1.3.3.04.01.02.000
12076,Tugu/tanda jaring kontrol geodesi,GEDUNG DAN BANGUNAN,1.3.3.04.01.02.001
12077,Jaring Kontrol Vertikal,GEDUNG DAN BANGUNAN,1.3.3.04.01.02.002
12078,Jaring Kontrol Gaya Berat,GEDUNG DAN BANGUNAN,1.3.3.04.01.02.003
12079,Jaring Kontrol Pasang Surut Paras Muka Laut,GEDUNG DAN BANGUNAN,1.3.3.04.01.02.004
12080,Jaring Kontrol Pasang Surut Sungai Dan Danau,GEDUNG DAN BANGUNAN,1.3.3.04.01.02.005
12081,Jaring Kontrol Pasang Surut Bumi,GEDUNG DAN BANGUNAN,1.3.3.04.01.02.006
12082,Jaring Kontrol Navigasi,GEDUNG DAN BANGUNAN,1.3.3.04.01.02.007
12083,Tugu/Tanda Jaring Kontrol Geodesi Lain-lain (dst),GEDUNG DAN BANGUNAN,1.3.3.04.01.02.008
12084,PILAR/TUGU/TANDA LAINNYA,GEDUNG DAN BANGUNAN,1.3.3.04.01.03.000
12085,Pilar/tugu/tanda lainnya,GEDUNG DAN BANGUNAN,1.3.3.04.01.03.001
12086,Kerangka Dasar Kadastral Orde 3,GEDUNG DAN BANGUNAN,1.3.3.04.01.03.002
12087,Kerangka Dasar Kadastral Orde 4,GEDUNG DAN BANGUNAN,1.3.3.04.01.03.003
12088,Pilar/Tugu/Tanda Lainnya Lain-lain (dst),GEDUNG DAN BANGUNAN,1.3.3.04.01.03.004
12089,PAGAR,GEDUNG DAN BANGUNAN,1.3.3.04.01.04.000
12090,Pagar Permanen,GEDUNG DAN BANGUNAN,1.3.3.04.01.04.001
12091,Pagar Semi Permanen,GEDUNG DAN BANGUNAN,1.3.3.04.01.04.002
12092,Pagar Darurat,GEDUNG DAN BANGUNAN,1.3.3.04.01.04.003
12093,Pagar Lain-lain (dst),GEDUNG DAN BANGUNAN,1.3.3.04.01.04.004
12094,TUGU/TANDA BATAS LAINNYA,GEDUNG DAN BANGUNAN,1.3.3.04.01.05.000
12095,Tugu/tanda batas lainnya,GEDUNG DAN BANGUNAN,1.3.3.04.01.05.001
12096,"JALAN, JARINGAN DAN IRIGASI","JALAN, JARINGAN DAN IRIGASI",1.3.4.00.00.00.000
12097,JALAN DAN JEMBATAN,"JALAN, JARINGAN DAN IRIGASI",1.3.4.01.00.00.000
12098,JALAN,"JALAN, JARINGAN DAN IRIGASI",1.3.4.01.01.00.000
12099,JALAN NASIONAL,"JALAN, JARINGAN DAN IRIGASI",1.3.4.01.01.01.000
12100,Jalan Nasional Arteri,"JALAN, JARINGAN DAN IRIGASI",1.3.4.01.01.01.001
12101,Jalan Nasional Kolektor,"JALAN, JARINGAN DAN IRIGASI",1.3.4.01.01.01.002
12102,Jalan Nasional Bernilai Strategis Nasional,"JALAN, JARINGAN DAN IRIGASI",1.3.4.01.01.01.003
12103,Jalan Nasional Kelas I Lain-lain,"JALAN, JARINGAN DAN IRIGASI",1.3.4.01.01.01.004
12104,JALAN PROPINSI,"JALAN, JARINGAN DAN IRIGASI",1.3.4.01.01.02.000
12105,Jalan Propinsi Arteri,"JALAN, JARINGAN DAN IRIGASI",1.3.4.01.01.02.001
12106,Jalan Propinsi Kolektor,"JALAN, JARINGAN DAN IRIGASI",1.3.4.01.01.02.002
12107,Jalan Propinsi Lokal,"JALAN, JARINGAN DAN IRIGASI",1.3.4.01.01.02.003
12108,Jalan Propinsi Bernilai Strategis Propinsi,"JALAN, JARINGAN DAN IRIGASI",1.3.4.01.01.02.004
12109,Jalan Propinsi Lain-lain,"JALAN, JARINGAN DAN IRIGASI",1.3.4.01.01.02.005
12110,JALAN KABUPATEN,"JALAN, JARINGAN DAN IRIGASI",1.3.4.01.01.03.000
12111,Jalan Kabupaten Arteri,"JALAN, JARINGAN DAN IRIGASI",1.3.4.01.01.03.001
12112,Jalan Kabupaten Kolektor,"JALAN, JARINGAN DAN IRIGASI",1.3.4.01.01.03.002
12113,Jalan Kabupaten Lokal,"JALAN, JARINGAN DAN IRIGASI",1.3.4.01.01.03.003
12114,Jalan Kabupaten Bernilai Strategis Kabupaten,"JALAN, JARINGAN DAN IRIGASI",1.3.4.01.01.03.004
12115,Jalan Kabupaten Lain-lain,"JALAN, JARINGAN DAN IRIGASI",1.3.4.01.01.03.005
12116,JALAN KOTA,"JALAN, JARINGAN DAN IRIGASI",1.3.4.01.01.04.000
12117,Jalan kota,"JALAN, JARINGAN DAN IRIGASI",1.3.4.01.01.04.001
12118,Jalan Kota Kolektor,"JALAN, JARINGAN DAN IRIGASI",1.3.4.01.01.04.002
12119,Jalan Kota Lokal,"JALAN, JARINGAN DAN IRIGASI",1.3.4.01.01.04.003
12120,Jalan Kota Lain-lain (dst),"JALAN, JARINGAN DAN IRIGASI",1.3.4.01.01.04.004
12121,JALAN DESA,"JALAN, JARINGAN DAN IRIGASI",1.3.4.01.01.05.000
12122,Jalan Desa,"JALAN, JARINGAN DAN IRIGASI",1.3.4.01.01.05.001
12123,Jalan Desa Lain-lain,"JALAN, JARINGAN DAN IRIGASI",1.3.4.01.01.05.002
12124,JALAN TOL,"JALAN, JARINGAN DAN IRIGASI",1.3.4.01.01.06.000
12125,Jalan Tol,"JALAN, JARINGAN DAN IRIGASI",1.3.4.01.01.06.001
12126,Jalan Tol Lain-lain,"JALAN, JARINGAN DAN IRIGASI",1.3.4.01.01.06.002
12127,JALAN KERETA API,"JALAN, JARINGAN DAN IRIGASI",1.3.4.01.01.07.000
12128,Jalan Kereta Api Bantalan Besi,"JALAN, JARINGAN DAN IRIGASI",1.3.4.01.01.07.001
12129,Jalan Kereta Api Bantalan Beton,"JALAN, JARINGAN DAN IRIGASI",1.3.4.01.01.07.002
12130,Jalan Kereta Api Bantalan Kayu,"JALAN, JARINGAN DAN IRIGASI",1.3.4.01.01.07.003
12131,Jalan Kereta Api Bantalan Beton untuk Lengkung,"JALAN, JARINGAN DAN IRIGASI",1.3.4.01.01.07.004
12132,Jalan Kereta Api Bantalan Beton untuk Wesel,"JALAN, JARINGAN DAN IRIGASI",1.3.4.01.01.07.005
12133,Jalan Kereta Api Bantalan Kayu Standar,"JALAN, JARINGAN DAN IRIGASI",1.3.4.01.01.07.006
12134,Jalan Kereta Api Bantalan Kayu Wesel,"JALAN, JARINGAN DAN IRIGASI",1.3.4.01.01.07.007
12135,Jalan Kereta Api Bantalan Kayu Jembatan,"JALAN, JARINGAN DAN IRIGASI",1.3.4.01.01.07.008
12136,Jalan Kereta Lain-lain,"JALAN, JARINGAN DAN IRIGASI",1.3.4.01.01.07.009
12137,LANDASAN PACU PESAWAT TERBANG,"JALAN, JARINGAN DAN IRIGASI",1.3.4.01.01.08.000
12138,Landasan Pacu (Runway) Pesawat Terbang Permukaan Beton,"JALAN, JARINGAN DAN IRIGASI",1.3.4.01.01.08.001
12139,Landasan Pacu (Runway) Pesawat Terbang Permukaan Aspal,"JALAN, JARINGAN DAN IRIGASI",1.3.4.01.01.08.002
12140,Landasan Pacu (Runway) Pesawat Terbang Permukaan Batu Karang,"JALAN, JARINGAN DAN IRIGASI",1.3.4.01.01.08.003
12141,Landasan Pacu (Runway) Pesawat Terbang Permukaan Rumput,"JALAN, JARINGAN DAN IRIGASI",1.3.4.01.01.08.004
12142,Helipad,"JALAN, JARINGAN DAN IRIGASI",1.3.4.01.01.08.005
12143,Landasan Pasu Pswt Terbang Lain-lain,"JALAN, JARINGAN DAN IRIGASI",1.3.4.01.01.08.006
12144,JALAN KHUSUS,"JALAN, JARINGAN DAN IRIGASI",1.3.4.01.01.09.000
12145,Jalan Khusus Inspeksi,"JALAN, JARINGAN DAN IRIGASI",1.3.4.01.01.09.001
12146,Jalan Khusus Kompleks,"JALAN, JARINGAN DAN IRIGASI",1.3.4.01.01.09.002
12147,Jalan Khusus Proyek,"JALAN, JARINGAN DAN IRIGASI",1.3.4.01.01.09.003
12148,Jalan Khusus Quarry,"JALAN, JARINGAN DAN IRIGASI",1.3.4.01.01.09.004
12149,Jalan Khusus Lori,"JALAN, JARINGAN DAN IRIGASI",1.3.4.01.01.09.005
12150,Jalan Khusus Badan Hukum,"JALAN, JARINGAN DAN IRIGASI",1.3.4.01.01.09.006
12151,Jalan Khusus Perorangan,"JALAN, JARINGAN DAN IRIGASI",1.3.4.01.01.09.007
12152,Jalan Khusus Lainnya,"JALAN, JARINGAN DAN IRIGASI",1.3.4.01.01.09.008
12153,Jalan Khusus Pejalan Kaki (Trotoar),"JALAN, JARINGAN DAN IRIGASI",1.3.4.01.01.09.009
12154,Jalan Khusus Lain-lain,"JALAN, JARINGAN DAN IRIGASI",1.3.4.01.01.09.010
12155,JALAN LAINNYA,"JALAN, JARINGAN DAN IRIGASI",1.3.4.01.01.10.000
12156,Jalan lainnya,"JALAN, JARINGAN DAN IRIGASI",1.3.4.01.01.10.001
12157,JEMBATAN,"JALAN, JARINGAN DAN IRIGASI",1.3.4.01.02.00.000
12158,JEMBATAN PADA JALAN NASIONAL,"JALAN, JARINGAN DAN IRIGASI",1.3.4.01.02.01.000
12159,Jembatan Pada Jalan Nasional Arteri,"JALAN, JARINGAN DAN IRIGASI",1.3.4.01.02.01.001
12160,Jembatan Pada Jalan Nasional Kolektor,"JALAN, JARINGAN DAN IRIGASI",1.3.4.01.02.01.002
12161,Jembatan Pada Jalan Nasional Bernilai Strategis Nasional,"JALAN, JARINGAN DAN IRIGASI",1.3.4.01.02.01.003
12162,Jalan Negara/Nasional Lain-lain,"JALAN, JARINGAN DAN IRIGASI",1.3.4.01.02.01.004
12163,JEMBATAN PADA JALAN PROPINSI,"JALAN, JARINGAN DAN IRIGASI",1.3.4.01.02.02.000
12164,Jembatan Pada Jalan Propinsi Arteri,"JALAN, JARINGAN DAN IRIGASI",1.3.4.01.02.02.001
12165,Jembatan Pada Jalan Propinsi Kolektor,"JALAN, JARINGAN DAN IRIGASI",1.3.4.01.02.02.002
12166,Jembatan Pada Jalan Propinsi Lokal,"JALAN, JARINGAN DAN IRIGASI",1.3.4.01.02.02.003
12167,Jembatan Pada Jalan Propinsi Bernilai Strategis Propinsi,"JALAN, JARINGAN DAN IRIGASI",1.3.4.01.02.02.004
12168,Jembatan Propinsi lain-lain,"JALAN, JARINGAN DAN IRIGASI",1.3.4.01.02.02.005
12169,JEMBATAN PADA JALAN KABUPATEN,"JALAN, JARINGAN DAN IRIGASI",1.3.4.01.02.03.000
12170,Jembatan Pada Jalan Kabupaten Arteri,"JALAN, JARINGAN DAN IRIGASI",1.3.4.01.02.03.001
12171,Jembatan Pada Jalan Kabupaten Kolektor,"JALAN, JARINGAN DAN IRIGASI",1.3.4.01.02.03.002
12172,Jembatan Pada Jalan Kabupaten Lokal,"JALAN, JARINGAN DAN IRIGASI",1.3.4.01.02.03.003
12173,Jembatan Pada Jalan Kabupaten Strategis Kabupaten,"JALAN, JARINGAN DAN IRIGASI",1.3.4.01.02.03.004
12174,Jembatan Kabupaten/kota Lain-lain,"JALAN, JARINGAN DAN IRIGASI",1.3.4.01.02.03.005
12175,JEMBATAN PADA JALAN KOTA,"JALAN, JARINGAN DAN IRIGASI",1.3.4.01.02.04.000
12176,Jembatan pada jalan kota,"JALAN, JARINGAN DAN IRIGASI",1.3.4.01.02.04.001
12177,Jembatan Pada Jalan Kota Kolektor,"JALAN, JARINGAN DAN IRIGASI",1.3.4.01.02.04.002
12178,Jembatan Pada Jalan Kota Lokal,"JALAN, JARINGAN DAN IRIGASI",1.3.4.01.02.04.003
12179,Jembatan Pada Jalan Kota Lain-lain (dst),"JALAN, JARINGAN DAN IRIGASI",1.3.4.01.02.04.004
12180,JEMBATAN PADA JALAN DESA,"JALAN, JARINGAN DAN IRIGASI",1.3.4.01.02.05.000
12181,Jembatan Pada Jalan Desa,"JALAN, JARINGAN DAN IRIGASI",1.3.4.01.02.05.001
12182,Jembatan Desa Lain-lain,"JALAN, JARINGAN DAN IRIGASI",1.3.4.01.02.05.002
12183,JEMBATAN PADA JALAN TOL,"JALAN, JARINGAN DAN IRIGASI",1.3.4.01.02.06.000
12184,Jembatan Pada Jalan Tol,"JALAN, JARINGAN DAN IRIGASI",1.3.4.01.02.06.001
12185,Jembatan Jalan Tol Lain-lain,"JALAN, JARINGAN DAN IRIGASI",1.3.4.01.02.06.002
12186,JEMBATAN PADA JALAN KERETA API,"JALAN, JARINGAN DAN IRIGASI",1.3.4.01.02.07.000
12187,Jembatan Pada Jalan Kereta Api Bantalan Besi,"JALAN, JARINGAN DAN IRIGASI",1.3.4.01.02.07.001
12188,Jembatan Pada Jalan Kereta Api Bantalan Beton,"JALAN, JARINGAN DAN IRIGASI",1.3.4.01.02.07.002
12189,Jembatan Pada Jalan Kereta Api Bantalan Kayu,"JALAN, JARINGAN DAN IRIGASI",1.3.4.01.02.07.003
12190,Jembatan pada Jln Kereta Api Lain-lain,"JALAN, JARINGAN DAN IRIGASI",1.3.4.01.02.07.004
12191,JEMBATAN PADA LANDASAN PACU PESAWAT TERBANG,"JALAN, JARINGAN DAN IRIGASI",1.3.4.01.02.08.000
12192,Jembatan Pada Landasan Pacu Pesawat Terbang Permukaan Beton,"JALAN, JARINGAN DAN IRIGASI",1.3.4.01.02.08.001
12193,Jembatan Pada Landasan Pacu Pesawat Terbang Permukaan Aspal,"JALAN, JARINGAN DAN IRIGASI",1.3.4.01.02.08.002
12194,Jembatan Pada Landasan Pacu Pesawat Terbang Permukaan Rumput,"JALAN, JARINGAN DAN IRIGASI",1.3.4.01.02.08.003
12195,Jembatan pd Landasan Pacu pesawat Lain-lain,"JALAN, JARINGAN DAN IRIGASI",1.3.4.01.02.08.004
12196,JEMBATAN PADA JALAN KHUSUS,"JALAN, JARINGAN DAN IRIGASI",1.3.4.01.02.09.000
12197,Jembatan Pada Jalan Khusus Inspeksi,"JALAN, JARINGAN DAN IRIGASI",1.3.4.01.02.09.001
12198,Jembatan Pada Jalan Khusus Kompleks,"JALAN, JARINGAN DAN IRIGASI",1.3.4.01.02.09.002
12199,Jembatan Pada Jalan Khusus Proyek,"JALAN, JARINGAN DAN IRIGASI",1.3.4.01.02.09.003
12200,Jembatan Pada Jalan Khusus Quarry,"JALAN, JARINGAN DAN IRIGASI",1.3.4.01.02.09.004
12201,Jembatan Pada Jalan Khusus Lori,"JALAN, JARINGAN DAN IRIGASI",1.3.4.01.02.09.005
12202,Jembatan Pada Jalan Khusus Badan Hukum,"JALAN, JARINGAN DAN IRIGASI",1.3.4.01.02.09.006
12203,Jembatan Pada Jalan Khusus Perorangan,"JALAN, JARINGAN DAN IRIGASI",1.3.4.01.02.09.007
12204,Jembatan Khusus Lain-lain,"JALAN, JARINGAN DAN IRIGASI",1.3.4.01.02.09.008
12205,JEMBATAN PENYEBERANGAN,"JALAN, JARINGAN DAN IRIGASI",1.3.4.01.02.10.000
12206,Jembatan Penyeberangan Orang,"JALAN, JARINGAN DAN IRIGASI",1.3.4.01.02.10.001
12207,Jembatan Penyeberangan Kendaraan,"JALAN, JARINGAN DAN IRIGASI",1.3.4.01.02.10.002
12208,Jembatan Fly Over,"JALAN, JARINGAN DAN IRIGASI",1.3.4.01.02.10.003
12209,Jembatan Inter Change,"JALAN, JARINGAN DAN IRIGASI",1.3.4.01.02.10.004
12210,Jembatan Gantung,"JALAN, JARINGAN DAN IRIGASI",1.3.4.01.02.10.005
12211,Jembatan Penyebrangan Lain-lain,"JALAN, JARINGAN DAN IRIGASI",1.3.4.01.02.10.006
12212,JEMBATAN LABUH/SANDAR PADA TERMINAL,"JALAN, JARINGAN DAN IRIGASI",1.3.4.01.02.11.000
12213,Jembatan Labuh/Sandar pada Terminal,"JALAN, JARINGAN DAN IRIGASI",1.3.4.01.02.11.001
12214,Kade,"JALAN, JARINGAN DAN IRIGASI",1.3.4.01.02.11.002
12215,Embarkasi/Debarkasi,"JALAN, JARINGAN DAN IRIGASI",1.3.4.01.02.11.003
12216,Jembatan Pantai,"JALAN, JARINGAN DAN IRIGASI",1.3.4.01.02.11.004
12217,Jembatan Labuh/Sandar pada Terminal Lain-lain (dst),"JALAN, JARINGAN DAN IRIGASI",1.3.4.01.02.11.005
12218,JEMBATAN PENGUKUR,"JALAN, JARINGAN DAN IRIGASI",1.3.4.01.02.12.000
12219,Jembatan Timbang,"JALAN, JARINGAN DAN IRIGASI",1.3.4.01.02.12.001
12220,Jembatan KIR/Pengujian,"JALAN, JARINGAN DAN IRIGASI",1.3.4.01.02.12.002
12221,Jembatan Pengukur Lain-lain (dst),"JALAN, JARINGAN DAN IRIGASI",1.3.4.01.02.12.003
12222,JEMBATAN LAINNYA,"JALAN, JARINGAN DAN IRIGASI",1.3.4.01.02.13.000
12223,Jembatan lainnya,"JALAN, JARINGAN DAN IRIGASI",1.3.4.01.02.13.001
12224,BANGUNAN AIR,"JALAN, JARINGAN DAN IRIGASI",1.3.4.02.00.00.000
12225,BANGUNAN AIR IRIGASI,"JALAN, JARINGAN DAN IRIGASI",1.3.4.02.01.00.000
12226,BANGUNAN WADUK IRIGASI,"JALAN, JARINGAN DAN IRIGASI",1.3.4.02.01.01.000
12227,"Waduk Dengan Bendungan, Tanggul, Menara Pengambilan Pelimpah Ban","JALAN, JARINGAN DAN IRIGASI",1.3.4.02.01.01.001
12228,"Waduk Dengan Bendungan, Tanggul Dan Menara Pengambilan","JALAN, JARINGAN DAN IRIGASI",1.3.4.02.01.01.002
12229,Waduk Dengan Menara Pengambilan,"JALAN, JARINGAN DAN IRIGASI",1.3.4.02.01.01.003
12230,"Waduk Dengan Tanggul, Dan Pintu Air/Menara Pengambilan","JALAN, JARINGAN DAN IRIGASI",1.3.4.02.01.01.004
12231,Waduk Dengan Tanggul Dan Pintu Pengukur Waduk Lapangan,"JALAN, JARINGAN DAN IRIGASI",1.3.4.02.01.01.005
12232,Bangunan Waduk a Lain-lain,"JALAN, JARINGAN DAN IRIGASI",1.3.4.02.01.01.006
12233,BANGUNAN PENGAMBILAN IRIGASI,"JALAN, JARINGAN DAN IRIGASI",1.3.4.02.01.02.000
12234,Bendung,"JALAN, JARINGAN DAN IRIGASI",1.3.4.02.01.02.001
12235,Bendung Dengan Pintu Bilas,"JALAN, JARINGAN DAN IRIGASI",1.3.4.02.01.02.002
12236,Bendung Dengan Pompa,"JALAN, JARINGAN DAN IRIGASI",1.3.4.02.01.02.003
12237,Bangunan Pengambilan Bebas,"JALAN, JARINGAN DAN IRIGASI",1.3.4.02.01.02.004
12238,Bangunan Pengambilan Bebas Dengan Pompa (Bangunan Pengambilan Irigasi),"JALAN, JARINGAN DAN IRIGASI",1.3.4.02.01.02.005
12239,Sumur Dengan Pompa (Bangunan Pengambilan Irigasi),"JALAN, JARINGAN DAN IRIGASI",1.3.4.02.01.02.006
12240,Bangunan Pengambilan Irigasi Lain-lain,"JALAN, JARINGAN DAN IRIGASI",1.3.4.02.01.02.007
12241,BANGUNAN PEMBAWA IRIGASI,"JALAN, JARINGAN DAN IRIGASI",1.3.4.02.01.03.000
12242,Saluran Muka (Bangunan Pembawa Irigasi),"JALAN, JARINGAN DAN IRIGASI",1.3.4.02.01.03.001
12243,Saluran Induk (Bangunan Pembawa Irigasi),"JALAN, JARINGAN DAN IRIGASI",1.3.4.02.01.03.002
12244,Saluran Sekunder (Bangunan Pembawa Irigasi),"JALAN, JARINGAN DAN IRIGASI",1.3.4.02.01.03.003
12245,Saluran Tersier (Bangunan Pembawa Irigasi),"JALAN, JARINGAN DAN IRIGASI",1.3.4.02.01.03.004
12246,Saluran Kwarter,"JALAN, JARINGAN DAN IRIGASI",1.3.4.02.01.03.005
12247,Saluran Pasang Tertutup/Terowongan,"JALAN, JARINGAN DAN IRIGASI",1.3.4.02.01.03.006
12248,Saluran Suplesi,"JALAN, JARINGAN DAN IRIGASI",1.3.4.02.01.03.007
12249,Bangunan Pembawa Irigasi Lain-lain,"JALAN, JARINGAN DAN IRIGASI",1.3.4.02.01.03.008
12250,BANGUNAN PEMBUANG IRIGASI,"JALAN, JARINGAN DAN IRIGASI",1.3.4.02.01.04.000
12251,Saluran Induk Pembuang (Bangunan Pembuang Irigasi),"JALAN, JARINGAN DAN IRIGASI",1.3.4.02.01.04.001
12252,Saluran Sekunder Pembuang (Bangunan Pembuang Irigasi),"JALAN, JARINGAN DAN IRIGASI",1.3.4.02.01.04.002
12253,Saluran Tersier Pembuang (Bangunan Pembuang Irigasi),"JALAN, JARINGAN DAN IRIGASI",1.3.4.02.01.04.003
12254,bangunan pembuang irigasi lainnya (dst),"JALAN, JARINGAN DAN IRIGASI",1.3.4.02.01.04.004
12255,BANGUNAN PENGAMAN IRIGASI,"JALAN, JARINGAN DAN IRIGASI",1.3.4.02.01.05.000
12256,Tanggul Banjir (Bangunan Pengaman Irigasi),"JALAN, JARINGAN DAN IRIGASI",1.3.4.02.01.05.001
12257,Bangunan Pintu Air/Klep (Bangunan Pengaman Irigasi),"JALAN, JARINGAN DAN IRIGASI",1.3.4.02.01.05.002
12258,Bangunan Pengaman Irigasi Lain-lain,"JALAN, JARINGAN DAN IRIGASI",1.3.4.02.01.05.003
12259,BANGUNAN PELENGKAP IRIGASI,"JALAN, JARINGAN DAN IRIGASI",1.3.4.02.01.06.000
12260,Bangunan Bagi,"JALAN, JARINGAN DAN IRIGASI",1.3.4.02.01.06.001
12261,Bangunan Bagi Dan Sadap (Bangunan Pelengkap Irigasi),"JALAN, JARINGAN DAN IRIGASI",1.3.4.02.01.06.002
12262,Bangunan Sadap (Bangunan Pelengkap Irigasi),"JALAN, JARINGAN DAN IRIGASI",1.3.4.02.01.06.003
12263,Bangunan Got Miring,"JALAN, JARINGAN DAN IRIGASI",1.3.4.02.01.06.004
12264,Bangunan Terjun (Bangunan Pelengkap Irigasi),"JALAN, JARINGAN DAN IRIGASI",1.3.4.02.01.06.005
12265,Bangunan Talang (Bangunan Pelengkap Irigasi),"JALAN, JARINGAN DAN IRIGASI",1.3.4.02.01.06.006
12266,Bangunan Syphon (Bangunan Pelengkap Irigasi),"JALAN, JARINGAN DAN IRIGASI",1.3.4.02.01.06.007
12267,Bangunan Gorong-Gorong (Bangunan Pelengkap Irigasi),"JALAN, JARINGAN DAN IRIGASI",1.3.4.02.01.06.008
12268,Bangunan Pelimpah Sampah,"JALAN, JARINGAN DAN IRIGASI",1.3.4.02.01.06.009
12269,Bangunan Pengeluaran/Pintu,"JALAN, JARINGAN DAN IRIGASI",1.3.4.02.01.06.010
12270,Bangunan Box Tersier (Bangunan Pelengkap Irigasi),"JALAN, JARINGAN DAN IRIGASI",1.3.4.02.01.06.011
12271,Bangunan Pengukur,"JALAN, JARINGAN DAN IRIGASI",1.3.4.02.01.06.012
12272,Bangunan Mandi Hewan,"JALAN, JARINGAN DAN IRIGASI",1.3.4.02.01.06.013
12273,Bangunan Pertemuan Saluran,"JALAN, JARINGAN DAN IRIGASI",1.3.4.02.01.06.014
12274,Bangunan Pelengkap Dalam Petak Tersier,"JALAN, JARINGAN DAN IRIGASI",1.3.4.02.01.06.015
12275,Bangunan Jembatan (Bangunan Pelengkap Irigasi),"JALAN, JARINGAN DAN IRIGASI",1.3.4.02.01.06.016
12276,Bangunan Pelengkap Irigasi Lain-lain,"JALAN, JARINGAN DAN IRIGASI",1.3.4.02.01.06.017
12277,BANGUNAN SAWAH IRIGASI,"JALAN, JARINGAN DAN IRIGASI",1.3.4.02.01.07.000
12278,Bangunan sawah irigasi,"JALAN, JARINGAN DAN IRIGASI",1.3.4.02.01.07.001
12279,Bangunan Sawah Irigasi Semi Tehnis,"JALAN, JARINGAN DAN IRIGASI",1.3.4.02.01.07.002
12280,Bangunan Sawah Irigasi Non Tehnis,"JALAN, JARINGAN DAN IRIGASI",1.3.4.02.01.07.003
12281,Bangunan Sawah Irigasi Lain-lain (dst),"JALAN, JARINGAN DAN IRIGASI",1.3.4.02.01.07.004
12282,BANGUNAN AIR IRIGASI LAINNYA,"JALAN, JARINGAN DAN IRIGASI",1.3.4.02.01.08.000
12283,Bangunan air irigasi lainnya,"JALAN, JARINGAN DAN IRIGASI",1.3.4.02.01.08.001
12284,BANGUNAN PENGAIRAN PASANG SURUT,"JALAN, JARINGAN DAN IRIGASI",1.3.4.02.02.00.000
12285,BANGUNAN WADUK PASANG SURUT,"JALAN, JARINGAN DAN IRIGASI",1.3.4.02.02.01.000
12286,Waduk Pasang Surut,"JALAN, JARINGAN DAN IRIGASI",1.3.4.02.02.01.001
12287,Bangunan Waduk Lain-lain,"JALAN, JARINGAN DAN IRIGASI",1.3.4.02.02.01.002
12288,BANGUNAN PENGAMBILAN PASANG SURUT,"JALAN, JARINGAN DAN IRIGASI",1.3.4.02.02.02.000
12289,Bangunan Bendung Dengan Pompa,"JALAN, JARINGAN DAN IRIGASI",1.3.4.02.02.02.001
12290,Bangunan Pengambilan Bebas Dengan Pompa (Bangunan Pengambilan Pasang Surut,"JALAN, JARINGAN DAN IRIGASI",1.3.4.02.02.02.002
12291,Bangunan Pengambilan Pasang Surat  Lain-lain,"JALAN, JARINGAN DAN IRIGASI",1.3.4.02.02.02.003
12292,BANGUNAN PEMBAWA PASANG SURUT,"JALAN, JARINGAN DAN IRIGASI",1.3.4.02.02.03.000
12293,Saluran Muka (Bangunan Pembawa Pasang Surut),"JALAN, JARINGAN DAN IRIGASI",1.3.4.02.02.03.001
12294,Saluran Induk (Bangunan Pembawa Pasang Surut),"JALAN, JARINGAN DAN IRIGASI",1.3.4.02.02.03.002
12295,Saluran Sekunder (Bangunan Pembawa Pasang Surut),"JALAN, JARINGAN DAN IRIGASI",1.3.4.02.02.03.003
12296,Saluran Tersier (Bangunan Pembawa Pasang Surut),"JALAN, JARINGAN DAN IRIGASI",1.3.4.02.02.03.004
12297,Saluran Penyimpan Air,"JALAN, JARINGAN DAN IRIGASI",1.3.4.02.02.03.005
12298,Saluran Lalu Lintas Air,"JALAN, JARINGAN DAN IRIGASI",1.3.4.02.02.03.006
12299,Bangunan Pembawa Pasang Surut Lain-lain (dst),"JALAN, JARINGAN DAN IRIGASI",1.3.4.02.02.03.007
12300,SALURAN PEMBUANG PASANG SURUT,"JALAN, JARINGAN DAN IRIGASI",1.3.4.02.02.04.000
12301,Saluran Induk Pembuang (Saluran Pembuang Pasang Surut),"JALAN, JARINGAN DAN IRIGASI",1.3.4.02.02.04.001
12302,Saluran Sekunder Pembuang (Saluran Pembuang Pasang Surut),"JALAN, JARINGAN DAN IRIGASI",1.3.4.02.02.04.002
12303,Saluran Tersier Pembuang (Saluran Pembuang Pasang Surut),"JALAN, JARINGAN DAN IRIGASI",1.3.4.02.02.04.003
12304,Saluran Pengumpul Air,"JALAN, JARINGAN DAN IRIGASI",1.3.4.02.02.04.004
12305,Bangunan Saluran lain-lain,"JALAN, JARINGAN DAN IRIGASI",1.3.4.02.02.04.005
12306,BANGUNAN PENGAMAN PASANG SURUT,"JALAN, JARINGAN DAN IRIGASI",1.3.4.02.02.05.000
12307,Bangunan Pintu Air/Klep (Bangunan Pengaman Pasang Surut),"JALAN, JARINGAN DAN IRIGASI",1.3.4.02.02.05.001
12308,Bangunan Pemasukan/Pembuang,"JALAN, JARINGAN DAN IRIGASI",1.3.4.02.02.05.002
12309,Kolam Pasang,"JALAN, JARINGAN DAN IRIGASI",1.3.4.02.02.05.003
12310,Bangunan Pengamanan Pasang Surut lain-lain,"JALAN, JARINGAN DAN IRIGASI",1.3.4.02.02.05.004
12311,BANGUNAN PELENGKAP PASANG SURUT,"JALAN, JARINGAN DAN IRIGASI",1.3.4.02.02.06.000
12312,Bangunan Jembatan (Bangunan Pelengkap Pasang Surut),"JALAN, JARINGAN DAN IRIGASI",1.3.4.02.02.06.001
12313,Bangunan Jembatan Penghalang (Bangunan Pelengkap Pasang Surut),"JALAN, JARINGAN DAN IRIGASI",1.3.4.02.02.06.002
12314,Bangunan Penutup Penangkis Kotoran,"JALAN, JARINGAN DAN IRIGASI",1.3.4.02.02.06.003
12315,Bangunan Pengukur Muka Air (Bangunan Pelengkap Pasang Surut),"JALAN, JARINGAN DAN IRIGASI",1.3.4.02.02.06.004
12316,Bangunan Pengukur Curah Hujan (Bangunan Pelengkap Pasang Surut),"JALAN, JARINGAN DAN IRIGASI",1.3.4.02.02.06.005
12317,Bangunan Pelengkap Pasang Surut Lain-lain,"JALAN, JARINGAN DAN IRIGASI",1.3.4.02.02.06.006
12318,BANGUNAN SAWAH PASANG SURUT,"JALAN, JARINGAN DAN IRIGASI",1.3.4.02.02.07.000
12319,Bangunan Sawah Pasang Surut Teknis,"JALAN, JARINGAN DAN IRIGASI",1.3.4.02.02.07.001
12320,Bangunan Sawah Pasang Surut Semi Teknis,"JALAN, JARINGAN DAN IRIGASI",1.3.4.02.02.07.002
12321,Bangunan Sawah Pasang Surut Non Teknis,"JALAN, JARINGAN DAN IRIGASI",1.3.4.02.02.07.003
12322,Bangunan Sawah Pasang Surut Lain-lain,"JALAN, JARINGAN DAN IRIGASI",1.3.4.02.02.07.004
12323,BANGUNAN PENGAIRAN PASANG SURUT LAINNYA,"JALAN, JARINGAN DAN IRIGASI",1.3.4.02.02.08.000
12324,Bangunan pengairan pasang surut lainnya,"JALAN, JARINGAN DAN IRIGASI",1.3.4.02.02.08.001
12325,BANGUNAN PENGEMBANGAN RAWA DAN POLDER,"JALAN, JARINGAN DAN IRIGASI",1.3.4.02.03.00.000
12326,BANGUNAN WADUK PENGEMBANGAN RAWA,"JALAN, JARINGAN DAN IRIGASI",1.3.4.02.03.01.000
12327,Bangunan Waduk,"JALAN, JARINGAN DAN IRIGASI",1.3.4.02.03.01.001
12328,Bangunan Waduk Pengembangan Rawa Lain-lain (dst),"JALAN, JARINGAN DAN IRIGASI",1.3.4.02.03.01.002
12329,BANGUNAN PENGAMBILAN PENGEMBANGAN RAWA,"JALAN, JARINGAN DAN IRIGASI",1.3.4.02.03.02.000
12330,Waduk Pengambilan Rawa,"JALAN, JARINGAN DAN IRIGASI",1.3.4.02.03.02.001
12331,Bangunan Pengambilan Pengembangan Rawa Lain-lain (dst),"JALAN, JARINGAN DAN IRIGASI",1.3.4.02.03.02.002
12332,BANGUNAN PEMBAWA PENGEMBANGAN RAWA,"JALAN, JARINGAN DAN IRIGASI",1.3.4.02.03.03.000
12333,Saluran Muka (Bangunan Pembawa Pengembangan Rawa),"JALAN, JARINGAN DAN IRIGASI",1.3.4.02.03.03.001
12334,Saluran Induk (Bangunan Pembawa Pengembangan Rawa),"JALAN, JARINGAN DAN IRIGASI",1.3.4.02.03.03.002
12335,Saluran Sekunder (Bangunan Pembawa Pengembangan Rawa),"JALAN, JARINGAN DAN IRIGASI",1.3.4.02.03.03.003
12336,Saluran Tersier (Bangunan Pembawa Pengembangan Rawa),"JALAN, JARINGAN DAN IRIGASI",1.3.4.02.03.03.004
12337,Bangunan Pembawa Pasang Rawa Lain-lain,"JALAN, JARINGAN DAN IRIGASI",1.3.4.02.03.03.005
12338,BANGUNAN PEMBUANG PENGEMBANGAN RAWA,"JALAN, JARINGAN DAN IRIGASI",1.3.4.02.03.04.000
12339,Saluran Induk Pembuang (Bangunan Pembuang Pengembangan Rawa),"JALAN, JARINGAN DAN IRIGASI",1.3.4.02.03.04.001
12340,Saluran Sekunder Pembuang (Bangunan Pembuang Pengembangan Rawa),"JALAN, JARINGAN DAN IRIGASI",1.3.4.02.03.04.002
12341,Saluran Tersier Pembuang (Bangunan Pembuang Pengembangan Rawa),"JALAN, JARINGAN DAN IRIGASI",1.3.4.02.03.04.003
12342,Bangunan Pembuang Pasang Rawa Lain-lain,"JALAN, JARINGAN DAN IRIGASI",1.3.4.02.03.04.004
12343,BANGUNAN PENGAMAN PENGEMBANGAN RAWA,"JALAN, JARINGAN DAN IRIGASI",1.3.4.02.03.05.000
12344,Tanggul Keliling,"JALAN, JARINGAN DAN IRIGASI",1.3.4.02.03.05.001
12345,Bangunan Pintu Air/Klep (Bangunan Pengaman Pengembangan Rawa),"JALAN, JARINGAN DAN IRIGASI",1.3.4.02.03.05.002
12346,Bangunan Pengaman Pengembangan Rawa Lain-lain (dst),"JALAN, JARINGAN DAN IRIGASI",1.3.4.02.03.05.003
12347,BANGUNAN PELENGKAP PENGEMBANGAN RAWA,"JALAN, JARINGAN DAN IRIGASI",1.3.4.02.03.06.000
12348,Bangunan Bagi Dan Sadap (Bangunan Pelengkap Pengembangan Rawa),"JALAN, JARINGAN DAN IRIGASI",1.3.4.02.03.06.001
12349,Bangunan Sadap (Bangunan Pelengkap Pengembangan Rawa),"JALAN, JARINGAN DAN IRIGASI",1.3.4.02.03.06.002
12350,Bangunan Terjun (Bangunan Pelengkap Pengembangan Rawa),"JALAN, JARINGAN DAN IRIGASI",1.3.4.02.03.06.003
12351,Bangunan Syphon (Bangunan Pelengkap Pengembangan Rawa),"JALAN, JARINGAN DAN IRIGASI",1.3.4.02.03.06.004
12352,Bangunan Gorong-Gorong (Bangunan Pelengkap Pengembangan Rawa),"JALAN, JARINGAN DAN IRIGASI",1.3.4.02.03.06.005
12353,Bangunan Jembatan (Bangunan Pelengkap Pengembangan Rawa),"JALAN, JARINGAN DAN IRIGASI",1.3.4.02.03.06.006
12354,Bangunan Jembatan Penghalang (Bangunan Pelengkap Pengembangan Rawa),"JALAN, JARINGAN DAN IRIGASI",1.3.4.02.03.06.007
12355,Bangunan Pengukur Muka Air (Bangunan Pelengkap Pengembangan Rawa),"JALAN, JARINGAN DAN IRIGASI",1.3.4.02.03.06.008
12356,Bangunan Pengukur Curah Hujan (Bangunan Pelengkap Pengembangan Rawa),"JALAN, JARINGAN DAN IRIGASI",1.3.4.02.03.06.009
12357,Bangunan Penutup Sungai,"JALAN, JARINGAN DAN IRIGASI",1.3.4.02.03.06.010
12358,Bangunan Stasiun Pompa Pemasukan/Pembuang,"JALAN, JARINGAN DAN IRIGASI",1.3.4.02.03.06.011
12359,Bangunan Pelengkap Pasang/Rawa Lain-lain,"JALAN, JARINGAN DAN IRIGASI",1.3.4.02.03.06.012
12360,BANGUNAN SAWAH PENGEMBANGAN RAWA,"JALAN, JARINGAN DAN IRIGASI",1.3.4.02.03.07.000
12361,Bangunan Sawah Rawa Teknis,"JALAN, JARINGAN DAN IRIGASI",1.3.4.02.03.07.001
12362,Bangunan Sawah Rawa Semi Teknis,"JALAN, JARINGAN DAN IRIGASI",1.3.4.02.03.07.002
12363,Bangunan Sawah Rawa Non Teknis,"JALAN, JARINGAN DAN IRIGASI",1.3.4.02.03.07.003
12364,Bangunan Sawah Pengembang Rawa Lain-lain,"JALAN, JARINGAN DAN IRIGASI",1.3.4.02.03.07.004
12365,BANGUNAN PENGEMBANGAN RAWA DAN POLDER LAINNYA,"JALAN, JARINGAN DAN IRIGASI",1.3.4.02.03.08.000
12366,Bangunan pengembangan rawa dan polder lainnya,"JALAN, JARINGAN DAN IRIGASI",1.3.4.02.03.08.001
12367,BANGUNAN PENGAMAN SUNGAI/PANTAI & PENANGGULANGAN BENCANA ALAM,"JALAN, JARINGAN DAN IRIGASI",1.3.4.02.04.00.000
12368,BANGUNAN PENGAMAN SUNGAI/PANTAI & PENANGGULANGAN BENCANA ALAM,"JALAN, JARINGAN DAN IRIGASI",1.3.4.02.04.01.000
12369,Banguna Wasuk Pengaman Sungai/Pantai,"JALAN, JARINGAN DAN IRIGASI",1.3.4.02.04.01.001
12370,"Waduk Dengan Tanggul, Dan Pintu Pembuang (Bangunan Pengaman Sungai/Pantai & Penanggulangan Bencana A","JALAN, JARINGAN DAN IRIGASI",1.3.4.02.04.01.002
12371,Bangunan Pengaman Sungai/Pantai & Penanggulangan Bencana Alam Lain-lain (dst),"JALAN, JARINGAN DAN IRIGASI",1.3.4.02.04.01.003
12372,BANGUNAN PENGAMBILAN PENGAMAN SUNGAI/PANTAI,"JALAN, JARINGAN DAN IRIGASI",1.3.4.02.04.02.000
12373,Bangunan Pengambilan Pengamanan Sungai,"JALAN, JARINGAN DAN IRIGASI",1.3.4.02.04.02.001
12374,Bangunan Pengambilan Pengamanan Pantai,"JALAN, JARINGAN DAN IRIGASI",1.3.4.02.04.02.002
12375,Bangunan Pengambilan Pengaman Sungai/Pantai Lain-lain (dst),"JALAN, JARINGAN DAN IRIGASI",1.3.4.02.04.02.003
12376,BANGUNAN PEMBAWA PENGAMAN SUNGAI/PANTAI,"JALAN, JARINGAN DAN IRIGASI",1.3.4.02.04.03.000
12377,Bangunan Pembawa Pengaman Sungai,"JALAN, JARINGAN DAN IRIGASI",1.3.4.02.04.03.001
12378,Bangunan Pembawa Pengaman Pantai,"JALAN, JARINGAN DAN IRIGASI",1.3.4.02.04.03.002
12379,Bangunan Pembawa Pengaman Sungai/Pantai Lain-lain (dst),"JALAN, JARINGAN DAN IRIGASI",1.3.4.02.04.03.003
12380,BANGUNAN PEMBUANG PENGAMAN SUNGAI,"JALAN, JARINGAN DAN IRIGASI",1.3.4.02.04.04.000
12381,Saluran Banjir,"JALAN, JARINGAN DAN IRIGASI",1.3.4.02.04.04.001
12382,Saluran Drainage,"JALAN, JARINGAN DAN IRIGASI",1.3.4.02.04.04.002
12383,Bangunan Pembuang Pengaman Sungai Lain-lain,"JALAN, JARINGAN DAN IRIGASI",1.3.4.02.04.04.003
12384,BANGUNAN PENGAMAN PENGAMANAN SUNGAI/PANTAI,"JALAN, JARINGAN DAN IRIGASI",1.3.4.02.04.05.000
12385,Tanggul Banjir (Bangunan Pengaman Pengamanan Sungai/pantai),"JALAN, JARINGAN DAN IRIGASI",1.3.4.02.04.05.001
12386,Pintu Pengatur Banjir,"JALAN, JARINGAN DAN IRIGASI",1.3.4.02.04.05.002
12387,Coupure/Sodetan,"JALAN, JARINGAN DAN IRIGASI",1.3.4.02.04.05.003
12388,Kantong Pasir/Lahar/Lumpur,"JALAN, JARINGAN DAN IRIGASI",1.3.4.02.04.05.004
12389,Chekdam/Penahan Sedimen,"JALAN, JARINGAN DAN IRIGASI",1.3.4.02.04.05.005
12390,Krib Pengaman Sungai/Pantai,"JALAN, JARINGAN DAN IRIGASI",1.3.4.02.04.05.006
12391,Bangunan Penguat Tebing/Pantai,"JALAN, JARINGAN DAN IRIGASI",1.3.4.02.04.05.007
12392,Bangunan Pelimpah Banjir,"JALAN, JARINGAN DAN IRIGASI",1.3.4.02.04.05.008
12393,Dam Konsolidasi,"JALAN, JARINGAN DAN IRIGASI",1.3.4.02.04.05.009
12394,Peralatan Saringan Sampah ( Pond Screen ),"JALAN, JARINGAN DAN IRIGASI",1.3.4.02.04.05.010
12395,Klep Pengatur Banjir,"JALAN, JARINGAN DAN IRIGASI",1.3.4.02.04.05.011
12396,Bangunan Pemecah Gelombang,"JALAN, JARINGAN DAN IRIGASI",1.3.4.02.04.05.012
12397,Bangunan Pelantaran Pantai,"JALAN, JARINGAN DAN IRIGASI",1.3.4.02.04.05.013
12398,Bangunan Pengaman Pengamanan Sungai/Pantai Lain-lain (dst),"JALAN, JARINGAN DAN IRIGASI",1.3.4.02.04.05.014
12399,BANGUNAN PELENGKAP PENGAMAN SUNGAI,"JALAN, JARINGAN DAN IRIGASI",1.3.4.02.04.06.000
12400,Bangunan Syphon (Bangunan Pelengkap Pengaman Sungai),"JALAN, JARINGAN DAN IRIGASI",1.3.4.02.04.06.001
12401,Bangunan Gorong-Gorong (Bangunan Pelengkap Pengaman Sungai),"JALAN, JARINGAN DAN IRIGASI",1.3.4.02.04.06.002
12402,Bangunan Jembatan (Bangunan Pelengkap Pengaman Sungai),"JALAN, JARINGAN DAN IRIGASI",1.3.4.02.04.06.003
12403,Bangunan Pengukur Muka Air (Bangunan Pelengkap Pengaman Sungai),"JALAN, JARINGAN DAN IRIGASI",1.3.4.02.04.06.004
12404,Bangunan Pengukur Curah Hujan (Bangunan Pelengkap Pengaman Sungai),"JALAN, JARINGAN DAN IRIGASI",1.3.4.02.04.06.005
12405,Stasiun Pos Penjaga/Pengamat,"JALAN, JARINGAN DAN IRIGASI",1.3.4.02.04.06.006
12406,Bangunan Dermaga,"JALAN, JARINGAN DAN IRIGASI",1.3.4.02.04.06.007
12407,Bangunan Stasiun Pompa Pembuang,"JALAN, JARINGAN DAN IRIGASI",1.3.4.02.04.06.008
12408,Warning System,"JALAN, JARINGAN DAN IRIGASI",1.3.4.02.04.06.009
12409,Bangunan Pengaman Sungai Lainnya,"JALAN, JARINGAN DAN IRIGASI",1.3.4.02.04.06.010
12410,BANGUNAN PENGAMAN SUNGAI/PANTAI & PENANGGULANGAN BENCANA ALAM LAINNYA,"JALAN, JARINGAN DAN IRIGASI",1.3.4.02.04.07.000
12411,Bangunan pengaman sungai/pantai & penanggulangan bencana alam lainnya,"JALAN, JARINGAN DAN IRIGASI",1.3.4.02.04.07.001
12412,BANGUNAN PENGEMBANGAN SUMBER AIR DAN AIR TANAH,"JALAN, JARINGAN DAN IRIGASI",1.3.4.02.05.00.000
12413,BANGUNAN WADUK PENGEMBANGAN SUMBER AIR,"JALAN, JARINGAN DAN IRIGASI",1.3.4.02.05.01.000
12414,Embung/Waduk Lapangan,"JALAN, JARINGAN DAN IRIGASI",1.3.4.02.05.01.001
12415,Bangunan Waduk Lapangan Pembuang Lain-lain,"JALAN, JARINGAN DAN IRIGASI",1.3.4.02.05.01.002
12416,BANGUNAN PENGAMBILAN PENGEMBANGAN SUMBER AIR,"JALAN, JARINGAN DAN IRIGASI",1.3.4.02.05.02.000
12417,Sumur Dengan Pompa (Bangunan Pengambilan Pengembangan Sumber Air),"JALAN, JARINGAN DAN IRIGASI",1.3.4.02.05.02.001
12418,Sumur Artetis,"JALAN, JARINGAN DAN IRIGASI",1.3.4.02.05.02.002
12419,Bangunan Pengambilan Pengemb. Lain-lain,"JALAN, JARINGAN DAN IRIGASI",1.3.4.02.05.02.003
12420,BANGUNAN PEMBAWA PENGEMBANGAN SUMBER AIR,"JALAN, JARINGAN DAN IRIGASI",1.3.4.02.05.03.000
12421,Saluran Tersier (Bangunan Pembawa Pengembangan Sumber Air),"JALAN, JARINGAN DAN IRIGASI",1.3.4.02.05.03.001
12422,Saluran Kuartier,"JALAN, JARINGAN DAN IRIGASI",1.3.4.02.05.03.002
12423,Bangunan Pembawa Pengembangan Lain-lain,"JALAN, JARINGAN DAN IRIGASI",1.3.4.02.05.03.003
12424,BANGUNAN PEMBUANG PENGEMBANGAN SUMBER AIR,"JALAN, JARINGAN DAN IRIGASI",1.3.4.02.05.04.000
12425,Saluran Pembuang,"JALAN, JARINGAN DAN IRIGASI",1.3.4.02.05.04.001
12426,Bangunan Pembuang Pengembangan Lain-lain,"JALAN, JARINGAN DAN IRIGASI",1.3.4.02.05.04.002
12427,BANGUNAN PENGAMAN PENGEMBANGAN SUMBER AIR,"JALAN, JARINGAN DAN IRIGASI",1.3.4.02.05.05.000
12428,Bak Penampung/Kolam/ Menara Penampungan,"JALAN, JARINGAN DAN IRIGASI",1.3.4.02.05.05.001
12429,Bangunan Klimatologi,"JALAN, JARINGAN DAN IRIGASI",1.3.4.02.05.05.002
12430,Bangunan Hidrometri,"JALAN, JARINGAN DAN IRIGASI",1.3.4.02.05.05.003
12431,Sumur Pengamatan,"JALAN, JARINGAN DAN IRIGASI",1.3.4.02.05.05.004
12432,Bangunan Pengaman Pengembangan Lain-lain,"JALAN, JARINGAN DAN IRIGASI",1.3.4.02.05.05.005
12433,BANGUNAN PELENGKAP PENGEMBANGAN SUMBER AIR,"JALAN, JARINGAN DAN IRIGASI",1.3.4.02.05.06.000
12434,Bangunan Terjun (Bangunan Pelengkap Pengembangan Sumber Air),"JALAN, JARINGAN DAN IRIGASI",1.3.4.02.05.06.001
12435,Bangunan Talang (Bangunan Pelengkap Pengembangan Sumber Air),"JALAN, JARINGAN DAN IRIGASI",1.3.4.02.05.06.002
12436,Bangunan Syphon (Bangunan Pelengkap Pengembangan Sumber Air),"JALAN, JARINGAN DAN IRIGASI",1.3.4.02.05.06.003
12437,Bangunan Gorong-Gorong (Bangnnan Pelengkap Pengembangan Sumber Air),"JALAN, JARINGAN DAN IRIGASI",1.3.4.02.05.06.004
12438,Bangunan Box Tersier (Bangunan Pelengkap Pengembangan Sumber Air),"JALAN, JARINGAN DAN IRIGASI",1.3.4.02.05.06.005
12439,Bangunan Jembatan (Bangunan Pelengkap Pengembangan Sumber Air),"JALAN, JARINGAN DAN IRIGASI",1.3.4.02.05.06.006
12440,Bangunan Pelengkap Pengembangan Lain-lain,"JALAN, JARINGAN DAN IRIGASI",1.3.4.02.05.06.007
12441,BANGUNAN SAWAH IRIGASI AIR TANAH,"JALAN, JARINGAN DAN IRIGASI",1.3.4.02.05.07.000
12442,Bangunan sawah irigasi air tanah,"JALAN, JARINGAN DAN IRIGASI",1.3.4.02.05.07.001
12443,Bangunan Sawah Irigasi Air Tanah Semi Teknis,"JALAN, JARINGAN DAN IRIGASI",1.3.4.02.05.07.002
12444,Bangunan Sawah Irigasi Air Tanah Non Teknis,"JALAN, JARINGAN DAN IRIGASI",1.3.4.02.05.07.003
12445,Bangunan Sawah Irigasi Air Tanah Lain-lain (dst),"JALAN, JARINGAN DAN IRIGASI",1.3.4.02.05.07.004
12446,BANGUNAN PENGEMBANGAN SUMBER AIR DAN AIR TANAH LAINNYA,"JALAN, JARINGAN DAN IRIGASI",1.3.4.02.05.08.000
12447,Bangunan pengembangan sumber air dan air tanah lainnya,"JALAN, JARINGAN DAN IRIGASI",1.3.4.02.05.08.001
12448,BANGUNAN AIR BERSIH/AIR BAKU,"JALAN, JARINGAN DAN IRIGASI",1.3.4.02.06.00.000
12449,BANGUNAN WADUK AIR BERSIH/AIR BAKU,"JALAN, JARINGAN DAN IRIGASI",1.3.4.02.06.01.000
12450,Waduk Penyimpanan Air Baku,"JALAN, JARINGAN DAN IRIGASI",1.3.4.02.06.01.001
12451,Waduk Penyimpanan Air Hujan,"JALAN, JARINGAN DAN IRIGASI",1.3.4.02.06.01.002
12452,Bak Penyimpanan/Tower Air Baku,"JALAN, JARINGAN DAN IRIGASI",1.3.4.02.06.01.003
12453,Bangunan Waduk Air Bersih/Air Baku Lain-lain (dst),"JALAN, JARINGAN DAN IRIGASI",1.3.4.02.06.01.004
12454,BANGUNAN PENGAMBILAN AIR BERSIH/AIR BAKU,"JALAN, JARINGAN DAN IRIGASI",1.3.4.02.06.02.000
12455,Bangunan Pengambilan Dari Waduk,"JALAN, JARINGAN DAN IRIGASI",1.3.4.02.06.02.001
12456,Bangunan Pengambilan Dari Sungai,"JALAN, JARINGAN DAN IRIGASI",1.3.4.02.06.02.002
12457,Bangunan Pengambilan Dari Danau,"JALAN, JARINGAN DAN IRIGASI",1.3.4.02.06.02.003
12458,Bangunan Pengambilan Dari Rawa,"JALAN, JARINGAN DAN IRIGASI",1.3.4.02.06.02.004
12459,Bangunan Pengambilan Dari Air Laut,"JALAN, JARINGAN DAN IRIGASI",1.3.4.02.06.02.005
12460,Bangunan Pengambilan Dari Sumber Air,"JALAN, JARINGAN DAN IRIGASI",1.3.4.02.06.02.006
12461,Bangunan Pengambilan Dari Sumur Artetis,"JALAN, JARINGAN DAN IRIGASI",1.3.4.02.06.02.007
12462,Bangunan Pengambilan Air Bersih Lain-lain,"JALAN, JARINGAN DAN IRIGASI",1.3.4.02.06.02.008
12463,BANGUNAN PEMBAWA AIR BERSIH/AIR BAKU,"JALAN, JARINGAN DAN IRIGASI",1.3.4.02.06.03.000
12464,Saluran Pembawa Air Baku Terbuka,"JALAN, JARINGAN DAN IRIGASI",1.3.4.02.06.03.001
12465,Saluran Pembawa Air Baku Tertutup,"JALAN, JARINGAN DAN IRIGASI",1.3.4.02.06.03.002
12466,Bangunan Pembawa Air Bersih Lain-lain,"JALAN, JARINGAN DAN IRIGASI",1.3.4.02.06.03.003
12467,BANGUNAN PEMBUANG AIR BERSIH/AIR BAKU,"JALAN, JARINGAN DAN IRIGASI",1.3.4.02.06.04.000
12468,Saluran Pembuang Air Cucian Air Baku,"JALAN, JARINGAN DAN IRIGASI",1.3.4.02.06.04.001
12469,Saluran Pembuang Air Cucian Instalasi,"JALAN, JARINGAN DAN IRIGASI",1.3.4.02.06.04.002
12470,Bangunan Pembuang Air Bersih Lain-lain,"JALAN, JARINGAN DAN IRIGASI",1.3.4.02.06.04.003
12471,BANGUNAN PELENGKAP AIR BERSIH/AIR BAKU,"JALAN, JARINGAN DAN IRIGASI",1.3.4.02.06.05.000
12472,Bangunan Talang (Bangunan Pelengkap Air Bersih/air Baku),"JALAN, JARINGAN DAN IRIGASI",1.3.4.02.06.05.001
12473,Bangunan Syphon (Bangunan Pelengkap Air Bersih/air Baku),"JALAN, JARINGAN DAN IRIGASI",1.3.4.02.06.05.002
12474,Bangunan Gorong-Gorong (Bangunan Pelengkap Air Bersih/air Baku),"JALAN, JARINGAN DAN IRIGASI",1.3.4.02.06.05.003
12475,Bangunan Jembatan (Bangunan Pelengkap Air Bersih/air Baku),"JALAN, JARINGAN DAN IRIGASI",1.3.4.02.06.05.004
12476,Bangunan Penampung Air Baku,"JALAN, JARINGAN DAN IRIGASI",1.3.4.02.06.05.005
12477,Bangunan Hidran Umum,"JALAN, JARINGAN DAN IRIGASI",1.3.4.02.06.05.006
12478,Bangunan Mandi Cuci Kakus (MCK),"JALAN, JARINGAN DAN IRIGASI",1.3.4.02.06.05.007
12479,Bangunan Menara/Bak Penampung/Reservoir Air Minum,"JALAN, JARINGAN DAN IRIGASI",1.3.4.02.06.05.008
12480,Bangunan Buster Pump,"JALAN, JARINGAN DAN IRIGASI",1.3.4.02.06.05.009
12481,Bangunan Pelengkap Air Bersih/Air Baku Lain-lain (dst),"JALAN, JARINGAN DAN IRIGASI",1.3.4.02.06.05.010
12482,BANGUNAN AIR BERSIH/AIR BAKU LAINNYA,"JALAN, JARINGAN DAN IRIGASI",1.3.4.02.06.06.000
12483,Bangunan Air Bersih/Air Baku Lainnya,"JALAN, JARINGAN DAN IRIGASI",1.3.4.02.06.06.001
12484,Bangunan Air Bersih/Air Baku Lainnya,"JALAN, JARINGAN DAN IRIGASI",1.3.4.02.06.06.002
12485,BANGUNAN AIR KOTOR,"JALAN, JARINGAN DAN IRIGASI",1.3.4.02.07.00.000
12486,BANGUNAN PEMBAWA AIR KOTOR,"JALAN, JARINGAN DAN IRIGASI",1.3.4.02.07.01.000
12487,Saluran Pengumpul Air Hujan,"JALAN, JARINGAN DAN IRIGASI",1.3.4.02.07.01.001
12488,Saluran Pengumpul Air Buangan Domestik,"JALAN, JARINGAN DAN IRIGASI",1.3.4.02.07.01.002
12489,Saluran Pengumpul Air Buangan Industri,"JALAN, JARINGAN DAN IRIGASI",1.3.4.02.07.01.003
12490,Saluran Pengumpul Air Buangan Pertanian,"JALAN, JARINGAN DAN IRIGASI",1.3.4.02.07.01.004
12491,Bangunan Pembawa Air KOtor Lain-lain,"JALAN, JARINGAN DAN IRIGASI",1.3.4.02.07.01.005
12492,BANGUNAN WADUK AIR KOTOR,"JALAN, JARINGAN DAN IRIGASI",1.3.4.02.07.02.000
12493,Waduk Air Hujan,"JALAN, JARINGAN DAN IRIGASI",1.3.4.02.07.02.001
12494,Waduk Air Buangan Domestik,"JALAN, JARINGAN DAN IRIGASI",1.3.4.02.07.02.002
12495,Waduk Air Buangan Industri,"JALAN, JARINGAN DAN IRIGASI",1.3.4.02.07.02.003
12496,Waduk Air Buangan Pertanian,"JALAN, JARINGAN DAN IRIGASI",1.3.4.02.07.02.004
12497,Bangunan Waduk Air Kotor Lain-lain,"JALAN, JARINGAN DAN IRIGASI",1.3.4.02.07.02.005
12498,BANGUNAN PEMBUANG AIR KOTOR,"JALAN, JARINGAN DAN IRIGASI",1.3.4.02.07.03.000
12499,Saluran Pembuang Air Buangan Air Hujan,"JALAN, JARINGAN DAN IRIGASI",1.3.4.02.07.03.001
12500,Saluran Pembuang Air Buangan Domestik,"JALAN, JARINGAN DAN IRIGASI",1.3.4.02.07.03.002
12501,Saluran Pembuang Air Buangan Air Industri,"JALAN, JARINGAN DAN IRIGASI",1.3.4.02.07.03.003
12502,Saluran Pembuang Air Buangan Air Pertanian,"JALAN, JARINGAN DAN IRIGASI",1.3.4.02.07.03.004
12503,Bangunan Pembuang Air Kotor Lain-lain (dst),"JALAN, JARINGAN DAN IRIGASI",1.3.4.02.07.03.005
12504,BANGUNAN PENGAMAN AIR KOTOR,"JALAN, JARINGAN DAN IRIGASI",1.3.4.02.07.04.000
12505,Bangunan Pompa Air Hujan,"JALAN, JARINGAN DAN IRIGASI",1.3.4.02.07.04.001
12506,Bangunan Pompa Air Buangan Domestik,"JALAN, JARINGAN DAN IRIGASI",1.3.4.02.07.04.002
12507,Bangunan Pompa Air Buangan Industri,"JALAN, JARINGAN DAN IRIGASI",1.3.4.02.07.04.003
12508,Bangunan Pompa Air Buangan Pertanian,"JALAN, JARINGAN DAN IRIGASI",1.3.4.02.07.04.004
12509,Bangunan Pengamanan Air Kotor Lain-lain,"JALAN, JARINGAN DAN IRIGASI",1.3.4.02.07.04.005
12510,BANGUNAN PELENGKAP AIR KOTOR,"JALAN, JARINGAN DAN IRIGASI",1.3.4.02.07.05.000
12511,Bangunan Talang (Bangunan Pelengkap Air Kotor),"JALAN, JARINGAN DAN IRIGASI",1.3.4.02.07.05.001
12512,Bangunan Syphon (Bangunan Pelengkap Air Kotor),"JALAN, JARINGAN DAN IRIGASI",1.3.4.02.07.05.002
12513,Bangunan Gorong-Gorong (Bangunan Pelengkap Air Kotor),"JALAN, JARINGAN DAN IRIGASI",1.3.4.02.07.05.003
12514,Bangunan Jembatan (Bangunan Pelengkap Air Kotor),"JALAN, JARINGAN DAN IRIGASI",1.3.4.02.07.05.004
12515,Bangunan Bak Kontrol/Man Hole,"JALAN, JARINGAN DAN IRIGASI",1.3.4.02.07.05.005
12516,Saluran Air Kotor Sambungan Dari Rumah,"JALAN, JARINGAN DAN IRIGASI",1.3.4.02.07.05.006
12517,Bangunan (Box) Culvert,"JALAN, JARINGAN DAN IRIGASI",1.3.4.02.07.05.007
12518,Multiple Pipa Arches,"JALAN, JARINGAN DAN IRIGASI",1.3.4.02.07.05.008
12519,Bangunan Plat Deker,"JALAN, JARINGAN DAN IRIGASI",1.3.4.02.07.05.009
12520,Bangunan Pelengkap Air Kotor Lain-lain (dst),"JALAN, JARINGAN DAN IRIGASI",1.3.4.02.07.05.010
12521,BANGUNAN AIR KOTOR LAINNYA,"JALAN, JARINGAN DAN IRIGASI",1.3.4.02.07.06.000
12522,Bangunan air kotor lainnya,"JALAN, JARINGAN DAN IRIGASI",1.3.4.02.07.06.001
12523,INSTALASI,"JALAN, JARINGAN DAN IRIGASI",1.3.4.03.00.00.000
12524,INSTALASI AIR BERSIH / AIR BAKU,"JALAN, JARINGAN DAN IRIGASI",1.3.4.03.01.00.000
12525,INSTALASI AIR PERMUKAAN,"JALAN, JARINGAN DAN IRIGASI",1.3.4.03.01.01.000
12526,Instalasi Air Permukaan Kapasitas Kecil,"JALAN, JARINGAN DAN IRIGASI",1.3.4.03.01.01.001
12527,Instalasi Air Permukaan Kapasitas Sedang,"JALAN, JARINGAN DAN IRIGASI",1.3.4.03.01.01.002
12528,Instalasi Air Permukaan Kapasitas Besar,"JALAN, JARINGAN DAN IRIGASI",1.3.4.03.01.01.003
12529,Air Muka Tanah Lain-lain,"JALAN, JARINGAN DAN IRIGASI",1.3.4.03.01.01.004
12530,INSTALASI AIR SUMBER / MATA AIR,"JALAN, JARINGAN DAN IRIGASI",1.3.4.03.01.02.000
12531,Instalasi Air Sumber / Mata Air Kapasitas Kecil,"JALAN, JARINGAN DAN IRIGASI",1.3.4.03.01.02.001
12532,Instalasi Air Sumber / Mata Air Kapasitas Sedang,"JALAN, JARINGAN DAN IRIGASI",1.3.4.03.01.02.002
12533,Instalasi Air Sumber / Mata Air Kapasitas Besar,"JALAN, JARINGAN DAN IRIGASI",1.3.4.03.01.02.003
12534,Air Sumber/Mata Air Lain-lain,"JALAN, JARINGAN DAN IRIGASI",1.3.4.03.01.02.004
12535,INSTALASI AIR TANAH DALAM,"JALAN, JARINGAN DAN IRIGASI",1.3.4.03.01.03.000
12536,Instalasi Air Tanah Dalam Kapasitas Kecil,"JALAN, JARINGAN DAN IRIGASI",1.3.4.03.01.03.001
12537,Instalasi Air Tanah Dalam Kapasitas Sedang,"JALAN, JARINGAN DAN IRIGASI",1.3.4.03.01.03.002
12538,Instalasi Air Tanah Dalam Kapasitas Besar,"JALAN, JARINGAN DAN IRIGASI",1.3.4.03.01.03.003
12539,Air Tanah Dalam Lain-lain,"JALAN, JARINGAN DAN IRIGASI",1.3.4.03.01.03.004
12540,INSTALASI AIR TANAH DANGKAL,"JALAN, JARINGAN DAN IRIGASI",1.3.4.03.01.04.000
12541,Instalasi Air Tanah Dangkal Kapasitas Kecil,"JALAN, JARINGAN DAN IRIGASI",1.3.4.03.01.04.001
12542,Instalasi Air Tanah Dangkal Kapasitas Sedang,"JALAN, JARINGAN DAN IRIGASI",1.3.4.03.01.04.002
12543,Instalasi Air Tanah Dangkal Kapasitas Besar,"JALAN, JARINGAN DAN IRIGASI",1.3.4.03.01.04.003
12544,Instalasi Air Tanah Dangkal Lain-lain,"JALAN, JARINGAN DAN IRIGASI",1.3.4.03.01.04.004
12545,INSTALASI AIR BERSIH / AIR BAKU LAINNYA,"JALAN, JARINGAN DAN IRIGASI",1.3.4.03.01.05.000
12546,Sistem Pengolahan Air Sederhana (SIPAS),"JALAN, JARINGAN DAN IRIGASI",1.3.4.03.01.05.001
12547,Jaringan Rumah Tangga (JARUT),"JALAN, JARINGAN DAN IRIGASI",1.3.4.03.01.05.002
12548,Penampungan Air Hujan (PAH),"JALAN, JARINGAN DAN IRIGASI",1.3.4.03.01.05.003
12549,Sumur Gali (SGL),"JALAN, JARINGAN DAN IRIGASI",1.3.4.03.01.05.004
12550,Sumur Resapan,"JALAN, JARINGAN DAN IRIGASI",1.3.4.03.01.05.005
12551,Instalasi Air Bersih/Air Baku Lainnya Lain-lain (dst),"JALAN, JARINGAN DAN IRIGASI",1.3.4.03.01.05.006
12552,INSTALASI AIR KOTOR,"JALAN, JARINGAN DAN IRIGASI",1.3.4.03.02.00.000
12553,INSTALASI AIR BUANGAN DOMESTIK,"JALAN, JARINGAN DAN IRIGASI",1.3.4.03.02.01.000
12554,Instalasi Air Buangan Domestik Kapasitas Kecil,"JALAN, JARINGAN DAN IRIGASI",1.3.4.03.02.01.001
12555,Instalasi Air Buangan Domestik Kapasitas Sedang,"JALAN, JARINGAN DAN IRIGASI",1.3.4.03.02.01.002
12556,Instalasi Air Buangan Domestik Kapasitas Besar,"JALAN, JARINGAN DAN IRIGASI",1.3.4.03.02.01.003
12557,Instalasi Air Kotor Lain-lain,"JALAN, JARINGAN DAN IRIGASI",1.3.4.03.02.01.004
12558,INSTALASI AIR BUANGAN INDUSTRI,"JALAN, JARINGAN DAN IRIGASI",1.3.4.03.02.02.000
12559,Instalasi Air Buangan Industri Kapasitas Kecil,"JALAN, JARINGAN DAN IRIGASI",1.3.4.03.02.02.001
12560,Instalasi Air Buangan Industri Kapasitas Sedang,"JALAN, JARINGAN DAN IRIGASI",1.3.4.03.02.02.002
12561,Instalasi Air Buangan Industri Kapasitas Besar,"JALAN, JARINGAN DAN IRIGASI",1.3.4.03.02.02.003
12562,Instalasi Air Buangan Industri Lain-lain,"JALAN, JARINGAN DAN IRIGASI",1.3.4.03.02.02.004
12563,INSTALASI AIR BUANGAN PERTANIAN,"JALAN, JARINGAN DAN IRIGASI",1.3.4.03.02.03.000
12564,Instalasi Air Buangan Pertanian Kapasitas Kecil,"JALAN, JARINGAN DAN IRIGASI",1.3.4.03.02.03.001
12565,Instalasi Air Buangan Pertanian Kapasitas Sedang,"JALAN, JARINGAN DAN IRIGASI",1.3.4.03.02.03.002
12566,Instalasi Air Buangan Pertanian Kapasitas Besar,"JALAN, JARINGAN DAN IRIGASI",1.3.4.03.02.03.003
12567,Instalasi Air Buangan Pertanian Lain-lain,"JALAN, JARINGAN DAN IRIGASI",1.3.4.03.02.03.004
12568,INSTALASI AIR KOTOR LAINNYA,"JALAN, JARINGAN DAN IRIGASI",1.3.4.03.02.04.000
12569,Instalasi air kotor lainnya,"JALAN, JARINGAN DAN IRIGASI",1.3.4.03.02.04.001
12570,INSTALASI PENGOLAHAN SAMPAH,"JALAN, JARINGAN DAN IRIGASI",1.3.4.03.03.00.000
12571,INSTALASI PENGOLAHAN SAMPAH ORGANIK,"JALAN, JARINGAN DAN IRIGASI",1.3.4.03.03.01.000
12572,Instalasi Pengolahan Sampah Organik Sistem Pembakaran,"JALAN, JARINGAN DAN IRIGASI",1.3.4.03.03.01.001
12573,Instalasi Pengolahan Sampah Organik Sistem Kompos,"JALAN, JARINGAN DAN IRIGASI",1.3.4.03.03.01.002
12574,Instalasi Pengolahan Sampah Organik Sistem Penimbunan,"JALAN, JARINGAN DAN IRIGASI",1.3.4.03.03.01.003
12575,Instalasi Pengolahan Sampah Organik Lain-lain,"JALAN, JARINGAN DAN IRIGASI",1.3.4.03.03.01.004
12576,INSTALASI PENGOLAHAN SAMPAH NON ORGANIK,"JALAN, JARINGAN DAN IRIGASI",1.3.4.03.03.02.000
12577,Instalasi Pengolahan Sampah Non Organik Daur Ulang Logam,"JALAN, JARINGAN DAN IRIGASI",1.3.4.03.03.02.001
12578,Instalasi Pengolahan Sampah Non Organik Daur Ulang Non Logam,"JALAN, JARINGAN DAN IRIGASI",1.3.4.03.03.02.002
12579,Instalasi Pengolahan Sampah Non Organik Lain-lain,"JALAN, JARINGAN DAN IRIGASI",1.3.4.03.03.02.003
12580,BANGUNAN PENAMPUNG SAMPAH,"JALAN, JARINGAN DAN IRIGASI",1.3.4.03.03.03.000
12581,Bangunan penampung sampah,"JALAN, JARINGAN DAN IRIGASI",1.3.4.03.03.03.001
12582,Bangunan Tempat Menampung Sampah Lingkungan,"JALAN, JARINGAN DAN IRIGASI",1.3.4.03.03.03.002
12583,Bangunan Penampung Sampah Lain-lain (dst),"JALAN, JARINGAN DAN IRIGASI",1.3.4.03.03.03.003
12584,INSTALASI PENGOLAHAN SAMPAH LAINNYA,"JALAN, JARINGAN DAN IRIGASI",1.3.4.03.03.04.000
12585,Instalasi pengolahan sampah lainnya,"JALAN, JARINGAN DAN IRIGASI",1.3.4.03.03.04.001
12586,INSTALASI PENGOLAHAN BAHAN BANGUNAN,"JALAN, JARINGAN DAN IRIGASI",1.3.4.03.04.00.000
12587,INSTALASI PENGOLAHAN BAHAN BANGUNAN PERCONTOHAN,"JALAN, JARINGAN DAN IRIGASI",1.3.4.03.04.01.000
12588,Instalasi pengolahan bahan bangunan percontohan,"JALAN, JARINGAN DAN IRIGASI",1.3.4.03.04.01.001
12589,Instalasi Pengolahan Bahan Bangunan Percontohan Pengeringan Kayu,"JALAN, JARINGAN DAN IRIGASI",1.3.4.03.04.01.002
12590,Instalasi Pengolahan Bahan Bangunan Percontohan Pengerjaan Kayu,"JALAN, JARINGAN DAN IRIGASI",1.3.4.03.04.01.003
12591,Instalasi Pengolahan Bahan Bangunan Percontohan Perkapuran,"JALAN, JARINGAN DAN IRIGASI",1.3.4.03.04.01.004
12592,Instalasi Pengolahan Bahan Bangunan Percontohan Pembuatan Batu,"JALAN, JARINGAN DAN IRIGASI",1.3.4.03.04.01.005
12593,Instalasi Pengolahan Bahan Bangunan Percontohan Pembuatan Agrega,"JALAN, JARINGAN DAN IRIGASI",1.3.4.03.04.01.006
12594,Instalasi Pengolahan Bahan Bangunan Percontohan Lain-lain (dst),"JALAN, JARINGAN DAN IRIGASI",1.3.4.03.04.01.007
12595,INSTALASI PENGOLAHAN BAHAN BANGUNAN PERINTIS,"JALAN, JARINGAN DAN IRIGASI",1.3.4.03.04.02.000
12596,Instalasi Pengolahan Bahan Bangunan Perintis Pengawetan Kayu,"JALAN, JARINGAN DAN IRIGASI",1.3.4.03.04.02.001
12597,Instalasi Pengolahan Bahan Bangunan Perintis Pengeringan Kayu,"JALAN, JARINGAN DAN IRIGASI",1.3.4.03.04.02.002
12598,Instalasi Pengolahan Bahan Bangunan Perintis Pengerjaan Kayu,"JALAN, JARINGAN DAN IRIGASI",1.3.4.03.04.02.003
12599,Instalasi Pengolahan Bahan Bangunan Perintis Perkapuran,"JALAN, JARINGAN DAN IRIGASI",1.3.4.03.04.02.004
12600,Instalasi Pengolahan Bahan Bangunan Perintis Pembuatan Batu Ceta,"JALAN, JARINGAN DAN IRIGASI",1.3.4.03.04.02.005
12601,Instalasi Pengolahan Bahan Bangunan Perintis Pembuatan Agregat,"JALAN, JARINGAN DAN IRIGASI",1.3.4.03.04.02.006
12602,Instalasi Pengolahan Bahan Bangunan Lain-lain,"JALAN, JARINGAN DAN IRIGASI",1.3.4.03.04.02.007
12603,INSTALASI PENGOLAHAN BAHAN BANGUNAN TERAPAN,"JALAN, JARINGAN DAN IRIGASI",1.3.4.03.04.03.000
12604,Instalasi pengolahan bahan bangunan terapan,"JALAN, JARINGAN DAN IRIGASI",1.3.4.03.04.03.001
12605,Instalasi Pengolahan Bahan Bangunan Terapan Lain-lain (dst),"JALAN, JARINGAN DAN IRIGASI",1.3.4.03.04.03.002
12606,INSTALASI PENGOLAHAN BAHAN BANGUNAN LAINNYA,"JALAN, JARINGAN DAN IRIGASI",1.3.4.03.04.04.000
12607,Instalasi pengolahan bahan bangunan lainnya,"JALAN, JARINGAN DAN IRIGASI",1.3.4.03.04.04.001
12608,INSTALASI PEMBANGKIT LISTRIK,"JALAN, JARINGAN DAN IRIGASI",1.3.4.03.05.00.000
12609,INSTALASI PEMBANGKIT LISTRIK TENAGA AIR (PLTA),"JALAN, JARINGAN DAN IRIGASI",1.3.4.03.05.01.000
12610,Instalasi PLTA Kapasitas Kecil,"JALAN, JARINGAN DAN IRIGASI",1.3.4.03.05.01.001
12611,Instalasi PLTA Kapasitas Sedang,"JALAN, JARINGAN DAN IRIGASI",1.3.4.03.05.01.002
12612,Instalasi PLTA Kapasitas Besar,"JALAN, JARINGAN DAN IRIGASI",1.3.4.03.05.01.003
12613,Instalasi Listrik Tenaga Air Lain-lain,"JALAN, JARINGAN DAN IRIGASI",1.3.4.03.05.01.004
12614,INSTALASI PEMBANGKIT LISTRIK TENAGA DIESEL (PLTD),"JALAN, JARINGAN DAN IRIGASI",1.3.4.03.05.02.000
12615,Instalasi PLTD Kapasitas Kecil,"JALAN, JARINGAN DAN IRIGASI",1.3.4.03.05.02.001
12616,Instalasi PLTD Kapasitas Sedang,"JALAN, JARINGAN DAN IRIGASI",1.3.4.03.05.02.002
12617,Instalasi PLTD Kapasitas Besar,"JALAN, JARINGAN DAN IRIGASI",1.3.4.03.05.02.003
12618,Pembangkit Listrik Tenaga Diesel Lain-lain,"JALAN, JARINGAN DAN IRIGASI",1.3.4.03.05.02.004
12619,INSTALASI PEMBANGKIT LISTRIK TENAGA MIKRO HIDRO (PLTM),"JALAN, JARINGAN DAN IRIGASI",1.3.4.03.05.03.000
12620,Instalasi PLTM Kapasitas Kecil,"JALAN, JARINGAN DAN IRIGASI",1.3.4.03.05.03.001
12621,Instalasi PLTM Kapasitas Sedang,"JALAN, JARINGAN DAN IRIGASI",1.3.4.03.05.03.002
12622,Instalasi PLTM Kapasitas Besar,"JALAN, JARINGAN DAN IRIGASI",1.3.4.03.05.03.003
12623,Pembangkit Listrik Tenaga Mikro Lain-lain,"JALAN, JARINGAN DAN IRIGASI",1.3.4.03.05.03.004
12624,INSTALASI PEMBANGKIT LISTRIK TENAGA ANGIN (PLTAN),"JALAN, JARINGAN DAN IRIGASI",1.3.4.03.05.04.000
12625,Instalasi PLTAN Kapasitas Kecil,"JALAN, JARINGAN DAN IRIGASI",1.3.4.03.05.04.001
12626,Instalasi PLTAN Kapasitas Sedang,"JALAN, JARINGAN DAN IRIGASI",1.3.4.03.05.04.002
12627,Instalasi PLTAN Kapasitas Besar,"JALAN, JARINGAN DAN IRIGASI",1.3.4.03.05.04.003
12628,PLTA Lain-lain,"JALAN, JARINGAN DAN IRIGASI",1.3.4.03.05.04.004
12629,INSTALASI PEMBANGKIT LISTRIK TENAGA UAP (PLTU),"JALAN, JARINGAN DAN IRIGASI",1.3.4.03.05.05.000
12630,Instalasi PLTU Kapasitas Kecil,"JALAN, JARINGAN DAN IRIGASI",1.3.4.03.05.05.001
12631,Instalasi PLTU Kapasitas Sedang,"JALAN, JARINGAN DAN IRIGASI",1.3.4.03.05.05.002
12632,Instalasi PLTU Kapasitas Besar,"JALAN, JARINGAN DAN IRIGASI",1.3.4.03.05.05.003
12633,PLTU Lain-lain,"JALAN, JARINGAN DAN IRIGASI",1.3.4.03.05.05.004
12634,INSTALASI PEMBANGKIT LISTRIK TENAGA NUKLIR (PLTN),"JALAN, JARINGAN DAN IRIGASI",1.3.4.03.05.06.000
12635,Instalasi PLTN Kapasitas Kecil,"JALAN, JARINGAN DAN IRIGASI",1.3.4.03.05.06.001
12636,Instalasi PLTN Kapasitas Sedang,"JALAN, JARINGAN DAN IRIGASI",1.3.4.03.05.06.002
12637,Instalasi PLTN Kapasitas Besar,"JALAN, JARINGAN DAN IRIGASI",1.3.4.03.05.06.003
12638,PLTN Lain-lain,"JALAN, JARINGAN DAN IRIGASI",1.3.4.03.05.06.004
12639,INSTALASI PEMBANGKIT LISTRIK TENAGA GAS (PLTG),"JALAN, JARINGAN DAN IRIGASI",1.3.4.03.05.07.000
12640,Instalasi PLTG Kapasitas Kecil,"JALAN, JARINGAN DAN IRIGASI",1.3.4.03.05.07.001
12641,Instalasi PLTG Kapasitas Sedang,"JALAN, JARINGAN DAN IRIGASI",1.3.4.03.05.07.002
12642,Instalasi PLTG Kapasitas Besar,"JALAN, JARINGAN DAN IRIGASI",1.3.4.03.05.07.003
12643,PLTG Lain-lain,"JALAN, JARINGAN DAN IRIGASI",1.3.4.03.05.07.004
12644,INSTALASI PEMBANGKIT LISTRIK TENAGA PANAS BUMI (PLTP),"JALAN, JARINGAN DAN IRIGASI",1.3.4.03.05.08.000
12645,Instalasi PLTP Kapasitas Kecil,"JALAN, JARINGAN DAN IRIGASI",1.3.4.03.05.08.001
12646,Instalasi PLTP Kapasitas Sedang,"JALAN, JARINGAN DAN IRIGASI",1.3.4.03.05.08.002
12647,Instalasi PLTP Kapasitas Besar,"JALAN, JARINGAN DAN IRIGASI",1.3.4.03.05.08.003
12648,Pembangkit Listrik Tenaga Panas Bumi Lain-lain,"JALAN, JARINGAN DAN IRIGASI",1.3.4.03.05.08.004
12649,INSTALASI PEMBANGKIT LISTRIK TENAGA SURYA (PLTS),"JALAN, JARINGAN DAN IRIGASI",1.3.4.03.05.09.000
12650,Instalasi PLTS Kapasitas Kecil,"JALAN, JARINGAN DAN IRIGASI",1.3.4.03.05.09.001
12651,Instalasi PLTS Kapasitas Sedang,"JALAN, JARINGAN DAN IRIGASI",1.3.4.03.05.09.002
12652,Instalasi PLTS Kapasitas Besar,"JALAN, JARINGAN DAN IRIGASI",1.3.4.03.05.09.003
12653,Instalasi Pembangkit Listrik Tenaga SuryaLain-lain,"JALAN, JARINGAN DAN IRIGASI",1.3.4.03.05.09.004
12654,INSTALASI PEMBANGKIT LISTRIK TENAGA BIOGAS (PLTB),"JALAN, JARINGAN DAN IRIGASI",1.3.4.03.05.10.000
12655,Instalasi PLTB Kapasitas Kecil,"JALAN, JARINGAN DAN IRIGASI",1.3.4.03.05.10.001
12656,Instalasi PLTB Kapasitas Sedang,"JALAN, JARINGAN DAN IRIGASI",1.3.4.03.05.10.002
12657,Instalasi PLTB Kapasitas Besar,"JALAN, JARINGAN DAN IRIGASI",1.3.4.03.05.10.003
12658,Instalasi Listrik Tenaga Biogas Lain-lain,"JALAN, JARINGAN DAN IRIGASI",1.3.4.03.05.10.004
12659,INSTALASI PEMBANGKIT LISTRIK TENAGA SAMUDERA / GELOMBANG SAMUDERA,"JALAN, JARINGAN DAN IRIGASI",1.3.4.03.05.11.000
12660,Instalasi PLTSM Kapasitas Kecil,"JALAN, JARINGAN DAN IRIGASI",1.3.4.03.05.11.001
12661,Instalasi PLTSM Kapasitas Sedang,"JALAN, JARINGAN DAN IRIGASI",1.3.4.03.05.11.002
12662,Instalasi PLTSM Kapasitas Besar,"JALAN, JARINGAN DAN IRIGASI",1.3.4.03.05.11.003
12663,Instalasi PLTSm Lain-lain,"JALAN, JARINGAN DAN IRIGASI",1.3.4.03.05.11.004
12664,INSTALASI PEMBANGKIT LISTRIK LAINNYA,"JALAN, JARINGAN DAN IRIGASI",1.3.4.03.05.12.000
12665,Instalasi pembangkit listrik lainnya,"JALAN, JARINGAN DAN IRIGASI",1.3.4.03.05.12.001
12666,INSTALASI GARDU LISTRIK,"JALAN, JARINGAN DAN IRIGASI",1.3.4.03.06.00.000
12667,INSTALASI GARDU LISTRIK INDUK,"JALAN, JARINGAN DAN IRIGASI",1.3.4.03.06.01.000
12668,Instalasi Gardu Listrik Induk Kapasitas Kecil,"JALAN, JARINGAN DAN IRIGASI",1.3.4.03.06.01.001
12669,Instalasi Gardu Listrik Induk Kapasitas Sedang,"JALAN, JARINGAN DAN IRIGASI",1.3.4.03.06.01.002
12670,Instalasi Gardu Listrik Induk Kapasitas Besar,"JALAN, JARINGAN DAN IRIGASI",1.3.4.03.06.01.003
12671,Instalasi Gardu Listrik Induk Lain-lain,"JALAN, JARINGAN DAN IRIGASI",1.3.4.03.06.01.004
12672,INSTALASI GARDU LISTRIK DISTRIBUSI,"JALAN, JARINGAN DAN IRIGASI",1.3.4.03.06.02.000
12673,Instalasi Gardu Listrik Distribusi Kapasitas Kecil,"JALAN, JARINGAN DAN IRIGASI",1.3.4.03.06.02.001
12674,Instalasi Gardu Listrik Distribusi Kapasitas Sedang,"JALAN, JARINGAN DAN IRIGASI",1.3.4.03.06.02.002
12675,Instalasi Gardu Listrik Distribusi Kapasitas Besar,"JALAN, JARINGAN DAN IRIGASI",1.3.4.03.06.02.003
12676,Instalasi Gardu Listrik Distribusi Lain-lain,"JALAN, JARINGAN DAN IRIGASI",1.3.4.03.06.02.004
12677,INSTALASI PUSAT PENGATUR LISTRIK,"JALAN, JARINGAN DAN IRIGASI",1.3.4.03.06.03.000
12678,Instalasi Pusat Pengatur Listrik Kapasitas Kecil,"JALAN, JARINGAN DAN IRIGASI",1.3.4.03.06.03.001
12679,Instalasi Pusat Pengatur Listrik Kapasitas Sedang,"JALAN, JARINGAN DAN IRIGASI",1.3.4.03.06.03.002
12680,Instalasi Pusat Pengatur Listrik Kapasitas Besar,"JALAN, JARINGAN DAN IRIGASI",1.3.4.03.06.03.003
12681,Instalsi Pusat Pengatur Listrik Lain-lain,"JALAN, JARINGAN DAN IRIGASI",1.3.4.03.06.03.004
12682,INSTALASI GARDU LISTRIK LAINNYA,"JALAN, JARINGAN DAN IRIGASI",1.3.4.03.06.04.000
12683,Instalasi gardu listrik lainnya,"JALAN, JARINGAN DAN IRIGASI",1.3.4.03.06.04.001
12684,INSTALASI PERTAHANAN,"JALAN, JARINGAN DAN IRIGASI",1.3.4.03.07.00.000
12685,INSTALASI PERTAHANAN DI DARAT,"JALAN, JARINGAN DAN IRIGASI",1.3.4.03.07.01.000
12686,Instalasi Radar,"JALAN, JARINGAN DAN IRIGASI",1.3.4.03.07.01.001
12687,Instalasi Perkubuan,"JALAN, JARINGAN DAN IRIGASI",1.3.4.03.07.01.002
12688,Instalasi Peluru Kendali (Rudal),"JALAN, JARINGAN DAN IRIGASI",1.3.4.03.07.01.003
12689,Instalasi Komunikasi Elektronik (KOMLEK),"JALAN, JARINGAN DAN IRIGASI",1.3.4.03.07.01.004
12690,Instalasi Benteng,"JALAN, JARINGAN DAN IRIGASI",1.3.4.03.07.01.005
12691,Instalasi Radar Lain-lain,"JALAN, JARINGAN DAN IRIGASI",1.3.4.03.07.01.006
12692,INSTALASI PERTAHANAN LAINNYA,"JALAN, JARINGAN DAN IRIGASI",1.3.4.03.07.02.000
12693,Instalasi pertahanan lainnya,"JALAN, JARINGAN DAN IRIGASI",1.3.4.03.07.02.001
12694,INSTALASI GAS,"JALAN, JARINGAN DAN IRIGASI",1.3.4.03.08.00.000
12695,INSTALASI GARDU GAS,"JALAN, JARINGAN DAN IRIGASI",1.3.4.03.08.01.000
12696,Instalasi Gardu Gas LPG,"JALAN, JARINGAN DAN IRIGASI",1.3.4.03.08.01.001
12697,Instalasi Gardu Gas LNG,"JALAN, JARINGAN DAN IRIGASI",1.3.4.03.08.01.002
12698,Instalsi Gardu Gas Lain-lain,"JALAN, JARINGAN DAN IRIGASI",1.3.4.03.08.01.003
12699,INSTALASI JARINGAN PIPA GAS,"JALAN, JARINGAN DAN IRIGASI",1.3.4.03.08.02.000
12700,Instalasi Jaringan Pipa Gas Primer,"JALAN, JARINGAN DAN IRIGASI",1.3.4.03.08.02.001
12701,Instalasi Jaringan Pipa Gas Sekunder,"JALAN, JARINGAN DAN IRIGASI",1.3.4.03.08.02.002
12702,Instalasi Jaringan Pipa gas Lain-lain,"JALAN, JARINGAN DAN IRIGASI",1.3.4.03.08.02.003
12703,INSTALASI PENGOLAHAN GAS,"JALAN, JARINGAN DAN IRIGASI",1.3.4.03.08.03.000
12704,Instalasi pengolahan gas,"JALAN, JARINGAN DAN IRIGASI",1.3.4.03.08.03.001
12705,Instalasi Pengolahan Gas Propax,"JALAN, JARINGAN DAN IRIGASI",1.3.4.03.08.03.002
12706,Instalasi Pengolahan Gas Lain-lain (dst),"JALAN, JARINGAN DAN IRIGASI",1.3.4.03.08.03.003
12707,INSTALASI GAS LAINNYA,"JALAN, JARINGAN DAN IRIGASI",1.3.4.03.08.04.000
12708,Instalasi gas lainnya,"JALAN, JARINGAN DAN IRIGASI",1.3.4.03.08.04.001
12709,INSTALASI PENGAMAN,"JALAN, JARINGAN DAN IRIGASI",1.3.4.03.09.00.000
12710,INSTALASI PENGAMAN PENANGKAL PETIR,"JALAN, JARINGAN DAN IRIGASI",1.3.4.03.09.01.000
12711,Instalasi Penangkal Petir Manual,"JALAN, JARINGAN DAN IRIGASI",1.3.4.03.09.01.001
12712,Instalasi Penangkal Petir Komputerisasi,"JALAN, JARINGAN DAN IRIGASI",1.3.4.03.09.01.002
12713,Lain-lain,"JALAN, JARINGAN DAN IRIGASI",1.3.4.03.09.01.003
12714,INSTALASI REAKTOR NUKLIR,"JALAN, JARINGAN DAN IRIGASI",1.3.4.03.09.02.000
12715,Instalasi reaktor nuklir,"JALAN, JARINGAN DAN IRIGASI",1.3.4.03.09.02.001
12716,Instalasi Produksi Elemen Bahan Reaktor Nuklir,"JALAN, JARINGAN DAN IRIGASI",1.3.4.03.09.02.002
12717,Instalasi Elemen Bakar Eksperimental,"JALAN, JARINGAN DAN IRIGASI",1.3.4.03.09.02.003
12718,Instalasi Radio Metalurgi,"JALAN, JARINGAN DAN IRIGASI",1.3.4.03.09.02.004
12719,Instalasi Pemurnian Uranium,"JALAN, JARINGAN DAN IRIGASI",1.3.4.03.09.02.005
12720,Instalasi Electron Beam Machine,"JALAN, JARINGAN DAN IRIGASI",1.3.4.03.09.02.006
12721,Instalasi Irradiator,"JALAN, JARINGAN DAN IRIGASI",1.3.4.03.09.02.007
12722,Instalasi Reaktor Nuklir Lain-lain (dst),"JALAN, JARINGAN DAN IRIGASI",1.3.4.03.09.02.008
12723,INSTALASI PENGOLAHAN LIMBAH RADIO AKTIF,"JALAN, JARINGAN DAN IRIGASI",1.3.4.03.09.03.000
12724,Instalasi pengolahan limbah radio aktif,"JALAN, JARINGAN DAN IRIGASI",1.3.4.03.09.03.001
12725,Instalasi Pengolahan Limbah Radio Aktif Padat,"JALAN, JARINGAN DAN IRIGASI",1.3.4.03.09.03.002
12726,Instalasi Pengolahan Limbah Radio Aktif Gas,"JALAN, JARINGAN DAN IRIGASI",1.3.4.03.09.03.003
12727,Instalasi Pengolahan Limbah Radio Aktif Lain-lain (dst),"JALAN, JARINGAN DAN IRIGASI",1.3.4.03.09.03.004
12728,INSTALASI PENGAMAN LAINNYA,"JALAN, JARINGAN DAN IRIGASI",1.3.4.03.09.04.000
12729,Instalasi pengaman lainnya,"JALAN, JARINGAN DAN IRIGASI",1.3.4.03.09.04.001
12730,INSTALASI LAIN,"JALAN, JARINGAN DAN IRIGASI",1.3.4.03.10.00.000
12731,INSTALASI LAIN,"JALAN, JARINGAN DAN IRIGASI",1.3.4.03.10.01.000
12732,Instalasi Generating Set,"JALAN, JARINGAN DAN IRIGASI",1.3.4.03.10.01.001
12733,Instalasi AC,"JALAN, JARINGAN DAN IRIGASI",1.3.4.03.10.01.002
12734,Instalasi Building Automation System (BAS),"JALAN, JARINGAN DAN IRIGASI",1.3.4.03.10.01.003
12735,Instalasi Komputer,"JALAN, JARINGAN DAN IRIGASI",1.3.4.03.10.01.004
12736,Instalasi JaringanTelevisi,"JALAN, JARINGAN DAN IRIGASI",1.3.4.03.10.01.005
12737,JARINGAN,"JALAN, JARINGAN DAN IRIGASI",1.3.4.04.00.00.000
12738,JARINGAN AIR MINUM,"JALAN, JARINGAN DAN IRIGASI",1.3.4.04.01.00.000
12739,JARINGAN PEMBAWA,"JALAN, JARINGAN DAN IRIGASI",1.3.4.04.01.01.000
12740,Jaringan Pembawa Kapasitas Kecil,"JALAN, JARINGAN DAN IRIGASI",1.3.4.04.01.01.001
12741,Jaringan Pembawa Kapasitas Sedang,"JALAN, JARINGAN DAN IRIGASI",1.3.4.04.01.01.002
12742,Jaringan Pembawa Kapasitas Besar,"JALAN, JARINGAN DAN IRIGASI",1.3.4.04.01.01.003
12743,Jaringan Pembawa Lain-lain,"JALAN, JARINGAN DAN IRIGASI",1.3.4.04.01.01.004
12744,JARINGAN INDUK DISTRIBUSI,"JALAN, JARINGAN DAN IRIGASI",1.3.4.04.01.02.000
12745,Jaringan Induk Distribusi Kapasitas Kecil,"JALAN, JARINGAN DAN IRIGASI",1.3.4.04.01.02.001
12746,Jaringan Induk Distribusi Kapasitas Sedang,"JALAN, JARINGAN DAN IRIGASI",1.3.4.04.01.02.002
12747,Jaringan Induk Distribusi Kapasitas Besar,"JALAN, JARINGAN DAN IRIGASI",1.3.4.04.01.02.003
12748,Jaringan Induk Distribusi Lain-lain,"JALAN, JARINGAN DAN IRIGASI",1.3.4.04.01.02.004
12749,JARINGAN CABANG DISTRIBUSI,"JALAN, JARINGAN DAN IRIGASI",1.3.4.04.01.03.000
12750,Jaringan Cabang Distribusi Kapasitas Kecil,"JALAN, JARINGAN DAN IRIGASI",1.3.4.04.01.03.001
12751,Jaringan Cabang Distribusi Kapasitas Sedang,"JALAN, JARINGAN DAN IRIGASI",1.3.4.04.01.03.002
12752,Jaringan Cabang Distribusi Kapasitas Besar,"JALAN, JARINGAN DAN IRIGASI",1.3.4.04.01.03.003
12753,Jaringan Cabang Distribusi lain-lain,"JALAN, JARINGAN DAN IRIGASI",1.3.4.04.01.03.004
12754,JARINGAN SAMBUNGAN KE RUMAH,"JALAN, JARINGAN DAN IRIGASI",1.3.4.04.01.04.000
12755,Jaringan Sambungan Ke Rumah Kapasitas Kecil,"JALAN, JARINGAN DAN IRIGASI",1.3.4.04.01.04.001
12756,Jaringan Sambungan Ke Rumah Kapasitas Sedang,"JALAN, JARINGAN DAN IRIGASI",1.3.4.04.01.04.002
12757,Jaringan Sambungan Ke Rumah Kapasitas Besar,"JALAN, JARINGAN DAN IRIGASI",1.3.4.04.01.04.003
12758,Jaringan Sambungan ke Rumah Lain-lain,"JALAN, JARINGAN DAN IRIGASI",1.3.4.04.01.04.004
12759,JARINGAN AIR MINUM LAINNYA,"JALAN, JARINGAN DAN IRIGASI",1.3.4.04.01.05.000
12760,Jaringan air minum lainnya,"JALAN, JARINGAN DAN IRIGASI",1.3.4.04.01.05.001
12761,JARINGAN LISTRIK,"JALAN, JARINGAN DAN IRIGASI",1.3.4.04.02.00.000
12762,JARINGAN TRANSMISI,"JALAN, JARINGAN DAN IRIGASI",1.3.4.04.02.01.000
12763,Jaringan Transmisi Tegangan Diatas 3 KVA,"JALAN, JARINGAN DAN IRIGASI",1.3.4.04.02.01.001
12764,Jaringan Transmisi Tegangan 1 S/D 3 KVA,"JALAN, JARINGAN DAN IRIGASI",1.3.4.04.02.01.002
12765,Jaringan Transmisi Tegangan Dibawah 1 KVA,"JALAN, JARINGAN DAN IRIGASI",1.3.4.04.02.01.003
12766,Jaringan Transmisi Lain-lain,"JALAN, JARINGAN DAN IRIGASI",1.3.4.04.02.01.004
12767,JARINGAN DISTRIBUSI,"JALAN, JARINGAN DAN IRIGASI",1.3.4.04.02.02.000
12768,Jaringan Distribusi Tegangan Diatas 20 KVA,"JALAN, JARINGAN DAN IRIGASI",1.3.4.04.02.02.001
12769,Jaringan Distribusi Tegangan 1 S/D 20 KVA,"JALAN, JARINGAN DAN IRIGASI",1.3.4.04.02.02.002
12770,Jaringan Distribusi Tegangan Dibawah 1 KVA,"JALAN, JARINGAN DAN IRIGASI",1.3.4.04.02.02.003
12771,Jaringan Distribusi Lain-lain,"JALAN, JARINGAN DAN IRIGASI",1.3.4.04.02.02.004
12772,JARINGAN LISTRIK LAINNYA,"JALAN, JARINGAN DAN IRIGASI",1.3.4.04.02.03.000
12773,Jaringan listrik lainnya,"JALAN, JARINGAN DAN IRIGASI",1.3.4.04.02.03.001
12774,JARINGAN TELEPON,"JALAN, JARINGAN DAN IRIGASI",1.3.4.04.03.00.000
12775,JARINGAN TELEPON DIATAS TANAH,"JALAN, JARINGAN DAN IRIGASI",1.3.4.04.03.01.000
12776,Jaringan Telepon Diatas Tanah Kapasitas Kecil,"JALAN, JARINGAN DAN IRIGASI",1.3.4.04.03.01.001
12777,Jaringan Telepon Diatas Tanah Kapasitas Sedang,"JALAN, JARINGAN DAN IRIGASI",1.3.4.04.03.01.002
12778,Jaringan Telepon Diatas Tanah Kapasitas Besar,"JALAN, JARINGAN DAN IRIGASI",1.3.4.04.03.01.003
12779,Jaringan Telepon Di atas Tanah Lain-lain,"JALAN, JARINGAN DAN IRIGASI",1.3.4.04.03.01.004
12780,JARINGAN TELEPON DIBAWAH TANAH,"JALAN, JARINGAN DAN IRIGASI",1.3.4.04.03.02.000
12781,Jaringan Telepon Dibawah Tanah Kapasitas Kecil,"JALAN, JARINGAN DAN IRIGASI",1.3.4.04.03.02.001
12782,Jaringan Telepon Dibawah Tanah Kapasitas Sedang,"JALAN, JARINGAN DAN IRIGASI",1.3.4.04.03.02.002
12783,Jaringan Telepon Dibawah Tanah Kapasitas Besar,"JALAN, JARINGAN DAN IRIGASI",1.3.4.04.03.02.003
12784,Jaringan Telepon Di bawah tanah Lain-lain,"JALAN, JARINGAN DAN IRIGASI",1.3.4.04.03.02.004
12785,JARINGAN TELEPON DIDALAM AIR,"JALAN, JARINGAN DAN IRIGASI",1.3.4.04.03.03.000
12786,Jaringan Telepon Didalam Air Kapasitas Kecil,"JALAN, JARINGAN DAN IRIGASI",1.3.4.04.03.03.001
12787,Jaringan Telepon Didalam Air Kapasitas Sedang,"JALAN, JARINGAN DAN IRIGASI",1.3.4.04.03.03.002
12788,Jaringan Telepon Didalam Air Kapasitas Besar,"JALAN, JARINGAN DAN IRIGASI",1.3.4.04.03.03.003
12789,Jaringan Telepon Didalam Air Lain-lain,"JALAN, JARINGAN DAN IRIGASI",1.3.4.04.03.03.004
12790,JARINGAN DENGAN MEDIA UDARA,"JALAN, JARINGAN DAN IRIGASI",1.3.4.04.03.04.000
12791,Jaringan dengan media udara,"JALAN, JARINGAN DAN IRIGASI",1.3.4.04.03.04.001
12792,Jaringan Radio,"JALAN, JARINGAN DAN IRIGASI",1.3.4.04.03.04.002
12793,Jaringan dengan Media Udara Lain-lain (Dst),"JALAN, JARINGAN DAN IRIGASI",1.3.4.04.03.04.003
12794,JARINGAN TELEPON LAINNYA,"JALAN, JARINGAN DAN IRIGASI",1.3.4.04.03.05.000
12795,Jaringan telepon lainnya,"JALAN, JARINGAN DAN IRIGASI",1.3.4.04.03.05.001
12796,JARINGAN GAS,"JALAN, JARINGAN DAN IRIGASI",1.3.4.04.04.00.000
12797,JARINGAN PIPA GAS TRANSMISI,"JALAN, JARINGAN DAN IRIGASI",1.3.4.04.04.01.000
12798,Jaringan Pipa Baja,"JALAN, JARINGAN DAN IRIGASI",1.3.4.04.04.01.001
12799,Jaringan Pipa Gas Transmisi Lain-lain,"JALAN, JARINGAN DAN IRIGASI",1.3.4.04.04.01.002
12800,JARINGAN PIPA DISTRIBUSI,"JALAN, JARINGAN DAN IRIGASI",1.3.4.04.04.02.000
12801,Jaringan Pipa Distribusi Tekanan Tinggi,"JALAN, JARINGAN DAN IRIGASI",1.3.4.04.04.02.001
12802,Jaringan Pipa Distribusi Tekanan Menengah Pipa Baja,"JALAN, JARINGAN DAN IRIGASI",1.3.4.04.04.02.002
12803,Jaringan Pipa Distribusi Tekanan Menengah Pipa PE,"JALAN, JARINGAN DAN IRIGASI",1.3.4.04.04.02.003
12804,Jaringan Pipa Distribusi Tekanan Rendah Pipa Baja,"JALAN, JARINGAN DAN IRIGASI",1.3.4.04.04.02.004
12805,Jaringan Pipa Distribusi Tekanan Rendah Pipa PC,"JALAN, JARINGAN DAN IRIGASI",1.3.4.04.04.02.005
12806,Jaringan Pipa Distribusi Lain-lain,"JALAN, JARINGAN DAN IRIGASI",1.3.4.04.04.02.006
12807,JARINGAN PIPA DINAS,"JALAN, JARINGAN DAN IRIGASI",1.3.4.04.04.03.000
12808,Jaringan Pipa Dinas Pipa Baja,"JALAN, JARINGAN DAN IRIGASI",1.3.4.04.04.03.001
12809,Jaringan Pipa Dinas Pipa PE,"JALAN, JARINGAN DAN IRIGASI",1.3.4.04.04.03.002
12810,Jaringan Pipa Dinas Lain-lain,"JALAN, JARINGAN DAN IRIGASI",1.3.4.04.04.03.003
12811,JARINGAN BBM,"JALAN, JARINGAN DAN IRIGASI",1.3.4.04.04.04.000
12812,Jaringan BBM Bensin,"JALAN, JARINGAN DAN IRIGASI",1.3.4.04.04.04.001
12813,Jaringan BBM Solar,"JALAN, JARINGAN DAN IRIGASI",1.3.4.04.04.04.002
12814,Jaringan BBM Minyak Tanah,"JALAN, JARINGAN DAN IRIGASI",1.3.4.04.04.04.003
12815,Jaringan BBM lain-lain,"JALAN, JARINGAN DAN IRIGASI",1.3.4.04.04.04.004
12816,JARINGAN GAS LAINNYA,"JALAN, JARINGAN DAN IRIGASI",1.3.4.04.04.05.000
12817,Jaringan gas lainnya,"JALAN, JARINGAN DAN IRIGASI",1.3.4.04.04.05.001
12818,ASET TETAP LAINNYA,ASET TETAP LAINNYA,1.3.5.00.00.00.000
12819,BAHAN PERPUSTAKAAN,ASET TETAP LAINNYA,1.3.5.01.00.00.000
12820,BAHAN PERPUSTAKAAN TERCETAK,ASET TETAP LAINNYA,1.3.5.01.01.00.000
12821,BUKU UMUM,ASET TETAP LAINNYA,1.3.5.01.01.01.000
12822,Monograf,ASET TETAP LAINNYA,1.3.5.01.01.01.001
12823,Referensi,ASET TETAP LAINNYA,1.3.5.01.01.01.002
12824,Ilmu Pengetahuan Umum,ASET TETAP LAINNYA,1.3.5.01.01.01.003
12825,"Bibliografi, Katalog",ASET TETAP LAINNYA,1.3.5.01.01.01.004
12826,Ilmu Perpustakaan,ASET TETAP LAINNYA,1.3.5.01.01.01.005
12827,"Ensyclopedia, Kamus, Buku Referensi",ASET TETAP LAINNYA,1.3.5.01.01.01.006
12828,"Essay, Pamflet",ASET TETAP LAINNYA,1.3.5.01.01.01.007
12829,Berkala,ASET TETAP LAINNYA,1.3.5.01.01.01.008
12830,"Institut, Asosiasi, Musium",ASET TETAP LAINNYA,1.3.5.01.01.01.009
12831,Harian,ASET TETAP LAINNYA,1.3.5.01.01.01.010
12832,Manuskrip,ASET TETAP LAINNYA,1.3.5.01.01.01.011
12833,Buku Umum Lain-lain,ASET TETAP LAINNYA,1.3.5.01.01.01.012
12834,BUKU FILSAFAT,ASET TETAP LAINNYA,1.3.5.01.01.02.000
12835,Metafisika,ASET TETAP LAINNYA,1.3.5.01.01.02.001
12836,Sistem Filsafat,ASET TETAP LAINNYA,1.3.5.01.01.02.002
12837,Ilmu Jiwa,ASET TETAP LAINNYA,1.3.5.01.01.02.003
12838,Logika,ASET TETAP LAINNYA,1.3.5.01.01.02.004
12839,Etika,ASET TETAP LAINNYA,1.3.5.01.01.02.005
12840,buku filsafat lainnya (dst),ASET TETAP LAINNYA,1.3.5.01.01.02.006
12841,BUKU AGAMA,ASET TETAP LAINNYA,1.3.5.01.01.03.000
12842,Agama Islam,ASET TETAP LAINNYA,1.3.5.01.01.03.001
12843,Agama Kristen,ASET TETAP LAINNYA,1.3.5.01.01.03.002
12844,Agama Budha,ASET TETAP LAINNYA,1.3.5.01.01.03.003
12845,Agama Hindu,ASET TETAP LAINNYA,1.3.5.01.01.03.004
12846,buku agama lainnya (dst),ASET TETAP LAINNYA,1.3.5.01.01.03.005
12847,BUKU ILMU SOSIAL,ASET TETAP LAINNYA,1.3.5.01.01.04.000
12848,Sosiologi,ASET TETAP LAINNYA,1.3.5.01.01.04.001
12849,Statistik,ASET TETAP LAINNYA,1.3.5.01.01.04.002
12850,Ilmu Politik,ASET TETAP LAINNYA,1.3.5.01.01.04.003
12851,Ekonomi,ASET TETAP LAINNYA,1.3.5.01.01.04.004
12852,Hukum,ASET TETAP LAINNYA,1.3.5.01.01.04.005
12853,"Administrasi, Pertahanan dan Keamanan",ASET TETAP LAINNYA,1.3.5.01.01.04.006
12854,Service Umum Sosial,ASET TETAP LAINNYA,1.3.5.01.01.04.007
12855,Pendidikan,ASET TETAP LAINNYA,1.3.5.01.01.04.008
12856,Perdagangan,ASET TETAP LAINNYA,1.3.5.01.01.04.009
12857,"Etnografi, Cerita Rakyat",ASET TETAP LAINNYA,1.3.5.01.01.04.010
12858,Buku Ilmu Sosial Lain-lain,ASET TETAP LAINNYA,1.3.5.01.01.04.011
12859,BUKU ILMU BAHASA,ASET TETAP LAINNYA,1.3.5.01.01.05.000
12860,Umum,ASET TETAP LAINNYA,1.3.5.01.01.05.001
12861,Pengetahuan Bahasa Indonesia,ASET TETAP LAINNYA,1.3.5.01.01.05.002
12862,Pengetahuan Bahasa Inggris,ASET TETAP LAINNYA,1.3.5.01.01.05.003
12863,Buku Ilmu Bahasa Lain-lain,ASET TETAP LAINNYA,1.3.5.01.01.05.004
12864,BUKU MATEMATIKA DAN PENGETAHUAN ALAM,ASET TETAP LAINNYA,1.3.5.01.01.06.000
12865,Matematika,ASET TETAP LAINNYA,1.3.5.01.01.06.001
12866,"Astronomi, Geodesi",ASET TETAP LAINNYA,1.3.5.01.01.06.002
12867,Fisika dan Mekanika,ASET TETAP LAINNYA,1.3.5.01.01.06.003
12868,Kimia,ASET TETAP LAINNYA,1.3.5.01.01.06.004
12869,"Geologi, Metrologi",ASET TETAP LAINNYA,1.3.5.01.01.06.005
12870,Palaentologi,ASET TETAP LAINNYA,1.3.5.01.01.06.006
12871,"Biologi, Antropologi",ASET TETAP LAINNYA,1.3.5.01.01.06.007
12872,Bitani,ASET TETAP LAINNYA,1.3.5.01.01.06.008
12873,Zoologi (Ilmu Hewan),ASET TETAP LAINNYA,1.3.5.01.01.06.009
12874,buku matematika dan pengetahuan alam lainnya (dst),ASET TETAP LAINNYA,1.3.5.01.01.06.010
12875,BUKU ILMU PENGETAHUAN PRAKTIS,ASET TETAP LAINNYA,1.3.5.01.01.07.000
12876,Ilmu Kedokteran,ASET TETAP LAINNYA,1.3.5.01.01.07.001
12877,Teknologi,ASET TETAP LAINNYA,1.3.5.01.01.07.002
12878,"Pertanian, Kehutanan, Perikanan",ASET TETAP LAINNYA,1.3.5.01.01.07.003
12879,Ilmu Kerumah Tanggaan,ASET TETAP LAINNYA,1.3.5.01.01.07.004
12880,Management dan Perkantoran,ASET TETAP LAINNYA,1.3.5.01.01.07.005
12881,Industri Kimia,ASET TETAP LAINNYA,1.3.5.01.01.07.006
12882,Teknik Industri dan Kerajinan,ASET TETAP LAINNYA,1.3.5.01.01.07.007
12883,Ilmu Perdagangan Khusus Industri,ASET TETAP LAINNYA,1.3.5.01.01.07.008
12884,Industri Konstruksi dan Perdagangan,ASET TETAP LAINNYA,1.3.5.01.01.07.009
12885,buku ilmu pengetahuan praktis lainnya (dst),ASET TETAP LAINNYA,1.3.5.01.01.07.010
12886,"BUKU ARSITEKTUR, KESENIAN, OLAH RAGA",ASET TETAP LAINNYA,1.3.5.01.01.08.000
12887,"Perencanaan Fisik, Pertamanan dll",ASET TETAP LAINNYA,1.3.5.01.01.08.001
12888,Arsitektur,ASET TETAP LAINNYA,1.3.5.01.01.08.002
12889,Seni Pahat,ASET TETAP LAINNYA,1.3.5.01.01.08.003
12890,"Seni Lukis, Ukir",ASET TETAP LAINNYA,1.3.5.01.01.08.004
12891,"Seni Gambar, Grafika",ASET TETAP LAINNYA,1.3.5.01.01.08.005
12892,"Fotografi, Senimatografi",ASET TETAP LAINNYA,1.3.5.01.01.08.006
12893,Musik,ASET TETAP LAINNYA,1.3.5.01.01.08.007
12894,Permainan dan Olah Raga,ASET TETAP LAINNYA,1.3.5.01.01.08.008
12895,"Buku Arsitektur, Kesenian, Olah Raga Lain-lain",ASET TETAP LAINNYA,1.3.5.01.01.08.009
12896,"BUKU GEOGRAFI, BIOGRAFI, SEJARAH",ASET TETAP LAINNYA,1.3.5.01.01.09.000
12897,"Geografi, Eksplorasi",ASET TETAP LAINNYA,1.3.5.01.01.09.001
12898,Biografi,ASET TETAP LAINNYA,1.3.5.01.01.09.002
12899,Sejarah,ASET TETAP LAINNYA,1.3.5.01.01.09.003
12900,"Buku Geografi, Biografi , Sejarah Lain-lain",ASET TETAP LAINNYA,1.3.5.01.01.09.004
12901,SERIAL,ASET TETAP LAINNYA,1.3.5.01.01.10.000
12902,Surat Kabar,ASET TETAP LAINNYA,1.3.5.01.01.10.001
12903,Majalah,ASET TETAP LAINNYA,1.3.5.01.01.10.002
12904,Buletin,ASET TETAP LAINNYA,1.3.5.01.01.10.003
12905,Serial Lain-lain (dst),ASET TETAP LAINNYA,1.3.5.01.01.10.004
12906,BUKU LAPORAN,ASET TETAP LAINNYA,1.3.5.01.01.11.000
12907,Buku Laporan Penyelidikan,ASET TETAP LAINNYA,1.3.5.01.01.11.001
12908,Buku Laporan Penggalangan,ASET TETAP LAINNYA,1.3.5.01.01.11.002
12909,Buku Laporan Pengamanan,ASET TETAP LAINNYA,1.3.5.01.01.11.003
12910,Buku Laporan Penelitian,ASET TETAP LAINNYA,1.3.5.01.01.11.004
12911,buku laporan lainnya (dst),ASET TETAP LAINNYA,1.3.5.01.01.11.005
12912,BAHAN PERPUSTAKAAN TERCETAK LAINNYA,ASET TETAP LAINNYA,1.3.5.01.01.12.000
12913,Bahan perpustakaan tercetak lainnya,ASET TETAP LAINNYA,1.3.5.01.01.12.001
12914,BAHAN PERPUSTAKAAN TEREKAM DAN BENTUK MIKRO,ASET TETAP LAINNYA,1.3.5.01.02.00.000
12915,AUDIO VISUAL,ASET TETAP LAINNYA,1.3.5.01.02.01.000
12916,Kaset,ASET TETAP LAINNYA,1.3.5.01.02.01.001
12917,Video,ASET TETAP LAINNYA,1.3.5.01.02.01.002
12918,CD/VCD/DVD/LD,ASET TETAP LAINNYA,1.3.5.01.02.01.003
12919,Pita Film,ASET TETAP LAINNYA,1.3.5.01.02.01.004
12920,Pita Suara,ASET TETAP LAINNYA,1.3.5.01.02.01.005
12921,Piringan Hitam,ASET TETAP LAINNYA,1.3.5.01.02.01.006
12922,Peta Digital,ASET TETAP LAINNYA,1.3.5.01.02.01.007
12923,Katridge Suara,ASET TETAP LAINNYA,1.3.5.01.02.01.008
12924,Kaset Suara,ASET TETAP LAINNYA,1.3.5.01.02.01.009
12925,Pasangan Suara,ASET TETAP LAINNYA,1.3.5.01.02.01.010
12926,Runut Suara,ASET TETAP LAINNYA,1.3.5.01.02.01.011
12927,Rekaman Suara Lain-lain,ASET TETAP LAINNYA,1.3.5.01.02.01.012
12928,BENTUK MIKRO (MICROFORM),ASET TETAP LAINNYA,1.3.5.01.02.02.000
12929,Mikrofilm,ASET TETAP LAINNYA,1.3.5.01.02.02.001
12930,Mikrofisch,ASET TETAP LAINNYA,1.3.5.01.02.02.002
12931,Slide,ASET TETAP LAINNYA,1.3.5.01.02.02.003
12932,Kartu Mikro,ASET TETAP LAINNYA,1.3.5.01.02.02.004
12933,Kartu Celah,ASET TETAP LAINNYA,1.3.5.01.02.02.005
12934,Mikrolograp,ASET TETAP LAINNYA,1.3.5.01.02.02.006
12935,bentuk mikro (microform) lainnya (dst),ASET TETAP LAINNYA,1.3.5.01.02.02.007
12936,TEREKAM DAN BENTUK MIKRO LAINNYA,ASET TETAP LAINNYA,1.3.5.01.02.03.000
12937,Terekam dan bentuk mikro lainnya,ASET TETAP LAINNYA,1.3.5.01.02.03.001
12938,"KARTOGRAFI, NASKAH DAN LUKISAN",ASET TETAP LAINNYA,1.3.5.01.03.00.000
12939,BAHAN KARTOGRAFI,ASET TETAP LAINNYA,1.3.5.01.03.01.000
12940,Peta (Map),ASET TETAP LAINNYA,1.3.5.01.03.01.001
12941,Atlas,ASET TETAP LAINNYA,1.3.5.01.03.01.002
12942,Bola Dunia (Globe),ASET TETAP LAINNYA,1.3.5.01.03.01.003
12943,"Bagan, Gambar (Diagram)",ASET TETAP LAINNYA,1.3.5.01.03.01.004
12944,Peta Udara,ASET TETAP LAINNYA,1.3.5.01.03.01.005
12945,Peta Hidrografi,ASET TETAP LAINNYA,1.3.5.01.03.01.006
12946,Peta Imaginer,ASET TETAP LAINNYA,1.3.5.01.03.01.007
12947,Peta Gambar Penampang,ASET TETAP LAINNYA,1.3.5.01.03.01.008
12948,Peta Photo,ASET TETAP LAINNYA,1.3.5.01.03.01.009
12949,Peta Tipografi,ASET TETAP LAINNYA,1.3.5.01.03.01.010
12950,Peta Ruang Angkasa,ASET TETAP LAINNYA,1.3.5.01.03.01.011
12951,Gambar Tipografi,ASET TETAP LAINNYA,1.3.5.01.03.01.012
12952,Model Relief,ASET TETAP LAINNYA,1.3.5.01.03.01.013
12953,Photo Mozaik,ASET TETAP LAINNYA,1.3.5.01.03.01.014
12954,Gambar Jarak Jauh (Remote Sensing Image),ASET TETAP LAINNYA,1.3.5.01.03.01.015
12955,View,ASET TETAP LAINNYA,1.3.5.01.03.01.016
12956,Peta Pengamanan Tanah,ASET TETAP LAINNYA,1.3.5.01.03.01.017
12957,Peta Kemampuan Tanah,ASET TETAP LAINNYA,1.3.5.01.03.01.018
12958,Peta Lokasi,ASET TETAP LAINNYA,1.3.5.01.03.01.019
12959,Peta Jaringan,ASET TETAP LAINNYA,1.3.5.01.03.01.020
12960,Peta Citra Sport,ASET TETAP LAINNYA,1.3.5.01.03.01.021
12961,Peta Citra Radar,ASET TETAP LAINNYA,1.3.5.01.03.01.022
12962,Peta Citra Satelit,ASET TETAP LAINNYA,1.3.5.01.03.01.023
12963,Blue Print,ASET TETAP LAINNYA,1.3.5.01.03.01.024
12964,Bahan Kartografi Lain-lain (dst),ASET TETAP LAINNYA,1.3.5.01.03.01.025
12965,NASKAH (MANUSKRIP) / ASLI,ASET TETAP LAINNYA,1.3.5.01.03.02.000
12966,Naskah/Manuskrip Berbahan Kertas,ASET TETAP LAINNYA,1.3.5.01.03.02.001
12967,Naskah/Manuskrip Berbahan Daun,ASET TETAP LAINNYA,1.3.5.01.03.02.002
12968,Naskah/Manuskrip Berbahan Kayu,ASET TETAP LAINNYA,1.3.5.01.03.02.003
12969,Naskah/Manuskrip Berbahan Bambu,ASET TETAP LAINNYA,1.3.5.01.03.02.004
12970,Naskah/Manuskrip Berbahan Kulit Kayu,ASET TETAP LAINNYA,1.3.5.01.03.02.005
12971,Naskah/Manuskrip Berbahan Lontar,ASET TETAP LAINNYA,1.3.5.01.03.02.006
12972,Naskah/Manuskrip Berbahan Nipah,ASET TETAP LAINNYA,1.3.5.01.03.02.007
12973,Naskah/Manuskrip Berbahan Kulit Binatang,ASET TETAP LAINNYA,1.3.5.01.03.02.008
12974,Naskah/Manuskrip Berbahan Rotan,ASET TETAP LAINNYA,1.3.5.01.03.02.009
12975,Naskah/Manuskrip Berbahan Tanduk,ASET TETAP LAINNYA,1.3.5.01.03.02.010
12976,Naskah/Manuskrip Berbahan Papirus,ASET TETAP LAINNYA,1.3.5.01.03.02.011
12977,Naskah/Manuskrip Berbahan Labu Hutan,ASET TETAP LAINNYA,1.3.5.01.03.02.012
12978,Naskah/Manuskrip Berbahan Tulang,ASET TETAP LAINNYA,1.3.5.01.03.02.013
12979,Naskah/Manuskrip Berbahan Tempurung,ASET TETAP LAINNYA,1.3.5.01.03.02.014
12980,Naskah (Manuskrip)/Asli Lain-lain (dst),ASET TETAP LAINNYA,1.3.5.01.03.02.015
12981,LUKISAN DAN UKIRAN,ASET TETAP LAINNYA,1.3.5.01.03.03.000
12982,Lukisan dan ukiran,ASET TETAP LAINNYA,1.3.5.01.03.03.001
12983,"Lukisan Batu, Keramik, Kayu, dll",ASET TETAP LAINNYA,1.3.5.01.03.03.002
12984,Ukiran Kayu dan sejenisnya,ASET TETAP LAINNYA,1.3.5.01.03.03.003
12985,Ukiran Logam dan sejenisnya,ASET TETAP LAINNYA,1.3.5.01.03.03.004
12986,Ukiran Batu dan sejenisnya,ASET TETAP LAINNYA,1.3.5.01.03.03.005
12987,Lukisan dan Ukiran Lain-lain (dst),ASET TETAP LAINNYA,1.3.5.01.03.03.006
12988,"KARTOGRAFI, NASKAH DAN LUKISAN LAINNYA",ASET TETAP LAINNYA,1.3.5.01.03.04.000
12989,"Kartografi, naskah dan lukisan lainnya",ASET TETAP LAINNYA,1.3.5.01.03.04.001
12990,MUSIK,ASET TETAP LAINNYA,1.3.5.01.04.00.000
12991,KARYA MUSIK,ASET TETAP LAINNYA,1.3.5.01.04.01.000
12992,Kumpulan Karya Musik (Skore),ASET TETAP LAINNYA,1.3.5.01.04.01.001
12993,Kumpulan Karya Musik Singkat (Condeset Skore),ASET TETAP LAINNYA,1.3.5.01.04.01.002
12994,Kumpulan Karya Musik Tertutup (Closet Skore),ASET TETAP LAINNYA,1.3.5.01.04.01.003
12995,Kumpulan Karya Musik Bentuk Mini (Miniature Skore),ASET TETAP LAINNYA,1.3.5.01.04.01.004
12996,Partitur Piano,ASET TETAP LAINNYA,1.3.5.01.04.01.005
12997,Kumpulan Karya Musik Vokal,ASET TETAP LAINNYA,1.3.5.01.04.01.006
12998,Kumpulan Karya Musik Piano,ASET TETAP LAINNYA,1.3.5.01.04.01.007
12999,Kumpulan Karya Musik Chord,ASET TETAP LAINNYA,1.3.5.01.04.01.008
13000,Partitur,ASET TETAP LAINNYA,1.3.5.01.04.01.009
13001,Musik Lain-lain,ASET TETAP LAINNYA,1.3.5.01.04.01.010
13002,MUSIK LAINNYA,ASET TETAP LAINNYA,1.3.5.01.04.02.000
13003,Musik lainnya,ASET TETAP LAINNYA,1.3.5.01.04.02.001
13004,KARYA GRAFIKA (GRAPHIC MATERIAL),ASET TETAP LAINNYA,1.3.5.01.05.00.000
13005,KARYA GRAFIKA (GRAPHIC MATERIAL),ASET TETAP LAINNYA,1.3.5.01.05.01.000
13006,"Karya Seni Asli, Lukisan Asli (Art Original)",ASET TETAP LAINNYA,1.3.5.01.05.01.001
13007,Karya Seni Cetak/Grafis (Art Point),ASET TETAP LAINNYA,1.3.5.01.05.01.002
13008,Reproduksi (Arts reproduction),ASET TETAP LAINNYA,1.3.5.01.05.01.003
13009,Grafik/Bagan,ASET TETAP LAINNYA,1.3.5.01.05.01.004
13010,Lembaran Film,ASET TETAP LAINNYA,1.3.5.01.05.01.005
13011,Karya Seni Lain-lain,ASET TETAP LAINNYA,1.3.5.01.05.01.006
13012,KARYA GRAFIKA (GRAPHIC MATERIAL) LAINNYA,ASET TETAP LAINNYA,1.3.5.01.05.02.000
13013,Karya grafika (graphic material) lainnya,ASET TETAP LAINNYA,1.3.5.01.05.02.001
13014,THREE DIMENSIONAL ARTEFACS AND REALITA,ASET TETAP LAINNYA,1.3.5.01.06.00.000
13015,THREE DIMENSIONAL ARTEFACS AND REALITA,ASET TETAP LAINNYA,1.3.5.01.06.01.000
13016,Karya Seni Asli,ASET TETAP LAINNYA,1.3.5.01.06.01.001
13017,Reproduksi,ASET TETAP LAINNYA,1.3.5.01.06.01.002
13018,Kaset Braile,ASET TETAP LAINNYA,1.3.5.01.06.01.003
13019,Diaroma,ASET TETAP LAINNYA,1.3.5.01.06.01.004
13020,Karya Seni Asli Lain-lain,ASET TETAP LAINNYA,1.3.5.01.06.01.005
13021,THREE DIMENSIONAL ARTEFACS AND REALITA LAINNYA,ASET TETAP LAINNYA,1.3.5.01.06.02.000
13022,Three dimensional artefacs and realita lainnya,ASET TETAP LAINNYA,1.3.5.01.06.02.001
13023,TARSCALT,ASET TETAP LAINNYA,1.3.5.01.07.00.000
13024,TARSCALT,ASET TETAP LAINNYA,1.3.5.01.07.01.000
13025,Tarscalt,ASET TETAP LAINNYA,1.3.5.01.07.01.001
13026,Tarscalt Lain-lain,ASET TETAP LAINNYA,1.3.5.01.07.01.002
13027,TARSCALT LAINNYA,ASET TETAP LAINNYA,1.3.5.01.07.02.000
13028,Tarscalt lainnya,ASET TETAP LAINNYA,1.3.5.01.07.02.001
13029,BARANG BERCORAK KESENIAN/KEBUDAYAAN/OLAHRAGA,ASET TETAP LAINNYA,1.3.5.02.00.00.000
13030,BARANG BERCORAK KESENIAN,ASET TETAP LAINNYA,1.3.5.02.01.00.000
13031,ALAT MUSIK,ASET TETAP LAINNYA,1.3.5.02.01.01.000
13032,Alat Musik Tradisional/Daerah,ASET TETAP LAINNYA,1.3.5.02.01.01.001
13033,Alat Musik Modern/Band,ASET TETAP LAINNYA,1.3.5.02.01.01.002
13034,Alat Kesenian Lain-lain,ASET TETAP LAINNYA,1.3.5.02.01.01.003
13035,LUKISAN,ASET TETAP LAINNYA,1.3.5.02.01.02.000
13036,Lukisan Cat Air,ASET TETAP LAINNYA,1.3.5.02.01.02.001
13037,Sulaman / Tempelan,ASET TETAP LAINNYA,1.3.5.02.01.02.002
13038,Lukisan Cat Minyak,ASET TETAP LAINNYA,1.3.5.02.01.02.003
13039,Lukisan Bulu,ASET TETAP LAINNYA,1.3.5.02.01.02.004
13040,Seni Relief,ASET TETAP LAINNYA,1.3.5.02.01.02.005
13041,Lukisan lain-lain,ASET TETAP LAINNYA,1.3.5.02.01.02.006
13042,ALAT PERAGA KESENIAN,ASET TETAP LAINNYA,1.3.5.02.01.03.000
13043,Alat peraga kesenian,ASET TETAP LAINNYA,1.3.5.02.01.03.001
13044,Wayang Kulit,ASET TETAP LAINNYA,1.3.5.02.01.03.002
13045,Alat Peraga Kesenian Lain-lain (dst),ASET TETAP LAINNYA,1.3.5.02.01.03.003
13046,BARANG BERCORAK KESENIAN LAINNYA,ASET TETAP LAINNYA,1.3.5.02.01.04.000
13047,Barang bercorak kesenian lainnya,ASET TETAP LAINNYA,1.3.5.02.01.04.001
13048,ALAT BERCORAK KEBUDAYAAN,ASET TETAP LAINNYA,1.3.5.02.02.00.000
13049,PAHATAN,ASET TETAP LAINNYA,1.3.5.02.02.01.000
13050,Pahatan Batu,ASET TETAP LAINNYA,1.3.5.02.02.01.001
13051,Pahatan Kayu,ASET TETAP LAINNYA,1.3.5.02.02.01.002
13052,Pahatan Logam,ASET TETAP LAINNYA,1.3.5.02.02.01.003
13053,Pahatan Lain-lain,ASET TETAP LAINNYA,1.3.5.02.02.01.004
13054,"MAKET, MINIATUR, REPLIKA, FOTO DOKUMEN DAN BENDA BERSEJARAH",ASET TETAP LAINNYA,1.3.5.02.02.02.000
13055,Maket/Miniatur/Replika,ASET TETAP LAINNYA,1.3.5.02.02.02.001
13056,Foto Dokumen,ASET TETAP LAINNYA,1.3.5.02.02.02.002
13057,Naskah Kuno,ASET TETAP LAINNYA,1.3.5.02.02.02.003
13058,Koleksi Mata Uang/ Numismatik,ASET TETAP LAINNYA,1.3.5.02.02.02.004
13059,Perhiasan,ASET TETAP LAINNYA,1.3.5.02.02.02.005
13060,Barang Keramik/ Gerabah,ASET TETAP LAINNYA,1.3.5.02.02.02.006
13061,Arca/ Patung,ASET TETAP LAINNYA,1.3.5.02.02.02.007
13062,Benda Kuno/ Unik,ASET TETAP LAINNYA,1.3.5.02.02.02.008
13063,Fosil,ASET TETAP LAINNYA,1.3.5.02.02.02.009
13064,Mumy,ASET TETAP LAINNYA,1.3.5.02.02.02.010
13065,Benda-Benda Purbakala,ASET TETAP LAINNYA,1.3.5.02.02.02.011
13066,Dokumentasi Bersejarah,ASET TETAP LAINNYA,1.3.5.02.02.02.012
13067,Barang Koleksi Rumah Tangga,ASET TETAP LAINNYA,1.3.5.02.02.02.013
13068,Lukisan Bersejarah,ASET TETAP LAINNYA,1.3.5.02.02.02.014
13069,Maket & Foto Dokumen Lain-lain,ASET TETAP LAINNYA,1.3.5.02.02.02.015
13070,BARANG KERAJINAN,ASET TETAP LAINNYA,1.3.5.02.02.03.000
13071,Keramik (Guji),ASET TETAP LAINNYA,1.3.5.02.02.03.001
13072,"Logam (Gong, Mandau)",ASET TETAP LAINNYA,1.3.5.02.02.03.002
13073,"Kayu (Sampit, Telabang)",ASET TETAP LAINNYA,1.3.5.02.02.03.003
13074,"Anyaman (Tikar, Rotan)",ASET TETAP LAINNYA,1.3.5.02.02.03.004
13075,Tenunan Sutra,ASET TETAP LAINNYA,1.3.5.02.02.03.005
13076,Anyaman Purun,ASET TETAP LAINNYA,1.3.5.02.02.03.006
13077,Anyaman Bambu,ASET TETAP LAINNYA,1.3.5.02.02.03.007
13078,Barang Kerajinan Lain-lain,ASET TETAP LAINNYA,1.3.5.02.02.03.008
13079,ALAT BERCORAK KEBUDAYAAN LAINNYA,ASET TETAP LAINNYA,1.3.5.02.02.04.000
13080,Alat Bercorak Kebudayaan Lainnya,ASET TETAP LAINNYA,1.3.5.02.02.04.001
13081,TANDA PENGHARGAAN,ASET TETAP LAINNYA,1.3.5.02.03.00.000
13082,TANDA PENGHARGAAN BIDANG OLAH RAGA,ASET TETAP LAINNYA,1.3.5.02.03.01.000
13083,Piala,ASET TETAP LAINNYA,1.3.5.02.03.01.001
13084,Medali,ASET TETAP LAINNYA,1.3.5.02.03.01.002
13085,Piagam,ASET TETAP LAINNYA,1.3.5.02.03.01.003
13086,Tanda Penghargaan Lain-lain,ASET TETAP LAINNYA,1.3.5.02.03.01.004
13087,TANDA PENGHARGAAN BIDANG LAINNYA,ASET TETAP LAINNYA,1.3.5.02.03.02.000
13088,Tanda penghargaan bidang lainnya,ASET TETAP LAINNYA,1.3.5.02.03.02.001
13089,HEWAN,ASET TETAP LAINNYA,1.3.5.03.00.00.000
13090,HEWAN PIARAAN,ASET TETAP LAINNYA,1.3.5.03.01.00.000
13091,HEWAN PENGAMAN,ASET TETAP LAINNYA,1.3.5.03.01.01.000
13092,Anjing Pelacak,ASET TETAP LAINNYA,1.3.5.03.01.01.001
13093,Anjing Penjaga,ASET TETAP LAINNYA,1.3.5.03.01.01.002
13094,Hewan Pengamanan Lain-lain,ASET TETAP LAINNYA,1.3.5.03.01.01.003
13095,HEWAN PENGANGKUT,ASET TETAP LAINNYA,1.3.5.03.01.02.000
13096,Kuda (Hewan Pengangkut),ASET TETAP LAINNYA,1.3.5.03.01.02.001
13097,HEWAN PENGANGKUT Lain-lain (dst),ASET TETAP LAINNYA,1.3.5.03.01.02.002
13098,HEWAN KEBUN BINATANG,ASET TETAP LAINNYA,1.3.5.03.01.03.000
13099,Gajah,ASET TETAP LAINNYA,1.3.5.03.01.03.001
13100,Badak,ASET TETAP LAINNYA,1.3.5.03.01.03.002
13101,Jerapah,ASET TETAP LAINNYA,1.3.5.03.01.03.003
13102,Banteng,ASET TETAP LAINNYA,1.3.5.03.01.03.004
13103,Zebra,ASET TETAP LAINNYA,1.3.5.03.01.03.005
13104,Singa Harimau,ASET TETAP LAINNYA,1.3.5.03.01.03.006
13105,Anoa,ASET TETAP LAINNYA,1.3.5.03.01.03.007
13106,Babirusa,ASET TETAP LAINNYA,1.3.5.03.01.03.008
13107,Rusa,ASET TETAP LAINNYA,1.3.5.03.01.03.009
13108,Tapir,ASET TETAP LAINNYA,1.3.5.03.01.03.010
13109,Kancil,ASET TETAP LAINNYA,1.3.5.03.01.03.011
13110,Beruang,ASET TETAP LAINNYA,1.3.5.03.01.03.012
13111,Onta,ASET TETAP LAINNYA,1.3.5.03.01.03.013
13112,Bisao,ASET TETAP LAINNYA,1.3.5.03.01.03.014
13113,Keledai,ASET TETAP LAINNYA,1.3.5.03.01.03.015
13114,Linsang,ASET TETAP LAINNYA,1.3.5.03.01.03.016
13115,Landak,ASET TETAP LAINNYA,1.3.5.03.01.03.017
13116,Bangsa Monyet,ASET TETAP LAINNYA,1.3.5.03.01.03.018
13117,Bangsa Binatang Melata,ASET TETAP LAINNYA,1.3.5.03.01.03.019
13118,Bangsa Binatang Unggas,ASET TETAP LAINNYA,1.3.5.03.01.03.020
13119,Hewan Kebun Binatang Lain-lain,ASET TETAP LAINNYA,1.3.5.03.01.03.021
13120,HEWAN PIARAAN LAINNYA,ASET TETAP LAINNYA,1.3.5.03.01.04.000
13121,Hewan piaraan lainnya,ASET TETAP LAINNYA,1.3.5.03.01.04.001
13122,TERNAK,ASET TETAP LAINNYA,1.3.5.03.02.00.000
13123,TERNAK POTONG,ASET TETAP LAINNYA,1.3.5.03.02.01.000
13124,Babi,ASET TETAP LAINNYA,1.3.5.03.02.01.001
13125,Domba,ASET TETAP LAINNYA,1.3.5.03.02.01.002
13126,Kambing,ASET TETAP LAINNYA,1.3.5.03.02.01.003
13127,Kerbau,ASET TETAP LAINNYA,1.3.5.03.02.01.004
13128,Sapi Potong,ASET TETAP LAINNYA,1.3.5.03.02.01.005
13129,Hewan Ternak Potong Lainnya,ASET TETAP LAINNYA,1.3.5.03.02.01.006
13130,TERNAK PERAH,ASET TETAP LAINNYA,1.3.5.03.02.02.000
13131,Ternak perah,ASET TETAP LAINNYA,1.3.5.03.02.02.001
13132,Domba Perah,ASET TETAP LAINNYA,1.3.5.03.02.02.002
13133,Kambing Perah,ASET TETAP LAINNYA,1.3.5.03.02.02.003
13134,Ternak Perah Lain-lain (dst),ASET TETAP LAINNYA,1.3.5.03.02.02.004
13135,TERNAK UNGGAS,ASET TETAP LAINNYA,1.3.5.03.02.03.000
13136,Ayam,ASET TETAP LAINNYA,1.3.5.03.02.03.001
13137,Burung,ASET TETAP LAINNYA,1.3.5.03.02.03.002
13138,Itik,ASET TETAP LAINNYA,1.3.5.03.02.03.003
13139,Ternak Unggas Lain-lain (dst),ASET TETAP LAINNYA,1.3.5.03.02.03.004
13140,TERNAK LAINNYA,ASET TETAP LAINNYA,1.3.5.03.02.04.000
13141,ternak lainnya lainnya (dst),ASET TETAP LAINNYA,1.3.5.03.02.04.001
13142,HEWAN LAINNYA,ASET TETAP LAINNYA,1.3.5.03.03.00.000
13143,HEWAN LAINNYA,ASET TETAP LAINNYA,1.3.5.03.03.01.000
13144,Hewan lainnya,ASET TETAP LAINNYA,1.3.5.03.03.01.001
13145,BIOTA PERAIRAN,ASET TETAP LAINNYA,1.3.5.04.00.00.000
13146,IKAN BERSIRIP (PISCES/IKAN BERSIRIP),ASET TETAP LAINNYA,1.3.5.04.01.00.000
13147,IKAN BUDIDAYA,ASET TETAP LAINNYA,1.3.5.04.01.01.000
13148,Ikan Air Tawar Budidaya,ASET TETAP LAINNYA,1.3.5.04.01.01.001
13149,Ikan Air Laut Budidaya,ASET TETAP LAINNYA,1.3.5.04.01.01.002
13150,Ikan Air Payau Budidaya,ASET TETAP LAINNYA,1.3.5.04.01.01.003
13151,Ikan Hias Air Tawar Budidaya,ASET TETAP LAINNYA,1.3.5.04.01.01.004
13152,Ikan Hias Air Payau/Laut Budidaya,ASET TETAP LAINNYA,1.3.5.04.01.01.005
13153,Ikan Budidaya lainnya,ASET TETAP LAINNYA,1.3.5.04.01.01.006
13154,"CRUSTEA (UDANG, RAJUNGAN, KEPITING, DAN SEBANGSANYA)",ASET TETAP LAINNYA,1.3.5.04.02.00.000
13155,"CRUSTEA BUDIDAYA (UDANG, RAJUNGAN, KEPITING, DAN SEBANGSANYA)",ASET TETAP LAINNYA,1.3.5.04.02.01.000
13156,"Crustea budidaya (udang, rajungan, kepiting, dan sebangsanya)",ASET TETAP LAINNYA,1.3.5.04.02.01.001
13157,Rajungan,ASET TETAP LAINNYA,1.3.5.04.02.01.002
13158,Kepiting,ASET TETAP LAINNYA,1.3.5.04.02.01.003
13159,Crustea Budidaya Lain-lain (dst),ASET TETAP LAINNYA,1.3.5.04.02.01.004
13160,"MOLLUSCA (KERANG, TIRAM, CUMI-CUMI, GURITA, SIPUT, DAN SEBANGSANYA)",ASET TETAP LAINNYA,1.3.5.04.03.00.000
13161,"MOLLUSCA BUDIDAYA (KERANG, TIRAM, CUMI-CUMI, GURITA, SIPUT, DAN SEBANGSANYA)",ASET TETAP LAINNYA,1.3.5.04.03.01.000
13162,"Mollusca budidaya (kerang, tiram, cumi-cumi, gurita, siput, dan sebangsanya)",ASET TETAP LAINNYA,1.3.5.04.03.01.001
13163,Tiram,ASET TETAP LAINNYA,1.3.5.04.03.01.002
13164,Cumi-Cumi,ASET TETAP LAINNYA,1.3.5.04.03.01.003
13165,Gurita,ASET TETAP LAINNYA,1.3.5.04.03.01.004
13166,Siput,ASET TETAP LAINNYA,1.3.5.04.03.01.005
13167,Mollusca Budidaya Lain-lain (dst),ASET TETAP LAINNYA,1.3.5.04.03.01.006
13168,COELENTERATA (UBUR-UBUR DAN SEBANGSANYA),ASET TETAP LAINNYA,1.3.5.04.04.00.000
13169,COELENTERATA BUDIDAYA (UBUR-UBUR DAN SEBANGSANYA),ASET TETAP LAINNYA,1.3.5.04.04.01.000
13170,Coelenterata budidaya (ubur-ubur dan sebangsanya),ASET TETAP LAINNYA,1.3.5.04.04.01.001
13171,Coelenterata Budidaya Lain-lain (dst),ASET TETAP LAINNYA,1.3.5.04.04.01.002
13172,"ECHINODERMATA (TRIPANG, BULU BABI, DAN SEBANGSANYA)",ASET TETAP LAINNYA,1.3.5.04.05.00.000
13173,"ECHINODERMATA BUDIDAYA (TRIPANG, BULU BABI, DAN SEBANGSANYA)",ASET TETAP LAINNYA,1.3.5.04.05.01.000
13174,"Echinodermata budidaya (tripang, bulu babi, dan sebangsanya)",ASET TETAP LAINNYA,1.3.5.04.05.01.001
13175,Bulu Babi,ASET TETAP LAINNYA,1.3.5.04.05.01.002
13176,Echinodermata Budidaya Lain-lain (dst),ASET TETAP LAINNYA,1.3.5.04.05.01.003
13177,AMPHIBIA (KODOK DAN SEBANGSANYA),ASET TETAP LAINNYA,1.3.5.04.06.00.000
13178,AMPHIBIA BUDIDAYA (KODOK DAN SEBANGSANYA),ASET TETAP LAINNYA,1.3.5.04.06.01.000
13179,Amphibia budidaya (kodok dan sebangsanya),ASET TETAP LAINNYA,1.3.5.04.06.01.001
13180,Sebangsa Kodok,ASET TETAP LAINNYA,1.3.5.04.06.01.002
13181,Amphibia Budidaya Lain-lain (dst),ASET TETAP LAINNYA,1.3.5.04.06.01.003
13182,"REPTILIA (BUAYA, PENYU, KURA-KURA, BIAWAK, ULAR AIR, DAN SEBANGSANYA",ASET TETAP LAINNYA,1.3.5.04.07.00.000
13183,"REPTILIA BUDIDAYA (BUAYA, PENYU, KURA-KURA, BIAWAK, ULAR AIR, DAN SEBANGSANYA)",ASET TETAP LAINNYA,1.3.5.04.07.01.000
13184,Penyu,ASET TETAP LAINNYA,1.3.5.04.07.01.001
13185,Kura-Kura,ASET TETAP LAINNYA,1.3.5.04.07.01.002
13186,Biawak,ASET TETAP LAINNYA,1.3.5.04.07.01.003
13187,Ular Air,ASET TETAP LAINNYA,1.3.5.04.07.01.004
13188,Budidaya Reptil Lainnya,ASET TETAP LAINNYA,1.3.5.04.07.01.005
13189,"MAMMALIA (PAUS, LUMBA-LUMBA, PESUT, DUYUNG, DAN SEBANGSANYA)",ASET TETAP LAINNYA,1.3.5.04.08.00.000
13190,"MAMMALIA BUDIDAYA (PAUS, LUMBA-LUMBA, PESUT, DUYUNG, DAN SEBANGSANYA)",ASET TETAP LAINNYA,1.3.5.04.08.01.000
13191,"Mammalia budidaya (paus, lumba-lumba, pesut, duyung, dan sebangsanya)",ASET TETAP LAINNYA,1.3.5.04.08.01.001
13192,Lumba-Lumba,ASET TETAP LAINNYA,1.3.5.04.08.01.002
13193,Pesut,ASET TETAP LAINNYA,1.3.5.04.08.01.003
13194,Duyung,ASET TETAP LAINNYA,1.3.5.04.08.01.004
13195,Mammalia Budidaya Lain-lain (dst),ASET TETAP LAINNYA,1.3.5.04.08.01.005
13196,ALGAE (RUMPUT LAUT DAN TUMBUH-TUMBUHAN LAIN YANG HIDUP DI DALAM AIR),ASET TETAP LAINNYA,1.3.5.04.09.00.000
13197,ALGAE BUDIDAYA (RUMPUT LAUT DAN TUMBUH-TUMBUHAN LAIN YANG HIDUP DI DALAM AIR),ASET TETAP LAINNYA,1.3.5.04.09.01.000
13198,Algae budidaya (rumput laut dan tumbuh-tumbuhan lain yang hidup di dalam air),ASET TETAP LAINNYA,1.3.5.04.09.01.001
13199,Tumbuh-Tumbuhan Lain yang Hidup di dalam Air,ASET TETAP LAINNYA,1.3.5.04.09.01.002
13200,Algae budidaya Lain-lain (dst),ASET TETAP LAINNYA,1.3.5.04.09.01.003
13201,BIOTA PERAIRAN LAINNYA,ASET TETAP LAINNYA,1.3.5.04.10.00.000
13202,BUDIDAYA BIOTA PERAIRAN LAINNYA,ASET TETAP LAINNYA,1.3.5.04.10.01.000
13203,Budidaya biota perairan lainnya,ASET TETAP LAINNYA,1.3.5.04.10.01.001
13204,TANAMAN,ASET TETAP LAINNYA,1.3.5.05.00.00.000
13205,TANAMAN,ASET TETAP LAINNYA,1.3.5.05.01.00.000
13206,TANAMAN,ASET TETAP LAINNYA,1.3.5.05.01.01.000
13207,Tanaman Keras,ASET TETAP LAINNYA,1.3.5.05.01.01.001
13208,Tanaman Industri,ASET TETAP LAINNYA,1.3.5.05.01.01.002
13209,Tanaman Perkebunan,ASET TETAP LAINNYA,1.3.5.05.01.01.003
13210,Tanaman Hortikultura,ASET TETAP LAINNYA,1.3.5.05.01.01.004
13211,Tanaman Pangan,ASET TETAP LAINNYA,1.3.5.05.01.01.005
13212,Tanaman Hias,ASET TETAP LAINNYA,1.3.5.05.01.01.006
13213,Tanaman Obat,ASET TETAP LAINNYA,1.3.5.05.01.01.007
13214,Tanaman Plasma,ASET TETAP LAINNYA,1.3.5.05.01.01.008
13215,Penunjang Taman dll,ASET TETAP LAINNYA,1.3.5.05.01.01.009
13216,BARANG KOLEKSI NON BUDAYA,ASET TETAP LAINNYA,1.3.5.06.00.00.000
13217,BARANG KOLEKSI NON BUDAYA,ASET TETAP LAINNYA,1.3.5.06.01.00.000
13218,HEWAN KOLEKSI,ASET TETAP LAINNYA,1.3.5.06.01.01.000
13219,Hewan koleksi,ASET TETAP LAINNYA,1.3.5.06.01.01.001
13220,Hewan Koleksi Diawetkan Kering,ASET TETAP LAINNYA,1.3.5.06.01.01.002
13221,Hewan Koleksi diawetkan basah,ASET TETAP LAINNYA,1.3.5.06.01.01.003
13222,Hewan Koleksi Lain-lain (dst),ASET TETAP LAINNYA,1.3.5.06.01.01.004
13223,BIOTA PERAIRAN KOLEKSI,ASET TETAP LAINNYA,1.3.5.06.01.02.000
13224,Biota perairan koleksi,ASET TETAP LAINNYA,1.3.5.06.01.02.001
13225,Biota Perairan Koleksi Diawetkan Kering,ASET TETAP LAINNYA,1.3.5.06.01.02.002
13226,Biota Perairan Koleksi diawetkan basah,ASET TETAP LAINNYA,1.3.5.06.01.02.003
13227,Biota Perairan Koleksi Lain-lain (dst),ASET TETAP LAINNYA,1.3.5.06.01.02.004
13228,TANAMAN KOLEKSI,ASET TETAP LAINNYA,1.3.5.06.01.03.000
13229,Tanaman koleksi,ASET TETAP LAINNYA,1.3.5.06.01.03.001
13230,Tanaman Koleksi Diawetkan Kering,ASET TETAP LAINNYA,1.3.5.06.01.03.002
13231,Tanaman koleksi diawetkan basah,ASET TETAP LAINNYA,1.3.5.06.01.03.003
13232,Preparat Awetan Tumbuhan,ASET TETAP LAINNYA,1.3.5.06.01.03.004
13233,Gambar Tumbuhan/Botani,ASET TETAP LAINNYA,1.3.5.06.01.03.005
13234,Artefakta Etnobotani,ASET TETAP LAINNYA,1.3.5.06.01.03.006
13235,Tanaman Koleksi Lain-lain (dst),ASET TETAP LAINNYA,1.3.5.06.01.03.007
13236,MIKROBA KOLEKSI,ASET TETAP LAINNYA,1.3.5.06.01.04.000
13237,Mikroba koleksi,ASET TETAP LAINNYA,1.3.5.06.01.04.001
13238,Khamir,ASET TETAP LAINNYA,1.3.5.06.01.04.002
13239,Fungi,ASET TETAP LAINNYA,1.3.5.06.01.04.003
13240,Archea,ASET TETAP LAINNYA,1.3.5.06.01.04.004
13241,Aktinomycetes,ASET TETAP LAINNYA,1.3.5.06.01.04.005
13242,Bacteriophoge,ASET TETAP LAINNYA,1.3.5.06.01.04.006
13243,Alga,ASET TETAP LAINNYA,1.3.5.06.01.04.007
13244,Mikroba Koleksi Lain-lain (dst),ASET TETAP LAINNYA,1.3.5.06.01.04.008
13245,BATUAN KOLEKSI,ASET TETAP LAINNYA,1.3.5.06.01.05.000
13246,Batuan koleksi,ASET TETAP LAINNYA,1.3.5.06.01.05.001
13247,Sedimen,ASET TETAP LAINNYA,1.3.5.06.01.05.002
13248,Metamor,ASET TETAP LAINNYA,1.3.5.06.01.05.003
13249,Mineral,ASET TETAP LAINNYA,1.3.5.06.01.05.004
13250,Batuan Koleksi Lain-lain (dst),ASET TETAP LAINNYA,1.3.5.06.01.05.005
13251,FOSIL,ASET TETAP LAINNYA,1.3.5.06.01.06.000
13252,Fosil,ASET TETAP LAINNYA,1.3.5.06.01.06.001
13253,Fosil Lain-lain (dst),ASET TETAP LAINNYA,1.3.5.06.01.06.002
13254,BARANG KOLEKSI NON BUDAYA LAINNYA,ASET TETAP LAINNYA,1.3.5.06.01.07.000
13255,Barang Non Budaya Lainnya,ASET TETAP LAINNYA,1.3.5.06.01.07.001
13256,ASET TETAP DALAM RENOVASI,ASET TETAP LAINNYA,1.3.5.07.00.00.000
13257,ASET TETAP DALAM RENOVASI,ASET TETAP LAINNYA,1.3.5.07.01.00.000
13258,ASET TETAP DALAM RENOVASI,ASET TETAP LAINNYA,1.3.5.07.01.01.000
13259,Tanah Dalam Renovasi,ASET TETAP LAINNYA,1.3.5.07.01.01.001
13260,Peralatan dan Mesin Dalam Renovasi,ASET TETAP LAINNYA,1.3.5.07.01.01.002
13261,Gedung dan Bangunan Dalam Renovasi,ASET TETAP LAINNYA,1.3.5.07.01.01.003
13262,"Jalan, Irigasi, dan jaringan Dalam Renovasi",ASET TETAP LAINNYA,1.3.5.07.01.01.004
13263,Aset Tetap Lainnya Dalam Renovasi,ASET TETAP LAINNYA,1.3.5.07.01.01.005
13264,Aset Renovasi,ASET TETAP LAINNYA,1.3.5.07.01.01.007
13265,KONSTRUKSI DALAM PENGERJAAN,KONSTRUKSI DALAM PENGERJAAN,1.3.6.00.00.00.000
13266,KONSTRUKSI DALAM PENGERJAAN,KONSTRUKSI DALAM PENGERJAAN,1.3.6.01.00.00.000
13267,KONSTRUKSI DALAM PENGERJAAN,KONSTRUKSI DALAM PENGERJAAN,1.3.6.01.01.00.000
13268,KONSTRUKSI DALAM PENGERJAAN,KONSTRUKSI DALAM PENGERJAAN,1.3.6.01.01.01.000
13269,Tanah Dalam Pengerjaan,KONSTRUKSI DALAM PENGERJAAN,1.3.6.01.01.01.001
13270,Peralatan dan Mesin Dalam Pengerjaan,KONSTRUKSI DALAM PENGERJAAN,1.3.6.01.01.01.002
13271,Gedung dan Bangunan Dalam Pengerjaan,KONSTRUKSI DALAM PENGERJAAN,1.3.6.01.01.01.003
13272,"Jalan, Irigasi, dan Jaringan Dalam Pengerjaan",KONSTRUKSI DALAM PENGERJAAN,1.3.6.01.01.01.004
13273,Aset Tetap Lainnya Dalam Pengerjaan,KONSTRUKSI DALAM PENGERJAAN,1.3.6.01.01.01.005
13274,AKUMULASI PENYUSUTAN,AKUMULASI PENYUSUTAN,1.3.7.00.00.00.000
13275,AKUMULASI PENYUSUTAN PERALATAN DAN MESIN,AKUMULASI PENYUSUTAN,1.3.7.01.00.00.000
13276,AKUMULASI PENYUSUTAN ALAT BESAR,AKUMULASI PENYUSUTAN,1.3.7.01.01.00.000
13277,AKUMULASI PENYUSUTAN ALAT BESAR DARAT,AKUMULASI PENYUSUTAN,1.3.7.01.01.01.000
13278,Akumulasi penyusutan alat besar darat,AKUMULASI PENYUSUTAN,1.3.7.01.01.01.001
13279,AKUMULASI PENYUSUTAN ALAT BESAR APUNG,AKUMULASI PENYUSUTAN,1.3.7.01.01.02.000
13280,Akumulasi penyusutan alat besar apung,AKUMULASI PENYUSUTAN,1.3.7.01.01.02.001
13281,AKUMULASI PENYUSUTAN ALAT BANTU,AKUMULASI PENYUSUTAN,1.3.7.01.01.03.000
13282,Akumulasi penyusutan alat bantu,AKUMULASI PENYUSUTAN,1.3.7.01.01.03.001
13283,AKUMULASI PENYUSUTAN ALAT ANGKUTAN,AKUMULASI PENYUSUTAN,1.3.7.01.02.00.000
13284,AKUMULASI PENYUSUTAN ALAT ANGKUTAN DARAT BERMOTOR,AKUMULASI PENYUSUTAN,1.3.7.01.02.01.000
13285,Akumulasi penyusutan alat angkutan darat bermotor,AKUMULASI PENYUSUTAN,1.3.7.01.02.01.001
13286,AKUMULASI PENYUSUTAN ALAT ANGKUTAN DARAT TAK BERMOTOR,AKUMULASI PENYUSUTAN,1.3.7.01.02.02.000
13287,Akumulasi penyusutan alat angkutan darat tak bermotor,AKUMULASI PENYUSUTAN,1.3.7.01.02.02.001
13288,AKUMULASI PENYUSUTAN ALAT APUNG BERMOTOR,AKUMULASI PENYUSUTAN,1.3.7.01.02.03.000
13289,Akumulasi penyusutan alat apung bermotor,AKUMULASI PENYUSUTAN,1.3.7.01.02.03.001
13290,AKUMULASI PENYUSUTAN ALAT ANGKUTAN APUNG TAK BERMOTOR,AKUMULASI PENYUSUTAN,1.3.7.01.02.04.000
13291,Akumulasi penyusutan alat angkutan apung tak bermotor,AKUMULASI PENYUSUTAN,1.3.7.01.02.04.001
13292,AKUMULASI PENYUSUTAN ALAT ANGKUTAN BERMOTOR UDARA,AKUMULASI PENYUSUTAN,1.3.7.01.02.05.000
13293,Akumulasi penyusutan alat angkutan bermotor udara,AKUMULASI PENYUSUTAN,1.3.7.01.02.05.001
13294,AKUMULASI PENYUSUTAN ALAT BENGKEL DAN ALAT UKUR,AKUMULASI PENYUSUTAN,1.3.7.01.03.00.000
13295,AKUMULASI PENYUSUTAN ALAT BENGKEL BERMESIN,AKUMULASI PENYUSUTAN,1.3.7.01.03.01.000
13296,Akumulasi penyusutan alat bengkel bermesin,AKUMULASI PENYUSUTAN,1.3.7.01.03.01.001
13297,AKUMULASI PENYUSUTAN ALAT BENGKEL TAK BERMESIN,AKUMULASI PENYUSUTAN,1.3.7.01.03.02.000
13298,Akumulasi penyusutan alat bengkel tak bermesin,AKUMULASI PENYUSUTAN,1.3.7.01.03.02.001
13299,AKUMULASI PENYUSUTAN ALAT UKUR,AKUMULASI PENYUSUTAN,1.3.7.01.03.03.000
13300,Akumulasi penyusutan alat ukur,AKUMULASI PENYUSUTAN,1.3.7.01.03.03.001
13301,AKUMULASI PENYUSUTAN ALAT PERTANIAN,AKUMULASI PENYUSUTAN,1.3.7.01.04.00.000
13302,AKUMULASI PENYUSUTAN ALAT PENGOLAHAN,AKUMULASI PENYUSUTAN,1.3.7.01.04.01.000
13303,Akumulasi penyusutan alat pengolahan,AKUMULASI PENYUSUTAN,1.3.7.01.04.01.001
13304,AKUMULASI PENYUSUTAN ALAT KANTOR & RUMAH TANGGA,AKUMULASI PENYUSUTAN,1.3.7.01.05.00.000
13305,AKUMULASI PENYUSUTAN ALAT KANTOR,AKUMULASI PENYUSUTAN,1.3.7.01.05.01.000
13306,Akumulasi penyusutan alat kantor,AKUMULASI PENYUSUTAN,1.3.7.01.05.01.001
13307,AKUMULASI PENYUSUTAN ALAT RUMAH TANGGA,AKUMULASI PENYUSUTAN,1.3.7.01.05.02.000
13308,Akumulasi penyusutan alat rumah tangga,AKUMULASI PENYUSUTAN,1.3.7.01.05.02.001
13309,MEJA DAN KURSI KERJA/RAPAT PEJABAT,AKUMULASI PENYUSUTAN,1.3.7.01.05.03.000
13310,Meja dan kursi kerja/rapat pejabat,AKUMULASI PENYUSUTAN,1.3.7.01.05.03.001
13311,"AKUMULASI PENYUSUTAN ALAT STUDIO, KOMUNIKASI DAN PEMANCAR",AKUMULASI PENYUSUTAN,1.3.7.01.06.00.000
13312,AKUMULASI PENYUSUTAN ALAT STUDIO,AKUMULASI PENYUSUTAN,1.3.7.01.06.01.000
13313,Akumulasi penyusutan alat studio,AKUMULASI PENYUSUTAN,1.3.7.01.06.01.001
13314,AKUMULASI PENYUSUTAN ALAT KOMUNIKASI,AKUMULASI PENYUSUTAN,1.3.7.01.06.02.000
13315,Akumulasi penyusutan alat komunikasi,AKUMULASI PENYUSUTAN,1.3.7.01.06.02.001
13316,AKUMULASI PENYUSUTAN PERALATAN PEMANCAR,AKUMULASI PENYUSUTAN,1.3.7.01.06.03.000
13317,Akumulasi penyusutan peralatan pemancar,AKUMULASI PENYUSUTAN,1.3.7.01.06.03.001
13318,AKUMULASI PENYUSUTAN PERALATAN KOMUNIKASI NAVIGASI,AKUMULASI PENYUSUTAN,1.3.7.01.06.04.000
13319,Akumulasi penyusutan peralatan komunikasi navigasi,AKUMULASI PENYUSUTAN,1.3.7.01.06.04.001
13320,AKUMULASI PENYUSUTAN ALAT KEDOKTERAN DAN KESEHATAN,AKUMULASI PENYUSUTAN,1.3.7.01.07.00.000
13321,AKUMULASI PENYUSUTAN ALAT KEDOKTERAN,AKUMULASI PENYUSUTAN,1.3.7.01.07.01.000
13322,Akumulasi penyusutan alat kedokteran,AKUMULASI PENYUSUTAN,1.3.7.01.07.01.001
13323,AKUMULASI PENYUSUTAN ALAT KESEHATAN UMUM,AKUMULASI PENYUSUTAN,1.3.7.01.07.02.000
13324,Akumulasi penyusutan alat kesehatan umum,AKUMULASI PENYUSUTAN,1.3.7.01.07.02.001
13325,AKUMULASI PENYUSUTAN ALAT LABORATORIUM,AKUMULASI PENYUSUTAN,1.3.7.01.08.00.000
13326,AKUMULASI PENYUSUTAN UNIT ALAT LABORATORIUM,AKUMULASI PENYUSUTAN,1.3.7.01.08.01.000
13327,Akumulasi penyusutan unit alat laboratorium,AKUMULASI PENYUSUTAN,1.3.7.01.08.01.001
13328,AKUMULASI PENYUSUTAN UNIT ALAT LABORATORIUM KIMIA NUKLIR,AKUMULASI PENYUSUTAN,1.3.7.01.08.02.000
13329,Akumulasi penyusutan unit alat laboratorium kimia nuklir,AKUMULASI PENYUSUTAN,1.3.7.01.08.02.001
13330,AKUMULASI PENYUSUTAN ALAT PERAGA PRAKTEK SEKOLAH,AKUMULASI PENYUSUTAN,1.3.7.01.08.03.000
13331,Akumulasi penyusutan alat peraga praktek sekolah,AKUMULASI PENYUSUTAN,1.3.7.01.08.03.001
13332,AKUMULASI PENYUSUTAN ALAT LABORATORIUM FISIKA NUKLIR/ELEKTRONIKA,AKUMULASI PENYUSUTAN,1.3.7.01.08.04.000
13333,Akumulasi penyusutan alat laboratorium fisika nuklir/elektronika,AKUMULASI PENYUSUTAN,1.3.7.01.08.04.001
13334,AKUMULASI PENYUSUTAN ALAT PROTEKSI RADIASI/PROTEKSI LINGKUNGAN,AKUMULASI PENYUSUTAN,1.3.7.01.08.05.000
13335,Akumulasi penyusutan alat proteksi radiasi/proteksi lingkungan,AKUMULASI PENYUSUTAN,1.3.7.01.08.05.001
13336,AKUMULASI PENYUSUTAN RADIATION APPLICATION AND NON DESTRUCTIVE TESTING LABORATORY,AKUMULASI PENYUSUTAN,1.3.7.01.08.06.000
13337,Akumulasi penyusutan radiation application and non destructive testing laboratory,AKUMULASI PENYUSUTAN,1.3.7.01.08.06.001
13338,AKUMULASI PENYUSUTAN ALAT LABORATORIUM LINGKUNGAN HIDUP,AKUMULASI PENYUSUTAN,1.3.7.01.08.07.000
13339,Akumulasi penyusutan alat laboratorium lingkungan hidup,AKUMULASI PENYUSUTAN,1.3.7.01.08.07.001
13340,AKUMULASI PENYUSUTAN PERALATAN LABORATORIUM HYDRODINAMICA,AKUMULASI PENYUSUTAN,1.3.7.01.08.08.000
13341,Akumulasi penyusutan peralatan laboratorium hydrodinamica,AKUMULASI PENYUSUTAN,1.3.7.01.08.08.001
13342,AKUMULASI PENYUSUTAN ALAT LABORATORIUM STANDARISASI KALIBRASI DAN INSTRUMENTASI,AKUMULASI PENYUSUTAN,1.3.7.01.08.09.000
13343,Akumulasi penyusutan alat laboratorium standarisasi kalibrasi dan instrumentasi,AKUMULASI PENYUSUTAN,1.3.7.01.08.09.001
13344,AKUMULASI PENYUSUTAN ALAT PERSENJATAAN,AKUMULASI PENYUSUTAN,1.3.7.01.09.00.000
13345,AKUMULASI PENYUSUTAN SENJATA API,AKUMULASI PENYUSUTAN,1.3.7.01.09.01.000
13346,Akumulasi penyusutan senjata api,AKUMULASI PENYUSUTAN,1.3.7.01.09.01.001
13347,AKUMULASI PENYUSUTAN PERSENJATAAN NON SENJATA API,AKUMULASI PENYUSUTAN,1.3.7.01.09.02.000
13348,Akumulasi penyusutan persenjataan non senjata api,AKUMULASI PENYUSUTAN,1.3.7.01.09.02.001
13349,AKUMULASI PENYUSUTAN SENJATA SINAR,AKUMULASI PENYUSUTAN,1.3.7.01.09.03.000
13350,Akumulasi penyusutan senjata sinar,AKUMULASI PENYUSUTAN,1.3.7.01.09.03.001
13351,AKUMULASI PENYUSUTAN ALAT KHUSUS KEPOLISIAN,AKUMULASI PENYUSUTAN,1.3.7.01.09.04.000
13352,Akumulasi penyusutan alat khusus kepolisian,AKUMULASI PENYUSUTAN,1.3.7.01.09.04.001
13353,AKUMULASI PENYUSUTAN KOMPUTER,AKUMULASI PENYUSUTAN,1.3.7.01.10.00.000
13354,AKUMULASI PENYUSUTAN KOMPUTER UNIT,AKUMULASI PENYUSUTAN,1.3.7.01.10.01.000
13355,Akumulasi penyusutan komputer unit,AKUMULASI PENYUSUTAN,1.3.7.01.10.01.001
13356,AKUMULASI PENYUSUTAN PERALATAN KOMPUTER,AKUMULASI PENYUSUTAN,1.3.7.01.10.02.000
13357,Akumulasi penyusutan peralatan komputer,AKUMULASI PENYUSUTAN,1.3.7.01.10.02.001
13358,AKUMULASI PENYUSUTAN ALAT EKSPLORASI,AKUMULASI PENYUSUTAN,1.3.7.01.11.00.000
13359,AKUMULASI PENYUSUTAN ALAT EKSPLORASI TOPOGRAFI,AKUMULASI PENYUSUTAN,1.3.7.01.11.01.000
13360,Akumulasi penyusutan alat eksplorasi topografi,AKUMULASI PENYUSUTAN,1.3.7.01.11.01.001
13361,AKUMULASI PENYUSUTAN ALAT EKSPLORASI GEOFISIKA,AKUMULASI PENYUSUTAN,1.3.7.01.11.02.000
13362,Akumulasi penyusutan alat eksplorasi geofisika,AKUMULASI PENYUSUTAN,1.3.7.01.11.02.001
13363,AKUMULASI PENYUSUTAN ALAT PENGEBORAN,AKUMULASI PENYUSUTAN,1.3.7.01.12.00.000
13364,AKUMULASI PENYUSUTAN ALAT PENGEBORAN MESIN,AKUMULASI PENYUSUTAN,1.3.7.01.12.01.000
13365,Akumulasi penyusutan alat pengeboran mesin,AKUMULASI PENYUSUTAN,1.3.7.01.12.01.001
13366,AKUMULASI PENYUSUTAN ALAT PENGEBORAN NON MESIN,AKUMULASI PENYUSUTAN,1.3.7.01.12.02.000
13367,Akumulasi penyusutan alat pengeboran non mesin,AKUMULASI PENYUSUTAN,1.3.7.01.12.02.001
13368,"AKUMULASI PENYUSUTAN ALAT PRODUKSI, PENGOLAHAN DAN PEMURNIAN",AKUMULASI PENYUSUTAN,1.3.7.01.13.00.000
13369,AKUMULASI PENYUSUTAN SUMUR,AKUMULASI PENYUSUTAN,1.3.7.01.13.01.000
13370,Akumulasi penyusutan sumur,AKUMULASI PENYUSUTAN,1.3.7.01.13.01.001
13371,AKUMULASI PENYUSUTAN PRODUKSI,AKUMULASI PENYUSUTAN,1.3.7.01.13.02.000
13372,Akumulasi penyusutan produksi,AKUMULASI PENYUSUTAN,1.3.7.01.13.02.001
13373,AKUMULASI PENYUSUTAN PENGOLAHAN DAN PEMURNIAN,AKUMULASI PENYUSUTAN,1.3.7.01.13.03.000
13374,Akumulasi penyusutan pengolahan dan pemurnian,AKUMULASI PENYUSUTAN,1.3.7.01.13.03.001
13375,AKUMULASI PENYUSUTAN ALAT BANTU EKSPLORASI,AKUMULASI PENYUSUTAN,1.3.7.01.14.00.000
13376,AKUMULASI PENYUSUTAN  ALAT BANTU EKSPLORASI,AKUMULASI PENYUSUTAN,1.3.7.01.14.01.000
13377,Akumulasi penyusutan  alat bantu eksplorasi,AKUMULASI PENYUSUTAN,1.3.7.01.14.01.001
13378,AKUMULASI PENYUSUTAN ALAT BANTU PRODUKSI,AKUMULASI PENYUSUTAN,1.3.7.01.14.02.000
13379,Akumulasi penyusutan alat bantu produksi,AKUMULASI PENYUSUTAN,1.3.7.01.14.02.001
13380,AKUMULASI PENYUSUTAN ALAT KESELAMATAN KERJA,AKUMULASI PENYUSUTAN,1.3.7.01.15.00.000
13381,AKUMULASI PENYUSUTAN ALAT DETEKSI,AKUMULASI PENYUSUTAN,1.3.7.01.15.01.000
13382,Akumulasi penyusutan alat deteksi,AKUMULASI PENYUSUTAN,1.3.7.01.15.01.001
13383,AKUMULASI PENYUSUTAN ALAT PELINDUNG,AKUMULASI PENYUSUTAN,1.3.7.01.15.02.000
13384,Akumulasi penyusutan alat pelindung,AKUMULASI PENYUSUTAN,1.3.7.01.15.02.001
13385,AKUMULASI PENYUSUTAN ALAT SAR,AKUMULASI PENYUSUTAN,1.3.7.01.15.03.000
13386,Akumulasi penyusutan alat sar,AKUMULASI PENYUSUTAN,1.3.7.01.15.03.001
13387,AKUMULASI PENYUSUTAN KERJA PENERBANGAN,AKUMULASI PENYUSUTAN,1.3.7.01.15.04.000
13388,Akumulasi penyusutan kerja penerbangan,AKUMULASI PENYUSUTAN,1.3.7.01.15.04.001
13389,AKUMULASI PENYUSUTAN  ALAT PERAGA,AKUMULASI PENYUSUTAN,1.3.7.01.16.00.000
13390,AKUMULASI PENYUSUTAN  ALAT PERAGA PELATIHAN DAN PERCONTOHAN,AKUMULASI PENYUSUTAN,1.3.7.01.16.01.000
13391,Akumulasi penyusutan  alat peraga pelatihan dan percontohan,AKUMULASI PENYUSUTAN,1.3.7.01.16.01.001
13392,AKUMULASI PENYUSUTAN  PERALATAN PROSES/PRODUKSI,AKUMULASI PENYUSUTAN,1.3.7.01.17.00.000
13393,AKUMULASI PENYUSUTAN PERALATAN PROSES/PRODUKSI,AKUMULASI PENYUSUTAN,1.3.7.01.17.01.000
13394,Akumulasi penyusutan peralatan proses/produksi,AKUMULASI PENYUSUTAN,1.3.7.01.17.01.001
13395,AKUMULASI PENYUSUTAN RAMBU - RAMBU,AKUMULASI PENYUSUTAN,1.3.7.01.18.00.000
13396,AKUMULASI PENYUSUTAN RAMBU-RAMBU LALU LINTAS DARAT,AKUMULASI PENYUSUTAN,1.3.7.01.18.01.000
13397,Akumulasi penyusutan rambu-rambu lalu lintas darat,AKUMULASI PENYUSUTAN,1.3.7.01.18.01.001
13398,AKUMULASI PENYUSUTAN RAMBU-RAMBU LALU LINTAS UDARA,AKUMULASI PENYUSUTAN,1.3.7.01.18.02.000
13399,Akumulasi penyusutan rambu-rambu lalu lintas udara,AKUMULASI PENYUSUTAN,1.3.7.01.18.02.001
13400,AKUMULASI PENYUSUTAN RAMBU-RAMBU LALU LINTAS LAUT,AKUMULASI PENYUSUTAN,1.3.7.01.18.03.000
13401,Akumulasi penyusutan rambu-rambu lalu lintas laut,AKUMULASI PENYUSUTAN,1.3.7.01.18.03.001
13402,AKUMULASI PENYUSUTAN PERALATAN OLAH RAGA,AKUMULASI PENYUSUTAN,1.3.7.01.19.00.000
13403,AKUMULASI PENYUSUTAN PERALATAN OLAH RAGA,AKUMULASI PENYUSUTAN,1.3.7.01.19.01.000
13404,Akumulasi penyusutan peralatan olah raga,AKUMULASI PENYUSUTAN,1.3.7.01.19.01.001
13405,AKUMULASI PENYUSUTAN GEDUNG DAN BANGUNAN,AKUMULASI PENYUSUTAN,1.3.7.02.00.00.000
13406,AKUMULASI PENYUSUTAN BANGUNAN GEDUNG,AKUMULASI PENYUSUTAN,1.3.7.02.01.00.000
13407,AKUMULASI PENYUSUTAN BANGUNAN GEDUNG TEMPAT KERJA,AKUMULASI PENYUSUTAN,1.3.7.02.01.01.000
13408,Akumulasi penyusutan bangunan gedung tempat kerja,AKUMULASI PENYUSUTAN,1.3.7.02.01.01.001
13409,AKUMULASI PENYUSUTAN BANGUNAN GEDUNG TEMPAT TINGGAL,AKUMULASI PENYUSUTAN,1.3.7.02.01.02.000
13410,Akumulasi penyusutan bangunan gedung tempat tinggal,AKUMULASI PENYUSUTAN,1.3.7.02.01.02.001
13411,AKUMULASI PENYUSUTAN MONUMEN,AKUMULASI PENYUSUTAN,1.3.7.02.02.00.000
13412,AKUMULASI PENYUSUTAN CANDI/TUGU PERINGATAN/PRASASTI,AKUMULASI PENYUSUTAN,1.3.7.02.02.01.000
13413,Akumulasi penyusutan candi/tugu peringatan/prasasti,AKUMULASI PENYUSUTAN,1.3.7.02.02.01.001
13414,AKUMULASI PENYUSUTAN BANGUNAN MENARA,AKUMULASI PENYUSUTAN,1.3.7.02.03.00.000
13415,AKUMULASI PENYUSUTAN BANGUNAN MENARA PERAMBUAN,AKUMULASI PENYUSUTAN,1.3.7.02.03.01.000
13416,Akumulasi penyusutan bangunan menara perambuan,AKUMULASI PENYUSUTAN,1.3.7.02.03.01.001
13417,AKUMULASI PENYUSUTAN TUGU TITIK KONTROL/PASTI,AKUMULASI PENYUSUTAN,1.3.7.02.04.00.000
13418,AKUMULASI PENYUSUTAN TUGU/TANDA BATAS,AKUMULASI PENYUSUTAN,1.3.7.02.04.01.000
13419,Akumulasi penyusutan tugu/tanda batas,AKUMULASI PENYUSUTAN,1.3.7.02.04.01.001
13420,"AKUMULASI PENYUSUTAN JALAN, JARINGAN DAN IRIGASI",AKUMULASI PENYUSUTAN,1.3.7.03.00.00.000
13421,AKUMULASI PENYUSUTAN JALAN DAN JEMBATAN,AKUMULASI PENYUSUTAN,1.3.7.03.01.00.000
13422,AKUMULASI PENYUSUTAN JALAN,AKUMULASI PENYUSUTAN,1.3.7.03.01.01.000
13423,Akumulasi penyusutan jalan,AKUMULASI PENYUSUTAN,1.3.7.03.01.01.001
13424,AKUMULASI PENYUSUTAN JEMBATAN,AKUMULASI PENYUSUTAN,1.3.7.03.01.02.000
13425,Akumulasi penyusutan jembatan,AKUMULASI PENYUSUTAN,1.3.7.03.01.02.001
13426,AKUMULASI PENYUSUTAN BANGUNAN AIR,AKUMULASI PENYUSUTAN,1.3.7.03.02.00.000
13427,AKUMULASI PENYUSUTAN BANGUNAN AIR IRIGASI,AKUMULASI PENYUSUTAN,1.3.7.03.02.01.000
13428,Akumulasi penyusutan bangunan air irigasi,AKUMULASI PENYUSUTAN,1.3.7.03.02.01.001
13429,AKUMULASI PENYUSUTAN BANGUNAN PENGAIRAN PASANG SURUT,AKUMULASI PENYUSUTAN,1.3.7.03.02.02.000
13430,Akumulasi penyusutan bangunan pengairan pasang surut,AKUMULASI PENYUSUTAN,1.3.7.03.02.02.001
13431,AKUMULASI PENYUSUTAN BANGUNAN PENGEMBANGAN RAWA DAN POLDER,AKUMULASI PENYUSUTAN,1.3.7.03.02.03.000
13432,Akumulasi penyusutan bangunan pengembangan rawa dan polder,AKUMULASI PENYUSUTAN,1.3.7.03.02.03.001
13433,AKUMULASI PENYUSUTAN BANGUNAN PENGAMAN SUNGAI/PANTAI & PENANGGULANGAN BENCANA ALAM,AKUMULASI PENYUSUTAN,1.3.7.03.02.04.000
13434,Akumulasi penyusutan bangunan pengaman sungai/pantai & penanggulangan bencana alam,AKUMULASI PENYUSUTAN,1.3.7.03.02.04.001
13435,AKUMULASI PENYUSUTAN BANGUNAN PENGEMBANGAN SUMBER AIR DAN AIR TANAH,AKUMULASI PENYUSUTAN,1.3.7.03.02.05.000
13436,Akumulasi penyusutan bangunan pengembangan sumber air dan air tanah,AKUMULASI PENYUSUTAN,1.3.7.03.02.05.001
13437,AKUMULASI PENYUSUTAN BANGUNAN AIR BERSIH/AIR BAKU,AKUMULASI PENYUSUTAN,1.3.7.03.02.06.000
13438,Akumulasi penyusutan bangunan air bersih/air baku,AKUMULASI PENYUSUTAN,1.3.7.03.02.06.001
13439,AKUMULASI PENYUSUTAN BANGUNAN AIR KOTOR,AKUMULASI PENYUSUTAN,1.3.7.03.02.07.000
13440,Akumulasi penyusutan bangunan air kotor,AKUMULASI PENYUSUTAN,1.3.7.03.02.07.001
13441,AKUMULASI PENYUSUTAN AKUMULASI PENYUSUTAN INSTALASI,AKUMULASI PENYUSUTAN,1.3.7.03.03.00.000
13442,AKUMULASI PENYUSUTAN INSTALASI AIR BERSIH/AIR BAKU,AKUMULASI PENYUSUTAN,1.3.7.03.03.01.000
13443,Akumulasi penyusutan instalasi air bersih/air baku,AKUMULASI PENYUSUTAN,1.3.7.03.03.01.001
13444,AKUMULASI PENYUSUTAN INSTALASI AIR KOTOR,AKUMULASI PENYUSUTAN,1.3.7.03.03.02.000
13445,Akumulasi penyusutan instalasi air kotor,AKUMULASI PENYUSUTAN,1.3.7.03.03.02.001
13446,AKUMULASI PENYUSUTAN INSTALASI PENGOLAHAN SAMPAH,AKUMULASI PENYUSUTAN,1.3.7.03.03.03.000
13447,Akumulasi penyusutan instalasi pengolahan sampah,AKUMULASI PENYUSUTAN,1.3.7.03.03.03.001
13448,AKUMULASI PENYUSUTAN INSTALASI PENGOLAHAN BAHAN BANGUNAN,AKUMULASI PENYUSUTAN,1.3.7.03.03.04.000
13449,Akumulasi penyusutan instalasi pengolahan bahan bangunan,AKUMULASI PENYUSUTAN,1.3.7.03.03.04.001
13450,AKUMULASI PENYUSUTAN INSTALASI PEMBANGKIT LISTRIK,AKUMULASI PENYUSUTAN,1.3.7.03.03.05.000
13451,Akumulasi penyusutan instalasi pembangkit listrik,AKUMULASI PENYUSUTAN,1.3.7.03.03.05.001
13452,AKUMULASI PENYUSUTAN INSTALASI GARDU LISTRIK,AKUMULASI PENYUSUTAN,1.3.7.03.03.06.000
13453,Akumulasi penyusutan instalasi gardu listrik,AKUMULASI PENYUSUTAN,1.3.7.03.03.06.001
13454,AKUMULASI PENYUSUTAN INSTALASI PERTAHANAN,AKUMULASI PENYUSUTAN,1.3.7.03.03.07.000
13455,Akumulasi penyusutan instalasi pertahanan,AKUMULASI PENYUSUTAN,1.3.7.03.03.07.001
13456,AKUMULASI PENYUSUTAN INSTALASI GAS,AKUMULASI PENYUSUTAN,1.3.7.03.03.08.000
13457,Akumulasi penyusutan instalasi gas,AKUMULASI PENYUSUTAN,1.3.7.03.03.08.001
13458,AKUMULASI PENYUSUTAN INSTALASI PENGAMAN,AKUMULASI PENYUSUTAN,1.3.7.03.03.09.000
13459,Akumulasi penyusutan instalasi pengaman,AKUMULASI PENYUSUTAN,1.3.7.03.03.09.001
13460,AKUMULASI PENYUSUTAN INSTALASI LAIN,AKUMULASI PENYUSUTAN,1.3.7.03.03.10.000
13461,Akumulasi penyusutan instalasi lain,AKUMULASI PENYUSUTAN,1.3.7.03.03.10.001
13462,AKUMULASI PENYUSUTAN JARINGAN,AKUMULASI PENYUSUTAN,1.3.7.03.04.00.000
13463,AKUMULASI JARINGAN AIR MINUM,AKUMULASI PENYUSUTAN,1.3.7.03.04.01.000
13464,Akumulasi jaringan air minum,AKUMULASI PENYUSUTAN,1.3.7.03.04.01.001
13465,AKUMULASI PENYUSUTAN JARINGAN LISTRIK,AKUMULASI PENYUSUTAN,1.3.7.03.04.02.000
13466,Akumulasi penyusutan jaringan listrik,AKUMULASI PENYUSUTAN,1.3.7.03.04.02.001
13467,AKUMULASI PENYUSUTAN JARINGAN TELEPON,AKUMULASI PENYUSUTAN,1.3.7.03.04.03.000
13468,Akumulasi penyusutan jaringan telepon,AKUMULASI PENYUSUTAN,1.3.7.03.04.03.001
13469,AKUMULASI PENYUSUTAN JARINGAN GAS,AKUMULASI PENYUSUTAN,1.3.7.03.04.04.000
13470,Akumulasi penyusutan jaringan gas,AKUMULASI PENYUSUTAN,1.3.7.03.04.04.001
13471,AKUMULASI PENYUSUTAN ASET TETAP LAINNYA,AKUMULASI PENYUSUTAN,1.3.7.04.00.00.000
13472,AKUMULASI PENYUSUTAN ASET TETAP LAINNYA,AKUMULASI PENYUSUTAN,1.3.7.04.01.00.000
13473,AKUMULASI PENYUSUTAN ASET TETAP LAINNYA,AKUMULASI PENYUSUTAN,1.3.7.04.01.01.000
13474,Akumulasi penyusutan aset tetap lainnya,AKUMULASI PENYUSUTAN,1.3.7.04.01.01.001
13475,ASET LAINNYA,ASET LAINNYA,1.5.0.00.00.00.000
13476,KEMITRAAN DENGAN PIHAK KETIGA,KEMITRAAN DENGAN PIHAK KETIGA,1.5.2.00.00.00.000
13477,KEMITRAAN DENGAN PIHAK KETIGA,KEMITRAAN DENGAN PIHAK KETIGA,1.5.2.01.00.00.000
13478,KEMITRAAN DENGAN PIHAK KETIGA,KEMITRAAN DENGAN PIHAK KETIGA,1.5.2.01.01.00.000
13479,SEWA,KEMITRAAN DENGAN PIHAK KETIGA,1.5.2.01.01.01.000
13480,Sewa Tanah,KEMITRAAN DENGAN PIHAK KETIGA,1.5.2.01.01.01.001
13481,Sewa Peralatan dan Mesin,KEMITRAAN DENGAN PIHAK KETIGA,1.5.2.01.01.01.002
13482,Sewa Gedung dan Bangunan,KEMITRAAN DENGAN PIHAK KETIGA,1.5.2.01.01.01.003
13483,"Sewa Jalam, Irigasi dan Jaringan",KEMITRAAN DENGAN PIHAK KETIGA,1.5.2.01.01.01.004
13484,KERJASAMA PEMANFAATAN,KEMITRAAN DENGAN PIHAK KETIGA,1.5.2.01.01.02.000
13485,Kerja Sama Pemanfaatan Tanah,KEMITRAAN DENGAN PIHAK KETIGA,1.5.2.01.01.02.001
13486,Kerja Sama Pemanfaatan Peralatan dan Mesin,KEMITRAAN DENGAN PIHAK KETIGA,1.5.2.01.01.02.002
13487,Kerja Sama Pemanfaatan Gedung dan Bangunan,KEMITRAAN DENGAN PIHAK KETIGA,1.5.2.01.01.02.003
13488,"Kerja Sama Pemanfaatan Jalan, Irigasi dan Jaringan",KEMITRAAN DENGAN PIHAK KETIGA,1.5.2.01.01.02.004
13489,Kerja Sama Pemanfaatan Aset Tetap Lainnya,KEMITRAAN DENGAN PIHAK KETIGA,1.5.2.01.01.02.005
13490,BANGUN GUNA SERAH/BANGUN SERAH GUNA (BGS/BSG),KEMITRAAN DENGAN PIHAK KETIGA,1.5.2.01.01.03.000
13491,Bangun Guna Serah/Bangun Serah Guna (BGS/BSG) Tanah,KEMITRAAN DENGAN PIHAK KETIGA,1.5.2.01.01.03.001
13492,Bangun Serah Guna (BSG) Peralatan dan Mesin,KEMITRAAN DENGAN PIHAK KETIGA,1.5.2.01.01.03.002
13493,Bangun Serah Guna (BSG) Gedung dan Bangunan,KEMITRAAN DENGAN PIHAK KETIGA,1.5.2.01.01.03.003
13494,"Bangun Serah Guna (BSG) Jalan, Irigasi dan Jaringan",KEMITRAAN DENGAN PIHAK KETIGA,1.5.2.01.01.03.004
13495,Bangun Serah Guna (BSG) Aset Tetap Lainnya,KEMITRAAN DENGAN PIHAK KETIGA,1.5.2.01.01.03.005
13496,KERJA SAMA PENYEDIAAN INFRASTRUKTUR,KEMITRAAN DENGAN PIHAK KETIGA,1.5.2.01.01.04.000
13497,Kerja Sama Penyediaan Infrastruktur Tanah,KEMITRAAN DENGAN PIHAK KETIGA,1.5.2.01.01.04.001
13498,Kerja Sama Penyediaan Infrastruktur Peralatan dan Mesin,KEMITRAAN DENGAN PIHAK KETIGA,1.5.2.01.01.04.002
13499,Kerja Sama Penyediaan Infrastruktur Bangunan dan Gedung,KEMITRAAN DENGAN PIHAK KETIGA,1.5.2.01.01.04.003
13500,"Kerja Sama Penyediaan Infrastruktur Jalan, Irigasi dan Jaringan",KEMITRAAN DENGAN PIHAK KETIGA,1.5.2.01.01.04.004
13501,Kerja Sama Penyediaan Infrastruktur Aset Tetap Lainnya,KEMITRAAN DENGAN PIHAK KETIGA,1.5.2.01.01.04.005
13502,PINJAM PAKAI,KEMITRAAN DENGAN PIHAK KETIGA,1.5.2.01.01.05.000
13503,Tanah Pinjam Pakai,KEMITRAAN DENGAN PIHAK KETIGA,1.5.2.01.01.05.001
13504,Peralatan dan Mesin Pinjam Pakai,KEMITRAAN DENGAN PIHAK KETIGA,1.5.2.01.01.05.002
13505,Gedung dan Bangunan Pinjam Pakai,KEMITRAAN DENGAN PIHAK KETIGA,1.5.2.01.01.05.003
13506,"Jalam, Irigasi dan Jaringan Pinjam Pakai",KEMITRAAN DENGAN PIHAK KETIGA,1.5.2.01.01.05.004
13507,Aset Tetap Lain Pinjam Pakai,KEMITRAAN DENGAN PIHAK KETIGA,1.5.2.01.01.05.005
13508,ASET TIDAK BERWUJUD,ASET TIDAK BERWUJUD,1.5.3.00.00.00.000
13509,ASET TIDAK BERWUJUD,ASET TIDAK BERWUJUD,1.5.3.01.00.00.000
13510,ASET TIDAK BERWUJUD,ASET TIDAK BERWUJUD,1.5.3.01.01.00.000
13511,GOODWILL,ASET TIDAK BERWUJUD,1.5.3.01.01.01.000
13512,Goodwill,ASET TIDAK BERWUJUD,1.5.3.01.01.01.001
13513,Goodwill Lainnya,ASET TIDAK BERWUJUD,1.5.3.01.01.01.002
13514,LISENSI DAN FRENCHISE,ASET TIDAK BERWUJUD,1.5.3.01.01.02.000
13515,Lisensi dan Frenchise,ASET TIDAK BERWUJUD,1.5.3.01.01.02.001
13516,Lisensi Dan Frenchise  Lainnya,ASET TIDAK BERWUJUD,1.5.3.01.01.02.002
13517,HAK CIPTA,ASET TIDAK BERWUJUD,1.5.3.01.01.03.000
13518,Hak Cipta,ASET TIDAK BERWUJUD,1.5.3.01.01.03.001
13519,Hak Cipta Lainnya,ASET TIDAK BERWUJUD,1.5.3.01.01.03.002
13520,HAK PATEN,ASET TIDAK BERWUJUD,1.5.3.01.01.04.000
13521,Hak Paten,ASET TIDAK BERWUJUD,1.5.3.01.01.04.001
13522,Hak Paten Lainnya,ASET TIDAK BERWUJUD,1.5.3.01.01.04.002
13523,SOFTWARE,ASET TIDAK BERWUJUD,1.5.3.01.01.05.000
13524,Software,ASET TIDAK BERWUJUD,1.5.3.01.01.05.001
13525,Software Lainnya,ASET TIDAK BERWUJUD,1.5.3.01.01.05.002
13526,KAJIAN,ASET TIDAK BERWUJUD,1.5.3.01.01.06.000
13527,Kajian,ASET TIDAK BERWUJUD,1.5.3.01.01.06.001
13528,Kajian Lainnya,ASET TIDAK BERWUJUD,1.5.3.01.01.06.002
13529,ASET TIDAK BERWUJUD YANG MEMPUNYAI NILAI SEJARAH/BUDAYA,ASET TIDAK BERWUJUD,1.5.3.01.01.07.000
13530,film,ASET TIDAK BERWUJUD,1.5.3.01.01.07.001
13531,Karya Seni/Budaya,ASET TIDAK BERWUJUD,1.5.3.01.01.07.002
13532,Aset Tidak Berwujud Yang Mempunyai Nilai Sejarah/Budaya Lainnya,ASET TIDAK BERWUJUD,1.5.3.01.01.07.003
13533,ASET TIDAK BERWUJUD DALAM PENGERJAAN,ASET TIDAK BERWUJUD,1.5.3.01.01.08.000
13534,Aset Tidak Berwujud Dalam Pengerjaan,ASET TIDAK BERWUJUD,1.5.3.01.01.08.001
13535,Aset Tidak Berwujud Dalam Pengerjaan Lainnya,ASET TIDAK BERWUJUD,1.5.3.01.01.08.002
13536,ASET TIDAK BERWUJUD LAINNYA,ASET TIDAK BERWUJUD,1.5.3.01.01.09.000
13537,Aset Tidak Berwujud Lainnya,ASET TIDAK BERWUJUD,1.5.3.01.01.09.001
13538,Aset Tidak Berwujud Lainnya Lain,ASET TIDAK BERWUJUD,1.5.3.01.01.09.002
13539,ASET LAIN-LAIN,ASET LAIN-LAIN,1.5.4.00.00.00.000
13540,ASET LAIN-LAIN,ASET LAIN-LAIN,1.5.4.01.00.00.000
13541,ASET LAIN-LAIN,ASET LAIN-LAIN,1.5.4.01.01.00.000
13542,ASET RUSAK BERAT/USANG,ASET LAIN-LAIN,1.5.4.01.01.01.000
13543,Tanah Rusak Berat,ASET LAIN-LAIN,1.5.4.01.01.01.001
13544,Peralatan dan Mesin Rusak Berat,ASET LAIN-LAIN,1.5.4.01.01.01.002
13545,Gedung dan Bangunan Rusak Berat,ASET LAIN-LAIN,1.5.4.01.01.01.003
13546,"Jalan, Irigasi dan Jaringan Rusak Berat",ASET LAIN-LAIN,1.5.4.01.01.01.004
13547,Aset Tetap Lainnya Rusak Berat,ASET LAIN-LAIN,1.5.4.01.01.01.005
13548,ASET TETAP  YANG TIDAK DIGUNAKAN DALAM OPERASIONAL PEMERINTAH,ASET LAIN-LAIN,1.5.4.01.01.02.000
13549,Aset Tetap Tanah Yang Tidak Digunakan Dalam Operasional Pemerintah,ASET LAIN-LAIN,1.5.4.01.01.02.001
13550,Aset Tetap Peralatan dan Mesin yang tidak digunakan dalam Operasional Pemerintah,ASET LAIN-LAIN,1.5.4.01.01.02.002
13551,Aset Tetap Gedung dan Bangunan yang tidak digunakan dalam Operasional Pemerintah,ASET LAIN-LAIN,1.5.4.01.01.02.003
13552,"Aset Tetap Jalan, Irigasi dan Jaringan yang tidak digunakan dalam Operasional Pemerintah",ASET LAIN-LAIN,1.5.4.01.01.02.004
13553,Aset Tetap Lainnya yang tidak digunakan dalam Operasional Pemerintah,ASET LAIN-LAIN,1.5.4.01.01.02.005
13554,ASET LAIN-LAIN LAINYA,ASET LAIN-LAIN,1.5.4.01.01.03.000
13555,Aset Lain-Lain Lainya,ASET LAIN-LAIN,1.5.4.01.01.03.001
13556,AKUMULASI AMORTISASI ASET TIDAK BERWUJUD,AKUMULASI AMORTISASI ASET TIDAK BERWUJUD,1.5.5.00.00.00.000
13557,AKUMULASI AMORTISASI ASET TIDAK BERWUJUD,AKUMULASI AMORTISASI ASET TIDAK BERWUJUD,1.5.5.01.00.00.000
13558,AKUMULASI AMORTISASI ASET TIDAK BERWUJUD,AKUMULASI AMORTISASI ASET TIDAK BERWUJUD,1.5.5.01.01.00.000
13559,AKUMULASI AMORTISASI ASET TIDAK BERWUJUD,AKUMULASI AMORTISASI ASET TIDAK BERWUJUD,1.5.5.01.01.01.000
13560,Akumulasi Amortisasi Goodwill,AKUMULASI AMORTISASI ASET TIDAK BERWUJUD,1.5.5.01.01.01.001
13561,Akumulasi Amortisasi Lisensi dan Frenchise,AKUMULASI AMORTISASI ASET TIDAK BERWUJUD,1.5.5.01.01.01.002
13562,Akumulasi Amortisasi Hak Cipta,AKUMULASI AMORTISASI ASET TIDAK BERWUJUD,1.5.5.01.01.01.003
13563,Akumulasi Amortisasi Hak Paten,AKUMULASI AMORTISASI ASET TIDAK BERWUJUD,1.5.5.01.01.01.004
13564,Akumulasi Amortisasi Software,AKUMULASI AMORTISASI ASET TIDAK BERWUJUD,1.5.5.01.01.01.005
13565,Akumulasi Amortisasi Kajian,AKUMULASI AMORTISASI ASET TIDAK BERWUJUD,1.5.5.01.01.01.006
13566,Akumulasi Amortisasi Yang Mempunyai Nilai Sejarah/Budaya,AKUMULASI AMORTISASI ASET TIDAK BERWUJUD,1.5.5.01.01.01.007
13567,Akumulasi Amortisasi Aset Tak Berwujud Lainnya,AKUMULASI AMORTISASI ASET TIDAK BERWUJUD,1.5.5.01.01.01.008
13568,AKUMULASI PENYUSUTAN ASET LAINNYA,AKUMULASI PENYUSUTAN ASET LAINNYA,1.5.6.00.00.00.000
13569,AKUMULASI PENYUSUTAN ASET LAINNYA,AKUMULASI PENYUSUTAN ASET LAINNYA,1.5.6.01.00.00.000
13570,AKUMULASI PENYUSUTAN ASET LAINNYA,AKUMULASI PENYUSUTAN ASET LAINNYA,1.5.6.01.01.00.000
13571,AKUMULASI PENYUSUTAN KEMITRAAN DENGAN PIHAK KETIGA,AKUMULASI PENYUSUTAN ASET LAINNYA,1.5.6.01.01.01.000
13572,Akumulasi Penyusutan Sewa,AKUMULASI PENYUSUTAN ASET LAINNYA,1.5.6.01.01.01.001
13573,Akumulasi Penyusutan Kerja Sama Pemanfaatan,AKUMULASI PENYUSUTAN ASET LAINNYA,1.5.6.01.01.01.002
13574,Akumulasi Penyusutan Bangun Serah Guna (BSG),AKUMULASI PENYUSUTAN ASET LAINNYA,1.5.6.01.01.01.003
13575,Akumulasi Penyusutan Kerja Sama Penyediaan Infrastruktur,AKUMULASI PENYUSUTAN ASET LAINNYA,1.5.6.01.01.01.004
13576,AKUMULASI PENYUSUTAN ASET LAIN-LAIN,AKUMULASI PENYUSUTAN ASET LAINNYA,1.5.6.01.01.02.000
13577,Akumulasi Penyusutan Aset Rusak Berat/Usang,AKUMULASI PENYUSUTAN ASET LAINNYA,1.5.6.01.01.02.001
13578,Akumulasi Penyusutan Aset Tetap  yang tidak digunakan dalam Operasional Pemerintah.,AKUMULASI PENYUSUTAN ASET LAINNYA,1.5.6.01.01.02.002
13579,Akumulasi Penyusutan Aset Lain-lain Lainnya,AKUMULASI PENYUSUTAN ASET LAINNYA,1.5.6.01.01.02.003
